{
    "example": {
        "summary": "General Device Example", 
        "description": "General Device Example", 
        "value": {
            "resourceType": "Device", 
            "id": "example", 
            "text": {
                "status": "generated", 
                "div": "<div xmlns=\"http://www.w3.org/1999/xhtml\"><p><b>Generated Narrative with Details</b></p><p><b>id</b>: example</p><p><b>identifier</b>: 345675</p></div>"
            }, 
            "identifier": [
                {
                    "system": "http://goodcare.org/devices/id", 
                    "value": "345675"
                }
            ]
        }
    }, 
    "f001": {
        "summary": "Feeding Tube", 
        "description": "Feeding Tube", 
        "externalValue": "https://hl7.org/fhir/R4/device-example-f001-feedingtube.json"
    }
}