{
    "example": {
        "summary": "A general insurance plan example", 
        "description": "A general insurance plan example", 
        "value": {
            "resourceType": "InsurancePlan", 
            "id": "example", 
            "text": {
                "status": "generated", 
                "div": "<div xmlns=\"http://www.w3.org/1999/xhtml\"><p><b>Generated Narrative with Details</b></p><p><b>id</b>: example</p><p><b>name</b>: foo</p></div>"
            }, 
            "name": "foo"
        }
    }
}