{
  "resourceType": "MeasureReport",
  "id": "measurereport-cms146-cat2-example",
  "text": {
    "status": "generated",
    "div": "<div xmlns=\"http://www.w3.org/1999/xhtml\">\n         <table class=\"grid dict\">\n            <tr>\n               <td>\n                  <b>Id: </b>\n               </td>\n            </tr>\n            <tr>\n               <td style=\"padding-left: 25px; padding-right: 25px;\">MeasureReport/measurereport-cms146-cat2-example</td>\n            </tr>\n         </table>\n         <p/>\n         <table class=\"grid dict\">\n            <tr>\n               <td>\n                  <b>Measure: </b>\n               </td>\n            </tr>\n            <tr>\n               <td style=\"padding-right: 25px;\">\n                  <span style=\"padding-left: 25px;\">\n                     <b>reference: </b>\n                     <span>Measure/CMS146</span>\n                     <br/>\n                  </span>\n               </td>\n            </tr>\n         </table>\n         <p/>\n         <table class=\"grid dict\">\n            <tr>\n               <td>\n                  <b>Type: </b>\n               </td>\n            </tr>\n            <tr>\n               <td style=\"padding-left: 25px; padding-right: 25px;\">patient-list</td>\n            </tr>\n         </table>\n         <p/>\n         <table class=\"grid dict\">\n            <tr>\n               <td>\n                  <b>Period: </b>\n               </td>\n            </tr>\n            <tr>\n               <td style=\"padding-left: 25px; padding-right: 25px;\">\n                  <b>start: </b>\n                  <span>Wed Jan 01 00:00:00 MST 2014</span>\n               </td>\n            </tr>\n            <tr>\n               <td style=\"padding-left: 25px; padding-right: 25px;\">\n                  <b>end: </b>\n                  <span>Mon Mar 31 00:00:00 MDT 2014</span>\n               </td>\n            </tr>\n         </table>\n         <p/>\n         <table class=\"grid dict\">\n            <tr>\n               <td>\n                  <b>Status: </b>\n               </td>\n            </tr>\n            <tr>\n               <td style=\"padding-left: 25px; padding-right: 25px;\">complete</td>\n            </tr>\n         </table>\n         <p/>\n         <table class=\"grid dict\">\n            <tr>\n               <td>\n                  <b>Reporting Organization: </b>\n               </td>\n            </tr>\n            <tr>\n               <td style=\"padding-left: 25px; padding-right: 25px;\">\n                  <p style=\"margin-bottom: 5px;\">\n                     <span>\n                        <b>name: </b>\n                        <span>Good Health Hospital</span>\n                     </span>\n                  </p>\n               </td>\n            </tr>\n         </table>\n         <table class=\"grid dict\">\n            <tr>\n               <td>\n                  <b>Group:</b>\n               </td>\n            </tr>\n            <tr>\n               <td style=\"padding-left: 25px;\">\n                  <p style=\"margin-bottom: 5px;\">\n                     <b>value: </b>\n                     <span>CMS146-group-1</span>\n                  </p>\n               </td>\n            </tr>\n            <tr>\n               <td style=\"padding-left: 25px;\">\n                  <b>Population:</b>\n                  <p style=\"padding-left: 25px; margin-bottom: 5px;\">\n                     <b>type: </b>\n                     <span>initial-population</span>\n                  </p>\n                  <p style=\"padding-left: 25px; margin-bottom: 5px;\">\n                     <b>count: </b>\n                     <span>500</span>\n                  </p>\n                  <p style=\"padding-left: 25px; margin-bottom: 5px;\">\n                     <b>subjectResults: </b>\n                     <br/>\n                     <span>\n                        <span style=\"padding-left: 25px;\">\n                           <b>reference: </b>\n                           <span>List/CMS146-initial-population</span>\n                           <br/>\n                        </span>\n                     </span>\n                  </p>\n               </td>\n            </tr>\n            <tr>\n               <td style=\"padding-left: 25px;\">\n                  <b>Population:</b>\n                  <p style=\"padding-left: 25px; margin-bottom: 5px;\">\n                     <b>type: </b>\n                     <span>numerator</span>\n                  </p>\n                  <p style=\"padding-left: 25px; margin-bottom: 5px;\">\n                     <b>count: </b>\n                     <span>200</span>\n                  </p>\n                  <p style=\"padding-left: 25px; margin-bottom: 5px;\">\n                     <b>subjectResults: </b>\n                     <br/>\n                     <span>\n                        <span style=\"padding-left: 25px;\">\n                           <b>reference: </b>\n                           <span>List/CMS146-numerator</span>\n                           <br/>\n                        </span>\n                     </span>\n                  </p>\n               </td>\n            </tr>\n            <tr>\n               <td style=\"padding-left: 25px;\">\n                  <b>Population:</b>\n                  <p style=\"padding-left: 25px; margin-bottom: 5px;\">\n                     <b>type: </b>\n                     <span>denominator</span>\n                  </p>\n                  <p style=\"padding-left: 25px; margin-bottom: 5px;\">\n                     <b>count: </b>\n                     <span>500</span>\n                  </p>\n                  <p style=\"padding-left: 25px; margin-bottom: 5px;\">\n                     <b>subjectResults: </b>\n                     <br/>\n                     <span>\n                        <span style=\"padding-left: 25px;\">\n                           <b>reference: </b>\n                           <span>List/CMS146-denominator</span>\n                           <br/>\n                        </span>\n                     </span>\n                  </p>\n               </td>\n            </tr>\n            <tr>\n               <td style=\"padding-left: 25px;\">\n                  <b>Population:</b>\n                  <p style=\"padding-left: 25px; margin-bottom: 5px;\">\n                     <b>type: </b>\n                     <span>denominator-exclusion</span>\n                  </p>\n                  <p style=\"padding-left: 25px; margin-bottom: 5px;\">\n                     <b>count: </b>\n                     <span>100</span>\n                  </p>\n                  <p style=\"padding-left: 25px; margin-bottom: 5px;\">\n                     <b>subjectResults: </b>\n                     <br/>\n                     <span>\n                        <span style=\"padding-left: 25px;\">\n                           <b>reference: </b>\n                           <span>List/CMS146-denominator-exclusions</span>\n                           <br/>\n                        </span>\n                     </span>\n                  </p>\n               </td>\n            </tr>\n            <tr>\n               <td style=\"padding-left: 25px; padding-right: 25px;\">\n                  <b>Stratifier:</b>\n                  <p style=\"padding-left: 25px; margin-bottom: 5px;\">\n                     <span>\n                        <b>value: </b>\n                        <span>CMS146-group-1</span>\n                     </span>\n                  </p>\n                  <p style=\"padding-left: 25px; margin-bottom: 5px;\">\n                     <b>Group:</b>\n                     <br/>\n                     <span style=\"padding-left: 25px;\">\n                        <b>value: </b>\n                     </span>\n                     <span>true</span>\n                     <br/>\n                     <span>\n                        <span style=\"padding-left: 25px;\">\n                           <b>Population:</b>\n                        </span>\n                        <br/>\n                        <span style=\"padding-left: 50px;\">\n                           <b>type: </b>\n                        </span>\n                        <span>initial-population</span>\n                        <span>\n                           <br/>\n                           <span style=\"padding-left: 50px;\">\n                              <b>count: </b>\n                           </span>\n                           <span>250</span>\n                        </span>\n                        <span>\n                           <br/>\n                           <span style=\"padding-left: 50px;\">\n                              <b>subjectResults: </b>\n                           </span>\n                           <br/>\n                           <span style=\"padding-left: 50px;\">\n                              <span style=\"padding-left: 25px;\">\n                                 <b>reference: </b>\n                                 <span>List/CMS146-stratifier-ages-up-to-9-true-initial-population</span>\n                                 <br/>\n                              </span>\n                           </span>\n                        </span>\n                        <br/>\n                     </span>\n                     <span>\n                        <span style=\"padding-left: 25px;\">\n                           <b>Population:</b>\n                        </span>\n                        <br/>\n                        <span style=\"padding-left: 50px;\">\n                           <b>type: </b>\n                        </span>\n                        <span>numerator</span>\n                        <span>\n                           <br/>\n                           <span style=\"padding-left: 50px;\">\n                              <b>count: </b>\n                           </span>\n                           <span>100</span>\n                        </span>\n                        <span>\n                           <br/>\n                           <span style=\"padding-left: 50px;\">\n                              <b>subjectResults: </b>\n                           </span>\n                           <br/>\n                           <span style=\"padding-left: 50px;\">\n                              <span style=\"padding-left: 25px;\">\n                                 <b>reference: </b>\n                                 <span>List/CMS146-stratifier-ages-up-to-9-true-numerator</span>\n                                 <br/>\n                              </span>\n                           </span>\n                        </span>\n                        <br/>\n                     </span>\n                     <span>\n                        <span style=\"padding-left: 25px;\">\n                           <b>Population:</b>\n                        </span>\n                        <br/>\n                        <span style=\"padding-left: 50px;\">\n                           <b>type: </b>\n                        </span>\n                        <span>denominator</span>\n                        <span>\n                           <br/>\n                           <span style=\"padding-left: 50px;\">\n                              <b>count: </b>\n                           </span>\n                           <span>250</span>\n                        </span>\n                        <span>\n                           <br/>\n                           <span style=\"padding-left: 50px;\">\n                              <b>subjectResults: </b>\n                           </span>\n                           <br/>\n                           <span style=\"padding-left: 50px;\">\n                              <span style=\"padding-left: 25px;\">\n                                 <b>reference: </b>\n                                 <span>List/CMS146-stratifier-ages-up-to-9-true-denominator</span>\n                                 <br/>\n                              </span>\n                           </span>\n                        </span>\n                        <br/>\n                     </span>\n                     <span>\n                        <span style=\"padding-left: 25px;\">\n                           <b>Population:</b>\n                        </span>\n                        <br/>\n                        <span style=\"padding-left: 50px;\">\n                           <b>type: </b>\n                        </span>\n                        <span>denominator-exclusion</span>\n                        <span>\n                           <br/>\n                           <span style=\"padding-left: 50px;\">\n                              <b>count: </b>\n                           </span>\n                           <span>50</span>\n                        </span>\n                        <span>\n                           <br/>\n                           <span style=\"padding-left: 50px;\">\n                              <b>subjectResults: </b>\n                           </span>\n                           <br/>\n                           <span style=\"padding-left: 50px;\">\n                              <span style=\"padding-left: 25px;\">\n                                 <b>reference: </b>\n                                 <span>List/CMS146-stratifier-ages-up-to-9-true-denominator-exclusions</span>\n                                 <br/>\n                              </span>\n                           </span>\n                        </span>\n                        <br/>\n                     </span>\n                  </p>\n                  <p style=\"padding-left: 25px; margin-bottom: 5px;\">\n                     <b>Group:</b>\n                     <br/>\n                     <span style=\"padding-left: 25px;\">\n                        <b>value: </b>\n                     </span>\n                     <span>false</span>\n                     <br/>\n                     <span>\n                        <span style=\"padding-left: 25px;\">\n                           <b>Population:</b>\n                        </span>\n                        <br/>\n                        <span style=\"padding-left: 50px;\">\n                           <b>type: </b>\n                        </span>\n                        <span>initial-population</span>\n                        <span>\n                           <br/>\n                           <span style=\"padding-left: 50px;\">\n                              <b>count: </b>\n                           </span>\n                           <span>250</span>\n                        </span>\n                        <span>\n                           <br/>\n                           <span style=\"padding-left: 50px;\">\n                              <b>subjectResults: </b>\n                           </span>\n                           <br/>\n                           <span style=\"padding-left: 50px;\">\n                              <span style=\"padding-left: 25px;\">\n                                 <b>reference: </b>\n                                 <span>List/CMS146-stratifier-ages-up-to-9-false-initial-population</span>\n                                 <br/>\n                              </span>\n                           </span>\n                        </span>\n                        <br/>\n                     </span>\n                     <span>\n                        <span style=\"padding-left: 25px;\">\n                           <b>Population:</b>\n                        </span>\n                        <br/>\n                        <span style=\"padding-left: 50px;\">\n                           <b>type: </b>\n                        </span>\n                        <span>numerator</span>\n                        <span>\n                           <br/>\n                           <span style=\"padding-left: 50px;\">\n                              <b>count: </b>\n                           </span>\n                           <span>100</span>\n                        </span>\n                        <span>\n                           <br/>\n                           <span style=\"padding-left: 50px;\">\n                              <b>subjectResults: </b>\n                           </span>\n                           <br/>\n                           <span style=\"padding-left: 50px;\">\n                              <span style=\"padding-left: 25px;\">\n                                 <b>reference: </b>\n                                 <span>List/CMS146-stratifier-ages-up-to-9-false-numerator</span>\n                                 <br/>\n                              </span>\n                           </span>\n                        </span>\n                        <br/>\n                     </span>\n                     <span>\n                        <span style=\"padding-left: 25px;\">\n                           <b>Population:</b>\n                        </span>\n                        <br/>\n                        <span style=\"padding-left: 50px;\">\n                           <b>type: </b>\n                        </span>\n                        <span>denominator</span>\n                        <span>\n                           <br/>\n                           <span style=\"padding-left: 50px;\">\n                              <b>count: </b>\n                           </span>\n                           <span>250</span>\n                        </span>\n                        <span>\n                           <br/>\n                           <span style=\"padding-left: 50px;\">\n                              <b>subjectResults: </b>\n                           </span>\n                           <br/>\n                           <span style=\"padding-left: 50px;\">\n                              <span style=\"padding-left: 25px;\">\n                                 <b>reference: </b>\n                                 <span>List/CMS146-stratifier-ages-up-to-9-false-denominator</span>\n                                 <br/>\n                              </span>\n                           </span>\n                        </span>\n                        <br/>\n                     </span>\n                     <span>\n                        <span style=\"padding-left: 25px;\">\n                           <b>Population:</b>\n                        </span>\n                        <br/>\n                        <span style=\"padding-left: 50px;\">\n                           <b>type: </b>\n                        </span>\n                        <span>denominator-exclusion</span>\n                        <span>\n                           <br/>\n                           <span style=\"padding-left: 50px;\">\n                              <b>count: </b>\n                           </span>\n                           <span>50</span>\n                        </span>\n                        <span>\n                           <br/>\n                           <span style=\"padding-left: 50px;\">\n                              <b>subjectResults: </b>\n                           </span>\n                           <br/>\n                           <span style=\"padding-left: 50px;\">\n                              <span style=\"padding-left: 25px;\">\n                                 <b>reference: </b>\n                                 <span>List/CMS146-stratifier-ages-up-to-9-false-denominator-exclusions</span>\n                                 <br/>\n                              </span>\n                           </span>\n                        </span>\n                        <br/>\n                     </span>\n                  </p>\n               </td>\n            </tr>\n            <tr>\n               <td style=\"padding-left: 25px; padding-right: 25px;\">\n                  <b>Stratifier:</b>\n                  <p style=\"padding-left: 25px; margin-bottom: 5px;\">\n                     <span>\n                        <b>value: </b>\n                        <span>CMS146-group-1</span>\n                     </span>\n                  </p>\n                  <p style=\"padding-left: 25px; margin-bottom: 5px;\">\n                     <b>Group:</b>\n                     <br/>\n                     <span style=\"padding-left: 25px;\">\n                        <b>value: </b>\n                     </span>\n                     <span>true</span>\n                     <br/>\n                     <span>\n                        <span style=\"padding-left: 25px;\">\n                           <b>Population:</b>\n                        </span>\n                        <br/>\n                        <span style=\"padding-left: 50px;\">\n                           <b>type: </b>\n                        </span>\n                        <span>initial-population</span>\n                        <span>\n                           <br/>\n                           <span style=\"padding-left: 50px;\">\n                              <b>count: </b>\n                           </span>\n                           <span>250</span>\n                        </span>\n                        <span>\n                           <br/>\n                           <span style=\"padding-left: 50px;\">\n                              <b>subjectResults: </b>\n                           </span>\n                           <br/>\n                           <span style=\"padding-left: 50px;\">\n                              <span style=\"padding-left: 25px;\">\n                                 <b>reference: </b>\n                                 <span>List/CMS146-stratifier-ages-10-plus-true-initial-population</span>\n                                 <br/>\n                              </span>\n                           </span>\n                        </span>\n                        <br/>\n                     </span>\n                     <span>\n                        <span style=\"padding-left: 25px;\">\n                           <b>Population:</b>\n                        </span>\n                        <br/>\n                        <span style=\"padding-left: 50px;\">\n                           <b>type: </b>\n                        </span>\n                        <span>numerator</span>\n                        <span>\n                           <br/>\n                           <span style=\"padding-left: 50px;\">\n                              <b>count: </b>\n                           </span>\n                           <span>100</span>\n                        </span>\n                        <span>\n                           <br/>\n                           <span style=\"padding-left: 50px;\">\n                              <b>subjectResults: </b>\n                           </span>\n                           <br/>\n                           <span style=\"padding-left: 50px;\">\n                              <span style=\"padding-left: 25px;\">\n                                 <b>reference: </b>\n                                 <span>List/CMS146-stratifier-ages-10-plus-true-numerator</span>\n                                 <br/>\n                              </span>\n                           </span>\n                        </span>\n                        <br/>\n                     </span>\n                     <span>\n                        <span style=\"padding-left: 25px;\">\n                           <b>Population:</b>\n                        </span>\n                        <br/>\n                        <span style=\"padding-left: 50px;\">\n                           <b>type: </b>\n                        </span>\n                        <span>denominator</span>\n                        <span>\n                           <br/>\n                           <span style=\"padding-left: 50px;\">\n                              <b>count: </b>\n                           </span>\n                           <span>250</span>\n                        </span>\n                        <span>\n                           <br/>\n                           <span style=\"padding-left: 50px;\">\n                              <b>subjectResults: </b>\n                           </span>\n                           <br/>\n                           <span style=\"padding-left: 50px;\">\n                              <span style=\"padding-left: 25px;\">\n                                 <b>reference: </b>\n                                 <span>List/CMS146-stratifier-ages-10-plus-true-denominator</span>\n                                 <br/>\n                              </span>\n                           </span>\n                        </span>\n                        <br/>\n                     </span>\n                     <span>\n                        <span style=\"padding-left: 25px;\">\n                           <b>Population:</b>\n                        </span>\n                        <br/>\n                        <span style=\"padding-left: 50px;\">\n                           <b>type: </b>\n                        </span>\n                        <span>denominator-exclusion</span>\n                        <span>\n                           <br/>\n                           <span style=\"padding-left: 50px;\">\n                              <b>count: </b>\n                           </span>\n                           <span>50</span>\n                        </span>\n                        <span>\n                           <br/>\n                           <span style=\"padding-left: 50px;\">\n                              <b>subjectResults: </b>\n                           </span>\n                           <br/>\n                           <span style=\"padding-left: 50px;\">\n                              <span style=\"padding-left: 25px;\">\n                                 <b>reference: </b>\n                                 <span>List/CMS146-stratifier-ages-10-plus-true-denominator-exclusions</span>\n                                 <br/>\n                              </span>\n                           </span>\n                        </span>\n                        <br/>\n                     </span>\n                  </p>\n                  <p style=\"padding-left: 25px; margin-bottom: 5px;\">\n                     <b>Group:</b>\n                     <br/>\n                     <span style=\"padding-left: 25px;\">\n                        <b>value: </b>\n                     </span>\n                     <span>false</span>\n                     <br/>\n                     <span>\n                        <span style=\"padding-left: 25px;\">\n                           <b>Population:</b>\n                        </span>\n                        <br/>\n                        <span style=\"padding-left: 50px;\">\n                           <b>type: </b>\n                        </span>\n                        <span>initial-population</span>\n                        <span>\n                           <br/>\n                           <span style=\"padding-left: 50px;\">\n                              <b>count: </b>\n                           </span>\n                           <span>250</span>\n                        </span>\n                        <span>\n                           <br/>\n                           <span style=\"padding-left: 50px;\">\n                              <b>subjectResults: </b>\n                           </span>\n                           <br/>\n                           <span style=\"padding-left: 50px;\">\n                              <span style=\"padding-left: 25px;\">\n                                 <b>reference: </b>\n                                 <span>List/CMS146-stratifier-ages-10-plus-false-initial-population</span>\n                                 <br/>\n                              </span>\n                           </span>\n                        </span>\n                        <br/>\n                     </span>\n                     <span>\n                        <span style=\"padding-left: 25px;\">\n                           <b>Population:</b>\n                        </span>\n                        <br/>\n                        <span style=\"padding-left: 50px;\">\n                           <b>type: </b>\n                        </span>\n                        <span>numerator</span>\n                        <span>\n                           <br/>\n                           <span style=\"padding-left: 50px;\">\n                              <b>count: </b>\n                           </span>\n                           <span>100</span>\n                        </span>\n                        <span>\n                           <br/>\n                           <span style=\"padding-left: 50px;\">\n                              <b>subjectResults: </b>\n                           </span>\n                           <br/>\n                           <span style=\"padding-left: 50px;\">\n                              <span style=\"padding-left: 25px;\">\n                                 <b>reference: </b>\n                                 <span>List/CMS146-stratifier-ages-10-plus-false-numerator</span>\n                                 <br/>\n                              </span>\n                           </span>\n                        </span>\n                        <br/>\n                     </span>\n                     <span>\n                        <span style=\"padding-left: 25px;\">\n                           <b>Population:</b>\n                        </span>\n                        <br/>\n                        <span style=\"padding-left: 50px;\">\n                           <b>type: </b>\n                        </span>\n                        <span>denominator</span>\n                        <span>\n                           <br/>\n                           <span style=\"padding-left: 50px;\">\n                              <b>count: </b>\n                           </span>\n                           <span>250</span>\n                        </span>\n                        <span>\n                           <br/>\n                           <span style=\"padding-left: 50px;\">\n                              <b>subjectResults: </b>\n                           </span>\n                           <br/>\n                           <span style=\"padding-left: 50px;\">\n                              <span style=\"padding-left: 25px;\">\n                                 <b>reference: </b>\n                                 <span>List/CMS146-stratifier-ages-10-plus-false-denominator</span>\n                                 <br/>\n                              </span>\n                           </span>\n                        </span>\n                        <br/>\n                     </span>\n                     <span>\n                        <span style=\"padding-left: 25px;\">\n                           <b>Population:</b>\n                        </span>\n                        <br/>\n                        <span style=\"padding-left: 50px;\">\n                           <b>type: </b>\n                        </span>\n                        <span>denominator-exclusion</span>\n                        <span>\n                           <br/>\n                           <span style=\"padding-left: 50px;\">\n                              <b>count: </b>\n                           </span>\n                           <span>50</span>\n                        </span>\n                        <span>\n                           <br/>\n                           <span style=\"padding-left: 50px;\">\n                              <b>subjectResults: </b>\n                           </span>\n                           <br/>\n                           <span style=\"padding-left: 50px;\">\n                              <span style=\"padding-left: 25px;\">\n                                 <b>reference: </b>\n                                 <span>List/CMS146-stratifier-ages-10-plus-false-denominator-exclusions</span>\n                                 <br/>\n                              </span>\n                           </span>\n                        </span>\n                        <br/>\n                     </span>\n                  </p>\n               </td>\n            </tr>\n            <tr>\n               <td style=\"padding-left: 25px; padding-right: 25px;\">\n                  <b>Stratifier:</b>\n                  <p style=\"padding-left: 25px; margin-bottom: 5px;\">\n                     <span>\n                        <b>value: </b>\n                        <span>CMS146-group-1</span>\n                     </span>\n                  </p>\n                  <p style=\"padding-left: 25px; margin-bottom: 5px;\">\n                     <b>Group:</b>\n                     <br/>\n                     <span style=\"padding-left: 25px;\">\n                        <b>value: </b>\n                     </span>\n                     <span>male</span>\n                     <br/>\n                     <span>\n                        <span style=\"padding-left: 25px;\">\n                           <b>Population:</b>\n                        </span>\n                        <br/>\n                        <span style=\"padding-left: 50px;\">\n                           <b>type: </b>\n                        </span>\n                        <span>initial-population</span>\n                        <span>\n                           <br/>\n                           <span style=\"padding-left: 50px;\">\n                              <b>count: </b>\n                           </span>\n                           <span>250</span>\n                        </span>\n                        <span>\n                           <br/>\n                           <span style=\"padding-left: 50px;\">\n                              <b>subjectResults: </b>\n                           </span>\n                           <br/>\n                           <span style=\"padding-left: 50px;\">\n                              <span style=\"padding-left: 25px;\">\n                                 <b>reference: </b>\n                                 <span>List/CMS146-stratifier-gender-male-initial-population</span>\n                                 <br/>\n                              </span>\n                           </span>\n                        </span>\n                        <br/>\n                     </span>\n                     <span>\n                        <span style=\"padding-left: 25px;\">\n                           <b>Population:</b>\n                        </span>\n                        <br/>\n                        <span style=\"padding-left: 50px;\">\n                           <b>type: </b>\n                        </span>\n                        <span>numerator</span>\n                        <span>\n                           <br/>\n                           <span style=\"padding-left: 50px;\">\n                              <b>count: </b>\n                           </span>\n                           <span>100</span>\n                        </span>\n                        <span>\n                           <br/>\n                           <span style=\"padding-left: 50px;\">\n                              <b>subjectResults: </b>\n                           </span>\n                           <br/>\n                           <span style=\"padding-left: 50px;\">\n                              <span style=\"padding-left: 25px;\">\n                                 <b>reference: </b>\n                                 <span>List/CMS146-stratifier-gender-male-numerator</span>\n                                 <br/>\n                              </span>\n                           </span>\n                        </span>\n                        <br/>\n                     </span>\n                     <span>\n                        <span style=\"padding-left: 25px;\">\n                           <b>Population:</b>\n                        </span>\n                        <br/>\n                        <span style=\"padding-left: 50px;\">\n                           <b>type: </b>\n                        </span>\n                        <span>denominator</span>\n                        <span>\n                           <br/>\n                           <span style=\"padding-left: 50px;\">\n                              <b>count: </b>\n                           </span>\n                           <span>250</span>\n                        </span>\n                        <span>\n                           <br/>\n                           <span style=\"padding-left: 50px;\">\n                              <b>subjectResults: </b>\n                           </span>\n                           <br/>\n                           <span style=\"padding-left: 50px;\">\n                              <span style=\"padding-left: 25px;\">\n                                 <b>reference: </b>\n                                 <span>List/CMS146-stratifier-gender-male-denominator</span>\n                                 <br/>\n                              </span>\n                           </span>\n                        </span>\n                        <br/>\n                     </span>\n                     <span>\n                        <span style=\"padding-left: 25px;\">\n                           <b>Population:</b>\n                        </span>\n                        <br/>\n                        <span style=\"padding-left: 50px;\">\n                           <b>type: </b>\n                        </span>\n                        <span>denominator-exclusion</span>\n                        <span>\n                           <br/>\n                           <span style=\"padding-left: 50px;\">\n                              <b>count: </b>\n                           </span>\n                           <span>50</span>\n                        </span>\n                        <span>\n                           <br/>\n                           <span style=\"padding-left: 50px;\">\n                              <b>subjectResults: </b>\n                           </span>\n                           <br/>\n                           <span style=\"padding-left: 50px;\">\n                              <span style=\"padding-left: 25px;\">\n                                 <b>reference: </b>\n                                 <span>List/CMS146-stratifier-gender-male-denominator-exclusions</span>\n                                 <br/>\n                              </span>\n                           </span>\n                        </span>\n                        <br/>\n                     </span>\n                  </p>\n                  <p style=\"padding-left: 25px; margin-bottom: 5px;\">\n                     <b>Group:</b>\n                     <br/>\n                     <span style=\"padding-left: 25px;\">\n                        <b>value: </b>\n                     </span>\n                     <span>female</span>\n                     <br/>\n                     <span>\n                        <span style=\"padding-left: 25px;\">\n                           <b>Population:</b>\n                        </span>\n                        <br/>\n                        <span style=\"padding-left: 50px;\">\n                           <b>type: </b>\n                        </span>\n                        <span>initial-population</span>\n                        <span>\n                           <br/>\n                           <span style=\"padding-left: 50px;\">\n                              <b>count: </b>\n                           </span>\n                           <span>250</span>\n                        </span>\n                        <span>\n                           <br/>\n                           <span style=\"padding-left: 50px;\">\n                              <b>subjectResults: </b>\n                           </span>\n                           <br/>\n                           <span style=\"padding-left: 50px;\">\n                              <span style=\"padding-left: 25px;\">\n                                 <b>reference: </b>\n                                 <span>List/CMS146-stratifier-gender-female-initial-population</span>\n                                 <br/>\n                              </span>\n                           </span>\n                        </span>\n                        <br/>\n                     </span>\n                     <span>\n                        <span style=\"padding-left: 25px;\">\n                           <b>Population:</b>\n                        </span>\n                        <br/>\n                        <span style=\"padding-left: 50px;\">\n                           <b>type: </b>\n                        </span>\n                        <span>numerator</span>\n                        <span>\n                           <br/>\n                           <span style=\"padding-left: 50px;\">\n                              <b>count: </b>\n                           </span>\n                           <span>100</span>\n                        </span>\n                        <span>\n                           <br/>\n                           <span style=\"padding-left: 50px;\">\n                              <b>subjectResults: </b>\n                           </span>\n                           <br/>\n                           <span style=\"padding-left: 50px;\">\n                              <span style=\"padding-left: 25px;\">\n                                 <b>reference: </b>\n                                 <span>List/CMS146-stratifier-gender-female-numerator</span>\n                                 <br/>\n                              </span>\n                           </span>\n                        </span>\n                        <br/>\n                     </span>\n                     <span>\n                        <span style=\"padding-left: 25px;\">\n                           <b>Population:</b>\n                        </span>\n                        <br/>\n                        <span style=\"padding-left: 50px;\">\n                           <b>type: </b>\n                        </span>\n                        <span>denominator</span>\n                        <span>\n                           <br/>\n                           <span style=\"padding-left: 50px;\">\n                              <b>count: </b>\n                           </span>\n                           <span>250</span>\n                        </span>\n                        <span>\n                           <br/>\n                           <span style=\"padding-left: 50px;\">\n                              <b>subjectResults: </b>\n                           </span>\n                           <br/>\n                           <span style=\"padding-left: 50px;\">\n                              <span style=\"padding-left: 25px;\">\n                                 <b>reference: </b>\n                                 <span>List/CMS146-stratifier-gender-female-denominator</span>\n                                 <br/>\n                              </span>\n                           </span>\n                        </span>\n                        <br/>\n                     </span>\n                     <span>\n                        <span style=\"padding-left: 25px;\">\n                           <b>Population:</b>\n                        </span>\n                        <br/>\n                        <span style=\"padding-left: 50px;\">\n                           <b>type: </b>\n                        </span>\n                        <span>denominator-exclusion</span>\n                        <span>\n                           <br/>\n                           <span style=\"padding-left: 50px;\">\n                              <b>count: </b>\n                           </span>\n                           <span>50</span>\n                        </span>\n                        <span>\n                           <br/>\n                           <span style=\"padding-left: 50px;\">\n                              <b>subjectResults: </b>\n                           </span>\n                           <br/>\n                           <span style=\"padding-left: 50px;\">\n                              <span style=\"padding-left: 25px;\">\n                                 <b>reference: </b>\n                                 <span>List/CMS146-stratifier-gender-female-denominator-exclusions</span>\n                                 <br/>\n                              </span>\n                           </span>\n                        </span>\n                        <br/>\n                     </span>\n                  </p>\n                  <p style=\"padding-left: 25px; margin-bottom: 5px;\">\n                     <b>Group:</b>\n                     <br/>\n                     <span style=\"padding-left: 25px;\">\n                        <b>value: </b>\n                     </span>\n                     <span>other</span>\n                     <br/>\n                     <span>\n                        <span style=\"padding-left: 25px;\">\n                           <b>Population:</b>\n                        </span>\n                        <br/>\n                        <span style=\"padding-left: 50px;\">\n                           <b>type: </b>\n                        </span>\n                        <span>initial-population</span>\n                        <span>\n                           <br/>\n                           <span style=\"padding-left: 50px;\">\n                              <b>count: </b>\n                           </span>\n                           <span>0</span>\n                        </span>\n                        <span>\n                           <br/>\n                           <span style=\"padding-left: 50px;\">\n                              <b>subjectResults: </b>\n                           </span>\n                           <br/>\n                           <span style=\"padding-left: 50px;\">\n                              <span style=\"padding-left: 25px;\">\n                                 <b>reference: </b>\n                                 <span>List/CMS146-stratifier-gender-other-initial-population</span>\n                                 <br/>\n                              </span>\n                           </span>\n                        </span>\n                        <br/>\n                     </span>\n                     <span>\n                        <span style=\"padding-left: 25px;\">\n                           <b>Population:</b>\n                        </span>\n                        <br/>\n                        <span style=\"padding-left: 50px;\">\n                           <b>type: </b>\n                        </span>\n                        <span>numerator</span>\n                        <span>\n                           <br/>\n                           <span style=\"padding-left: 50px;\">\n                              <b>count: </b>\n                           </span>\n                           <span>0</span>\n                        </span>\n                        <span>\n                           <br/>\n                           <span style=\"padding-left: 50px;\">\n                              <b>subjectResults: </b>\n                           </span>\n                           <br/>\n                           <span style=\"padding-left: 50px;\">\n                              <span style=\"padding-left: 25px;\">\n                                 <b>reference: </b>\n                                 <span>List/CMS146-stratifier-gender-other-numerator</span>\n                                 <br/>\n                              </span>\n                           </span>\n                        </span>\n                        <br/>\n                     </span>\n                     <span>\n                        <span style=\"padding-left: 25px;\">\n                           <b>Population:</b>\n                        </span>\n                        <br/>\n                        <span style=\"padding-left: 50px;\">\n                           <b>type: </b>\n                        </span>\n                        <span>denominator</span>\n                        <span>\n                           <br/>\n                           <span style=\"padding-left: 50px;\">\n                              <b>count: </b>\n                           </span>\n                           <span>0</span>\n                        </span>\n                        <span>\n                           <br/>\n                           <span style=\"padding-left: 50px;\">\n                              <b>subjectResults: </b>\n                           </span>\n                           <br/>\n                           <span style=\"padding-left: 50px;\">\n                              <span style=\"padding-left: 25px;\">\n                                 <b>reference: </b>\n                                 <span>List/CMS146-stratifier-gender-other-denominator</span>\n                                 <br/>\n                              </span>\n                           </span>\n                        </span>\n                        <br/>\n                     </span>\n                     <span>\n                        <span style=\"padding-left: 25px;\">\n                           <b>Population:</b>\n                        </span>\n                        <br/>\n                        <span style=\"padding-left: 50px;\">\n                           <b>type: </b>\n                        </span>\n                        <span>denominator-exclusion</span>\n                        <span>\n                           <br/>\n                           <span style=\"padding-left: 50px;\">\n                              <b>count: </b>\n                           </span>\n                           <span>0</span>\n                        </span>\n                        <span>\n                           <br/>\n                           <span style=\"padding-left: 50px;\">\n                              <b>subjectResults: </b>\n                           </span>\n                           <br/>\n                           <span style=\"padding-left: 50px;\">\n                              <span style=\"padding-left: 25px;\">\n                                 <b>reference: </b>\n                                 <span>List/CMS146-stratifier-gender-other-denominator-exclusions</span>\n                                 <br/>\n                              </span>\n                           </span>\n                        </span>\n                        <br/>\n                     </span>\n                  </p>\n                  <p style=\"padding-left: 25px; margin-bottom: 5px;\">\n                     <b>Group:</b>\n                     <br/>\n                     <span style=\"padding-left: 25px;\">\n                        <b>value: </b>\n                     </span>\n                     <span>unknown</span>\n                     <br/>\n                     <span>\n                        <span style=\"padding-left: 25px;\">\n                           <b>Population:</b>\n                        </span>\n                        <br/>\n                        <span style=\"padding-left: 50px;\">\n                           <b>type: </b>\n                        </span>\n                        <span>initial-population</span>\n                        <span>\n                           <br/>\n                           <span style=\"padding-left: 50px;\">\n                              <b>count: </b>\n                           </span>\n                           <span>0</span>\n                        </span>\n                        <span>\n                           <br/>\n                           <span style=\"padding-left: 50px;\">\n                              <b>subjectResults: </b>\n                           </span>\n                           <br/>\n                           <span style=\"padding-left: 50px;\">\n                              <span style=\"padding-left: 25px;\">\n                                 <b>reference: </b>\n                                 <span>List/CMS146-stratifier-gender-unknown-initial-population</span>\n                                 <br/>\n                              </span>\n                           </span>\n                        </span>\n                        <br/>\n                     </span>\n                     <span>\n                        <span style=\"padding-left: 25px;\">\n                           <b>Population:</b>\n                        </span>\n                        <br/>\n                        <span style=\"padding-left: 50px;\">\n                           <b>type: </b>\n                        </span>\n                        <span>numerator</span>\n                        <span>\n                           <br/>\n                           <span style=\"padding-left: 50px;\">\n                              <b>count: </b>\n                           </span>\n                           <span>0</span>\n                        </span>\n                        <span>\n                           <br/>\n                           <span style=\"padding-left: 50px;\">\n                              <b>subjectResults: </b>\n                           </span>\n                           <br/>\n                           <span style=\"padding-left: 50px;\">\n                              <span style=\"padding-left: 25px;\">\n                                 <b>reference: </b>\n                                 <span>List/CMS146-stratifier-gender-unknown-numerator</span>\n                                 <br/>\n                              </span>\n                           </span>\n                        </span>\n                        <br/>\n                     </span>\n                     <span>\n                        <span style=\"padding-left: 25px;\">\n                           <b>Population:</b>\n                        </span>\n                        <br/>\n                        <span style=\"padding-left: 50px;\">\n                           <b>type: </b>\n                        </span>\n                        <span>denominator</span>\n                        <span>\n                           <br/>\n                           <span style=\"padding-left: 50px;\">\n                              <b>count: </b>\n                           </span>\n                           <span>0</span>\n                        </span>\n                        <span>\n                           <br/>\n                           <span style=\"padding-left: 50px;\">\n                              <b>subjectResults: </b>\n                           </span>\n                           <br/>\n                           <span style=\"padding-left: 50px;\">\n                              <span style=\"padding-left: 25px;\">\n                                 <b>reference: </b>\n                                 <span>List/CMS146-stratifier-gender-unknown-denominator</span>\n                                 <br/>\n                              </span>\n                           </span>\n                        </span>\n                        <br/>\n                     </span>\n                     <span>\n                        <span style=\"padding-left: 25px;\">\n                           <b>Population:</b>\n                        </span>\n                        <br/>\n                        <span style=\"padding-left: 50px;\">\n                           <b>type: </b>\n                        </span>\n                        <span>denominator-exclusion</span>\n                        <span>\n                           <br/>\n                           <span style=\"padding-left: 50px;\">\n                              <b>count: </b>\n                           </span>\n                           <span>0</span>\n                        </span>\n                        <span>\n                           <br/>\n                           <span style=\"padding-left: 50px;\">\n                              <b>subjectResults: </b>\n                           </span>\n                           <br/>\n                           <span style=\"padding-left: 50px;\">\n                              <span style=\"padding-left: 25px;\">\n                                 <b>reference: </b>\n                                 <span>List/CMS146-stratifier-gender-unknown-denominator-exclusions</span>\n                                 <br/>\n                              </span>\n                           </span>\n                        </span>\n                        <br/>\n                     </span>\n                  </p>\n               </td>\n            </tr>\n            <tr>\n               <td style=\"padding-left: 25px; padding-right: 25px;\">\n                  <b>Supplemental:</b>\n                  <p style=\"padding-left: 25px; margin-bottom: 5px;\">\n                     <span>\n                        <b>value: </b>\n                        <span>supplemental-data-gender</span>\n                     </span>\n                  </p>\n                  <p style=\"padding-left: 25px; margin-bottom: 5px;\">\n                     <b>Group:</b>\n                     <br/>\n                     <span style=\"padding-left: 25px;\">\n                        <b>value: </b>\n                     </span>\n                     <span>male</span>\n                     <span>\n                        <br/>\n                        <span style=\"padding-left: 25px;\">\n                           <b>count: </b>\n                        </span>\n                        <span>250</span>\n                     </span>\n                     <span>\n                        <br/>\n                        <span style=\"padding-left: 25px;\">\n                           <b>subjectResults: </b>\n                        </span>\n                        <br/>\n                        <span style=\"padding-left: 25px;\">\n                           <span style=\"padding-left: 25px;\">\n                              <b>reference: </b>\n                              <span>List/CMS146-supplemental-data-gender-male</span>\n                              <br/>\n                           </span>\n                        </span>\n                     </span>\n                  </p>\n                  <p style=\"padding-left: 25px; margin-bottom: 5px;\">\n                     <b>Group:</b>\n                     <br/>\n                     <span style=\"padding-left: 25px;\">\n                        <b>value: </b>\n                     </span>\n                     <span>female</span>\n                     <span>\n                        <br/>\n                        <span style=\"padding-left: 25px;\">\n                           <b>count: </b>\n                        </span>\n                        <span>250</span>\n                     </span>\n                     <span>\n                        <br/>\n                        <span style=\"padding-left: 25px;\">\n                           <b>subjectResults: </b>\n                        </span>\n                        <br/>\n                        <span style=\"padding-left: 25px;\">\n                           <span style=\"padding-left: 25px;\">\n                              <b>reference: </b>\n                              <span>List/CMS146-supplemental-data-gender-female</span>\n                              <br/>\n                           </span>\n                        </span>\n                     </span>\n                  </p>\n                  <p style=\"padding-left: 25px; margin-bottom: 5px;\">\n                     <b>Group:</b>\n                     <br/>\n                     <span style=\"padding-left: 25px;\">\n                        <b>value: </b>\n                     </span>\n                     <span>other</span>\n                     <span>\n                        <br/>\n                        <span style=\"padding-left: 25px;\">\n                           <b>count: </b>\n                        </span>\n                        <span>0</span>\n                     </span>\n                     <span>\n                        <br/>\n                        <span style=\"padding-left: 25px;\">\n                           <b>subjectResults: </b>\n                        </span>\n                        <br/>\n                        <span style=\"padding-left: 25px;\">\n                           <span style=\"padding-left: 25px;\">\n                              <b>reference: </b>\n                              <span>List/CMS146-supplemental-data-gender-other</span>\n                              <br/>\n                           </span>\n                        </span>\n                     </span>\n                  </p>\n                  <p style=\"padding-left: 25px; margin-bottom: 5px;\">\n                     <b>Group:</b>\n                     <br/>\n                     <span style=\"padding-left: 25px;\">\n                        <b>value: </b>\n                     </span>\n                     <span>unknown</span>\n                     <span>\n                        <br/>\n                        <span style=\"padding-left: 25px;\">\n                           <b>count: </b>\n                        </span>\n                        <span>0</span>\n                     </span>\n                     <span>\n                        <br/>\n                        <span style=\"padding-left: 25px;\">\n                           <b>subjectResults: </b>\n                        </span>\n                        <br/>\n                        <span style=\"padding-left: 25px;\">\n                           <span style=\"padding-left: 25px;\">\n                              <b>reference: </b>\n                              <span>List/CMS146-supplemental-data-gender-unknown</span>\n                              <br/>\n                           </span>\n                        </span>\n                     </span>\n                  </p>\n               </td>\n            </tr>\n            <tr>\n               <td style=\"padding-left: 25px; padding-right: 25px;\">\n                  <b>Supplemental:</b>\n                  <p style=\"padding-left: 25px; margin-bottom: 5px;\">\n                     <span>\n                        <b>value: </b>\n                        <span>supplemental-data-deceased</span>\n                     </span>\n                  </p>\n                  <p style=\"padding-left: 25px; margin-bottom: 5px;\">\n                     <b>Group:</b>\n                     <br/>\n                     <span style=\"padding-left: 25px;\">\n                        <b>value: </b>\n                     </span>\n                     <span>true</span>\n                     <span>\n                        <br/>\n                        <span style=\"padding-left: 25px;\">\n                           <b>count: </b>\n                        </span>\n                        <span>0</span>\n                     </span>\n                     <span>\n                        <br/>\n                        <span style=\"padding-left: 25px;\">\n                           <b>subjectResults: </b>\n                        </span>\n                        <br/>\n                        <span style=\"padding-left: 25px;\">\n                           <span style=\"padding-left: 25px;\">\n                              <b>reference: </b>\n                              <span>List/CMS146-supplemental-data-deceased-true</span>\n                              <br/>\n                           </span>\n                        </span>\n                     </span>\n                  </p>\n                  <p style=\"padding-left: 25px; margin-bottom: 5px;\">\n                     <b>Group:</b>\n                     <br/>\n                     <span style=\"padding-left: 25px;\">\n                        <b>value: </b>\n                     </span>\n                     <span>false</span>\n                     <span>\n                        <br/>\n                        <span style=\"padding-left: 25px;\">\n                           <b>count: </b>\n                        </span>\n                        <span>500</span>\n                     </span>\n                     <span>\n                        <br/>\n                        <span style=\"padding-left: 25px;\">\n                           <b>subjectResults: </b>\n                        </span>\n                        <br/>\n                        <span style=\"padding-left: 25px;\">\n                           <span style=\"padding-left: 25px;\">\n                              <b>reference: </b>\n                              <span>List/CMS146-supplemental-data-deceased-false</span>\n                              <br/>\n                           </span>\n                        </span>\n                     </span>\n                  </p>\n               </td>\n            </tr>\n         </table>\n      </div>"
  },
  "contained": [
    {
      "resourceType": "Organization",
      "id": "reporter",
      "name": "Good Health Hospital"
    }
  ],
  "identifier": [
    {
      "value": "measurereport-cms146-cat2-example-2017-03-13"
    }
  ],
  "status": "complete",
  "type": "subject-list",
  "measure": "Measure/CMS146",
  "date": "2014-04-01",
  "reporter": {
    "reference": "#reporter"
  },
  "period": {
    "start": "2014-01-01",
    "end": "2014-03-31"
  },
  "group": [
    {
      "id": "CMS146-group-1",
      "population": [
        {
          "code": {
            "coding": [
              {
                "code": "initial-population"
              }
            ]
          },
          "count": 500,
          "subjectResults": {
            "reference": "List/CMS146-initial-population"
          }
        },
        {
          "code": {
            "coding": [
              {
                "code": "numerator"
              }
            ]
          },
          "count": 200,
          "subjectResults": {
            "reference": "List/CMS146-numerator"
          }
        },
        {
          "code": {
            "coding": [
              {
                "code": "denominator"
              }
            ]
          },
          "count": 500,
          "subjectResults": {
            "reference": "List/CMS146-denominator"
          }
        },
        {
          "code": {
            "coding": [
              {
                "code": "denominator-exclusion"
              }
            ]
          },
          "count": 100,
          "subjectResults": {
            "reference": "List/CMS146-denominator-exclusions"
          }
        }
      ],
      "stratifier": [
        {
          "code": [
            {
              "text": "stratifier-ages-up-to-9"
            }
          ],
          "stratum": [
            {
              "value": {
                "text": "true"
              },
              "population": [
                {
                  "code": {
                    "coding": [
                      {
                        "code": "initial-population"
                      }
                    ]
                  },
                  "count": 250,
                  "subjectResults": {
                    "reference": "List/CMS146-stratifier-ages-up-to-9-true-initial-population"
                  }
                },
                {
                  "code": {
                    "coding": [
                      {
                        "code": "numerator"
                      }
                    ]
                  },
                  "count": 100,
                  "subjectResults": {
                    "reference": "List/CMS146-stratifier-ages-up-to-9-true-numerator"
                  }
                },
                {
                  "code": {
                    "coding": [
                      {
                        "code": "denominator"
                      }
                    ]
                  },
                  "count": 250,
                  "subjectResults": {
                    "reference": "List/CMS146-stratifier-ages-up-to-9-true-denominator"
                  }
                },
                {
                  "code": {
                    "coding": [
                      {
                        "code": "denominator-exclusion"
                      }
                    ]
                  },
                  "count": 50,
                  "subjectResults": {
                    "reference": "List/CMS146-stratifier-ages-up-to-9-true-denominator-exclusions"
                  }
                }
              ]
            },
            {
              "value": {
                "text": "false"
              },
              "population": [
                {
                  "code": {
                    "coding": [
                      {
                        "code": "initial-population"
                      }
                    ]
                  },
                  "count": 250,
                  "subjectResults": {
                    "reference": "List/CMS146-stratifier-ages-up-to-9-false-initial-population"
                  }
                },
                {
                  "code": {
                    "coding": [
                      {
                        "code": "numerator"
                      }
                    ]
                  },
                  "count": 100,
                  "subjectResults": {
                    "reference": "List/CMS146-stratifier-ages-up-to-9-false-numerator"
                  }
                },
                {
                  "code": {
                    "coding": [
                      {
                        "code": "denominator"
                      }
                    ]
                  },
                  "count": 250,
                  "subjectResults": {
                    "reference": "List/CMS146-stratifier-ages-up-to-9-false-denominator"
                  }
                },
                {
                  "code": {
                    "coding": [
                      {
                        "code": "denominator-exclusion"
                      }
                    ]
                  },
                  "count": 50,
                  "subjectResults": {
                    "reference": "List/CMS146-stratifier-ages-up-to-9-false-denominator-exclusions"
                  }
                }
              ]
            }
          ]
        },
        {
          "code": [
            {
              "text": "stratifier-ages-10-plus"
            }
          ],
          "stratum": [
            {
              "value": {
                "text": "true"
              },
              "population": [
                {
                  "code": {
                    "coding": [
                      {
                        "code": "initial-population"
                      }
                    ]
                  },
                  "count": 250,
                  "subjectResults": {
                    "reference": "List/CMS146-stratifier-ages-10-plus-true-initial-population"
                  }
                },
                {
                  "code": {
                    "coding": [
                      {
                        "code": "numerator"
                      }
                    ]
                  },
                  "count": 100,
                  "subjectResults": {
                    "reference": "List/CMS146-stratifier-ages-10-plus-true-numerator"
                  }
                },
                {
                  "code": {
                    "coding": [
                      {
                        "code": "denominator"
                      }
                    ]
                  },
                  "count": 250,
                  "subjectResults": {
                    "reference": "List/CMS146-stratifier-ages-10-plus-true-denominator"
                  }
                },
                {
                  "code": {
                    "coding": [
                      {
                        "code": "denominator-exclusion"
                      }
                    ]
                  },
                  "count": 50,
                  "subjectResults": {
                    "reference": "List/CMS146-stratifier-ages-10-plus-true-denominator-exclusions"
                  }
                }
              ]
            },
            {
              "value": {
                "text": "false"
              },
              "population": [
                {
                  "code": {
                    "coding": [
                      {
                        "code": "initial-population"
                      }
                    ]
                  },
                  "count": 250,
                  "subjectResults": {
                    "reference": "List/CMS146-stratifier-ages-10-plus-false-initial-population"
                  }
                },
                {
                  "code": {
                    "coding": [
                      {
                        "code": "numerator"
                      }
                    ]
                  },
                  "count": 100,
                  "subjectResults": {
                    "reference": "List/CMS146-stratifier-ages-10-plus-false-numerator"
                  }
                },
                {
                  "code": {
                    "coding": [
                      {
                        "code": "denominator"
                      }
                    ]
                  },
                  "count": 250,
                  "subjectResults": {
                    "reference": "List/CMS146-stratifier-ages-10-plus-false-denominator"
                  }
                },
                {
                  "code": {
                    "coding": [
                      {
                        "code": "denominator-exclusion"
                      }
                    ]
                  },
                  "count": 50,
                  "subjectResults": {
                    "reference": "List/CMS146-stratifier-ages-10-plus-false-denominator-exclusions"
                  }
                }
              ]
            }
          ]
        },
        {
          "code": [
            {
              "text": "stratifier-gender"
            }
          ],
          "stratum": [
            {
              "value": {
                "text": "male"
              },
              "population": [
                {
                  "code": {
                    "coding": [
                      {
                        "code": "initial-population"
                      }
                    ]
                  },
                  "count": 250,
                  "subjectResults": {
                    "reference": "List/CMS146-stratifier-gender-male-initial-population"
                  }
                },
                {
                  "code": {
                    "coding": [
                      {
                        "code": "numerator"
                      }
                    ]
                  },
                  "count": 100,
                  "subjectResults": {
                    "reference": "List/CMS146-stratifier-gender-male-numerator"
                  }
                },
                {
                  "code": {
                    "coding": [
                      {
                        "code": "denominator"
                      }
                    ]
                  },
                  "count": 250,
                  "subjectResults": {
                    "reference": "List/CMS146-stratifier-gender-male-denominator"
                  }
                },
                {
                  "code": {
                    "coding": [
                      {
                        "code": "denominator-exclusion"
                      }
                    ]
                  },
                  "count": 50,
                  "subjectResults": {
                    "reference": "List/CMS146-stratifier-gender-male-denominator-exclusions"
                  }
                }
              ]
            },
            {
              "value": {
                "text": "female"
              },
              "population": [
                {
                  "code": {
                    "coding": [
                      {
                        "code": "initial-population"
                      }
                    ]
                  },
                  "count": 250,
                  "subjectResults": {
                    "reference": "List/CMS146-stratifier-gender-female-initial-population"
                  }
                },
                {
                  "code": {
                    "coding": [
                      {
                        "code": "numerator"
                      }
                    ]
                  },
                  "count": 100,
                  "subjectResults": {
                    "reference": "List/CMS146-stratifier-gender-female-numerator"
                  }
                },
                {
                  "code": {
                    "coding": [
                      {
                        "code": "denominator"
                      }
                    ]
                  },
                  "count": 250,
                  "subjectResults": {
                    "reference": "List/CMS146-stratifier-gender-female-denominator"
                  }
                },
                {
                  "code": {
                    "coding": [
                      {
                        "code": "denominator-exclusion"
                      }
                    ]
                  },
                  "count": 50,
                  "subjectResults": {
                    "reference": "List/CMS146-stratifier-gender-female-denominator-exclusions"
                  }
                }
              ]
            },
            {
              "value": {
                "text": "other"
              },
              "population": [
                {
                  "code": {
                    "coding": [
                      {
                        "code": "initial-population"
                      }
                    ]
                  },
                  "count": 0,
                  "subjectResults": {
                    "reference": "List/CMS146-stratifier-gender-other-initial-population"
                  }
                },
                {
                  "code": {
                    "coding": [
                      {
                        "code": "numerator"
                      }
                    ]
                  },
                  "count": 0,
                  "subjectResults": {
                    "reference": "List/CMS146-stratifier-gender-other-numerator"
                  }
                },
                {
                  "code": {
                    "coding": [
                      {
                        "code": "denominator"
                      }
                    ]
                  },
                  "count": 0,
                  "subjectResults": {
                    "reference": "List/CMS146-stratifier-gender-other-denominator"
                  }
                },
                {
                  "code": {
                    "coding": [
                      {
                        "code": "denominator-exclusion"
                      }
                    ]
                  },
                  "count": 0,
                  "subjectResults": {
                    "reference": "List/CMS146-stratifier-gender-other-denominator-exclusions"
                  }
                }
              ]
            },
            {
              "value": {
                "text": "unknown"
              },
              "population": [
                {
                  "code": {
                    "coding": [
                      {
                        "code": "initial-population"
                      }
                    ]
                  },
                  "count": 0,
                  "subjectResults": {
                    "reference": "List/CMS146-stratifier-gender-unknown-initial-population"
                  }
                },
                {
                  "code": {
                    "coding": [
                      {
                        "code": "numerator"
                      }
                    ]
                  },
                  "count": 0,
                  "subjectResults": {
                    "reference": "List/CMS146-stratifier-gender-unknown-numerator"
                  }
                },
                {
                  "code": {
                    "coding": [
                      {
                        "code": "denominator"
                      }
                    ]
                  },
                  "count": 0,
                  "subjectResults": {
                    "reference": "List/CMS146-stratifier-gender-unknown-denominator"
                  }
                },
                {
                  "code": {
                    "coding": [
                      {
                        "code": "denominator-exclusions"
                      }
                    ]
                  },
                  "count": 0,
                  "subjectResults": {
                    "reference": "List/CMS146-stratifier-gender-unknown-denominator-exclusions"
                  }
                }
              ]
            }
          ]
        }
      ]
    }
  ]
}