{
    "measure-exclusive-breastfeeding": {
        "summary": "Exclusive Breastfeeding Measure", 
        "description": "Exclusive Breastfeeding Measure", 
        "externalValue": "https://hl7.org/fhir/R4/measure-exclusive-breastfeeding.json"
    }, 
    "measure-cms146-example": {
        "summary": "Appropriate Testing for Children with Pharyngitis", 
        "description": "Appropriate Testing for Children with Pharyngitis", 
        "externalValue": "https://hl7.org/fhir/R4/measure-cms146-example.json"
    }, 
    "component-a-example": {
        "summary": "Screening for Alcohol Misuse - Component A of a Composite Measure", 
        "description": "Screening for Alcohol Misuse - Component A of a Composite Measure", 
        "externalValue": "https://hl7.org/fhir/R4/measure-component-a-example.json"
    }, 
    "component-b-example": {
        "summary": "Screening for Depression - Component B of a Composite Measure Example", 
        "description": "Screening for Depression - Component B of a Composite Measure Example", 
        "externalValue": "https://hl7.org/fhir/R4/measure-component-b-example.json"
    }, 
    "composite-example": {
        "summary": "Behavioral Health Assessment - Composite Measure Example", 
        "description": "Behavioral Health Assessment - Composite Measure Example", 
        "externalValue": "https://hl7.org/fhir/R4/measure-composite-example.json"
    }, 
    "measure-predecessor-example": {
        "summary": "Predecessor example - Exclusive Breastfeeding", 
        "description": "Predecessor example - Exclusive Breastfeeding", 
        "externalValue": "https://hl7.org/fhir/R4/measure-predecessor-example.json"
    }, 
    "example": {
        "summary": "Example of Measure to define public health reporting data elements", 
        "description": "Example of Measure to define public health reporting data elements", 
        "value": {
            "resourceType": "Measure", 
            "id": "hiv-indicators", 
            "text": {
                "status": "generated", 
                "div": "<div xmlns=\"http://www.w3.org/1999/xhtml\"><p><b>Generated Narrative with Details</b></p><p><b>id</b>: hiv-indicators</p><p><b>url</b>: <b>http://ohie.org/Measure/hiv-indicators</b></p><p><b>identifier</b>: hiv-indicators</p><p><b>version</b>: 0.0.0</p><p><b>name</b>: HIV</p><p><b>title</b>: HIV Indicators</p><p><b>status</b>: draft</p><p><b>experimental</b>: true</p><p><b>date</b>: 08/03/2018</p><p><b>publisher</b>: Open HIE</p><p><b>description</b>: This ADX-HIV measure defines a common set of HIV core indicators with data elements and associated stratifiers along with instructions regarding how to leverage these to generate and exchange conformant XML messages. Interoperable message exchange will be valuable to jurisdictions such as Ministries of Health, and WHO, and to health initiatives such as the U.S. President\u2019s Emergency Plan for AIDS Relief (PEPFAR), the Global Fund, UNAIDS, and others.</p><p><b>relatedArtifact</b>: </p><p><b>library</b>: <a>http://ohie.org/Library/hiv-indicators</a></p><p><b>scoring</b>: cohort <span>(Details : {[not stated] code 'cohort' = 'cohort)</span></p><blockquote><p><b>group</b></p><p><b>code</b>: QRPH_ADX_ART1_N <span>(Details : {http://ihe.net/qrph/adx/ code 'QRPH_ADX_ART1_N' = 'QRPH_ADX_ART1_N)</span></p><p><b>description</b>: Number of adults and children newly enrolled on antiretroviral therapy (ART) in the reporting period</p><h3>Populations</h3><table><tr><td>-</td><td><b>Code</b></td><td><b>Criteria</b></td></tr><tr><td>*</td><td>cohort <span>(Details )</span></td><td/></tr></table><h3>Stratifiers</h3><table><tr><td>-</td><td><b>Code</b></td><td><b>Criteria</b></td></tr><tr><td>*</td><td>AGE_GROUP:SEX <span>(Details : {http://ihe.net/qrph/adx/ code 'AGE_GROUP:SEX' = 'AGE_GROUP:SEX)</span></td><td/></tr></table></blockquote><blockquote><p><b>group</b></p><p><b>code</b>: QRPH_ADX_ART1_N_PREG_BF <span>(Details : {http://ihe.net/qrph/adx/ code 'QRPH_ADX_ART1_N_PREG_BF' = 'QRPH_ADX_ART1_N_PREG_BF)</span></p><p><b>description</b>: Number of adults and children newly enrolled on ART in the reporting period_pregnant and breastfeeding</p><h3>Populations</h3><table><tr><td>-</td><td><b>Code</b></td><td><b>Criteria</b></td></tr><tr><td>*</td><td>cohort <span>(Details )</span></td><td/></tr></table><h3>Stratifiers</h3><table><tr><td>-</td><td><b>Code</b></td><td><b>Criteria</b></td></tr><tr><td>*</td><td>PREG_BF <span>(Details : {http://ihe.net/qrph/adx/ code 'PREG_BF' = 'PREG_BF)</span></td><td/></tr></table></blockquote><blockquote><p><b>group</b></p><p><b>code</b>: QRPH_ADX_ART3_N <span>(Details : {http://ihe.net/qrph/adx/ code 'QRPH_ADX_ART3_N' = 'QRPH_ADX_ART3_N)</span></p><p><b>description</b>: Number of adults and children currently receiving antiretroviral therapy (ART)</p><h3>Populations</h3><table><tr><td>-</td><td><b>Code</b></td><td><b>Criteria</b></td></tr><tr><td>*</td><td>cohort <span>(Details )</span></td><td/></tr></table></blockquote><blockquote><p><b>group</b></p><p><b>code</b>: QRPH_ADX_ART5_N <span>(Details : {http://ihe.net/qrph/adx/ code 'QRPH_ADX_ART5_N' = 'QRPH_ADX_ART5_N)</span></p><p><b>description</b>: Number of adults and children who are still on treatment at 12 months after initiating ART</p><h3>Populations</h3><table><tr><td>-</td><td><b>Code</b></td><td><b>Criteria</b></td></tr><tr><td>*</td><td>cohort <span>(Details )</span></td><td/></tr></table><blockquote><p><b>stratifier</b></p><blockquote><p><b>component</b></p><p><b>code</b>: AGE_GROUP <span>(Details : {http://ihe.net/qrph/adx/ code 'AGE_GROUP' = 'AGE_GROUP)</span></p><p><b>criteria</b>: </p></blockquote><blockquote><p><b>component</b></p><p><b>code</b>: SEX <span>(Details : {http://ihe.net/qrph/adx/ code 'SEX' = 'SEX)</span></p><p><b>criteria</b>: </p></blockquote></blockquote></blockquote><blockquote><p><b>group</b></p><p><b>code</b>: QRPH_ADX_ART5_N_PREG_BF <span>(Details : {http://ihe.net/qrph/adx/ code 'QRPH_ADX_ART5_N_PREG_BF' = 'QRPH_ADX_ART5_N_PREG_BF)</span></p><p><b>description</b>: Number of adults and children who are still on treatment at 12 months after initiating ART-pregnant and breastfeeding</p><h3>Populations</h3><table><tr><td>-</td><td><b>Code</b></td><td><b>Criteria</b></td></tr><tr><td>*</td><td>cohort <span>(Details )</span></td><td/></tr></table><h3>Stratifiers</h3><table><tr><td>-</td><td><b>Code</b></td><td><b>Criteria</b></td></tr><tr><td>*</td><td>PREG_BF <span>(Details : {http://ihe.net/qrph/adx/ code 'PREG_BF' = 'PREG_BF)</span></td><td/></tr></table></blockquote><blockquote><p><b>group</b></p><p><b>code</b>: QRPH_ADX_ART5_D <span>(Details : {http://ihe.net/qrph/adx/ code 'QRPH_ADX_ART5_D' = 'QRPH_ADX_ART5_D)</span></p><p><b>description</b>: Number of adults and children who initiated ART in the 12 months prior to the beginning of the reporting period</p><h3>Populations</h3><table><tr><td>-</td><td><b>Code</b></td><td><b>Criteria</b></td></tr><tr><td>*</td><td>cohort <span>(Details )</span></td><td/></tr></table><h3>Stratifiers</h3><table><tr><td>-</td><td><b>Code</b></td><td><b>Criteria</b></td></tr><tr><td>*</td><td>AGE_GROUP:SEX <span>(Details : {http://ihe.net/qrph/adx/ code 'AGE_GROUP:SEX' = 'AGE_GROUP:SEX)</span></td><td/></tr></table></blockquote><blockquote><p><b>group</b></p><p><b>code</b>: QRPH_ADX_MTCT1_D <span>(Details : {http://ihe.net/qrph/adx/ code 'QRPH_ADX_MTCT1_D' = 'QRPH_ADX_MTCT1_D)</span></p><p><b>description</b>: Number of pregnant women who attended ANC or had a facility-based delivery in the reporting period</p><h3>Populations</h3><table><tr><td>-</td><td><b>Code</b></td><td><b>Criteria</b></td></tr><tr><td>*</td><td>cohort <span>(Details )</span></td><td/></tr></table><h3>Stratifiers</h3><table><tr><td>-</td><td><b>Code</b></td><td><b>Criteria</b></td></tr><tr><td>*</td><td>PMTCT_HIV_STATUS <span>(Details : {http://ihe.net/qrph/adx/ code 'PMTCT_HIV_STATUS' = 'PMTCT_HIV_STATUS)</span></td><td/></tr></table></blockquote><blockquote><p><b>group</b></p><p><b>code</b>: QRPH_ADX_MTCT2_D <span>(Details : {http://ihe.net/qrph/adx/ code 'QRPH_ADX_MTCT2_D' = 'QRPH_ADX_MTCT2_D)</span></p><p><b>description</b>: Number of HIV positive pregnant women who attended ANC or had a facility-based delivery within the reporting period</p><h3>Populations</h3><table><tr><td>-</td><td><b>Code</b></td><td><b>Criteria</b></td></tr><tr><td>*</td><td>cohort <span>(Details )</span></td><td/></tr></table></blockquote><blockquote><p><b>group</b></p><p><b>code</b>: QRPH_ADX_MTCT2_N <span>(Details : {http://ihe.net/qrph/adx/ code 'QRPH_ADX_MTCT2_N' = 'QRPH_ADX_MTCT2_N)</span></p><p><b>description</b>: Number of HIV-positive pregnant women who received ART to reduce the risk of mother-to-child-transmission during pregnancy</p><h3>Populations</h3><table><tr><td>-</td><td><b>Code</b></td><td><b>Criteria</b></td></tr><tr><td>*</td><td>cohort <span>(Details )</span></td><td/></tr></table><h3>Stratifiers</h3><table><tr><td>-</td><td><b>Code</b></td><td><b>Criteria</b></td></tr><tr><td>*</td><td>PMTCT_ART_STATUS <span>(Details : {http://ihe.net/qrph/adx/ code 'PMTCT_ART_STATUS' = 'PMTCT_ART_STATUS)</span></td><td/></tr></table></blockquote><blockquote><p><b>group</b></p><p><b>code</b>: QRPH_ADX_VLS3_N <span>(Details : {http://ihe.net/qrph/adx/ code 'QRPH_ADX_VLS3_N' = 'QRPH_ADX_VLS3_N)</span></p><p><b>description</b>: Number of people living with HIV and on ART who have a suppressed viral load results (&lt;1000 copies/mL)</p><h3>Populations</h3><table><tr><td>-</td><td><b>Code</b></td><td><b>Criteria</b></td></tr><tr><td>*</td><td>cohort <span>(Details )</span></td><td/></tr></table><h3>Stratifiers</h3><table><tr><td>-</td><td><b>Code</b></td><td><b>Criteria</b></td></tr><tr><td>*</td><td>AGE_GROUP:SEX <span>(Details : {http://ihe.net/qrph/adx/ code 'AGE_GROUP:SEX' = 'AGE_GROUP:SEX)</span></td><td/></tr></table></blockquote><blockquote><p><b>group</b></p><p><b>code</b>: QRPH_ADX_HTS2_N <span>(Details : {http://ihe.net/qrph/adx/ code 'QRPH_ADX_HTS2_N' = 'QRPH_ADX_HTS2_N)</span></p><p><b>description</b>: Number of individuals who received HIV Testing Services (HTS) and received their test results</p><h3>Populations</h3><table><tr><td>-</td><td><b>Code</b></td><td><b>Criteria</b></td></tr><tr><td>*</td><td>cohort <span>(Details )</span></td><td/></tr></table><h3>Stratifiers</h3><table><tr><td>-</td><td><b>Code</b></td><td><b>Criteria</b></td></tr><tr><td>*</td><td>AGE_GROUP:SEX:HIV_TEST_RESULTS <span>(Details : {http://ihe.net/qrph/adx/ code 'AGE_GROUP:SEX:HIV_TEST_RESULTS' = 'AGE_GROUP:SEX:HIV_TEST_RESULTS)</span></td><td/></tr></table></blockquote><blockquote><p><b>group</b></p><p><b>code</b>: QRPH_ADX_MTCT1_N <span>(Details : {http://ihe.net/qrph/adx/ code 'QRPH_ADX_MTCT1_N' = 'QRPH_ADX_MTCT1_N)</span></p><p><b>description</b>: Number of pregnant women with known HIV status at first antenatal care visit</p><h3>Populations</h3><table><tr><td>-</td><td><b>Code</b></td><td><b>Criteria</b></td></tr><tr><td>*</td><td>cohort <span>(Details )</span></td><td/></tr></table><h3>Stratifiers</h3><table><tr><td>-</td><td><b>Code</b></td><td><b>Criteria</b></td></tr><tr><td>*</td><td>PMTCT_HIV_STATUS <span>(Details : {http://ihe.net/qrph/adx/ code 'PMTCT_HIV_STATUS' = 'PMTCT_HIV_STATUS)</span></td><td/></tr></table></blockquote><blockquote><p><b>group</b></p><p><b>code</b>: QRPH_ADX_VLS3_D <span>(Details : {http://ihe.net/qrph/adx/ code 'QRPH_ADX_VLS3_D' = 'QRPH_ADX_VLS3_D)</span></p><p><b>description</b>: Number of people on ART who had a VL measurement in the past 12 months</p><h3>Populations</h3><table><tr><td>-</td><td><b>Code</b></td><td><b>Criteria</b></td></tr><tr><td>*</td><td>cohort <span>(Details )</span></td><td/></tr></table><h3>Stratifiers</h3><table><tr><td>-</td><td><b>Code</b></td><td><b>Criteria</b></td></tr><tr><td>*</td><td>AGE_GROUP:SEX <span>(Details : {http://ihe.net/qrph/adx/ code 'AGE_GROUP:SEX' = 'AGE_GROUP:SEX)</span></td><td/></tr></table></blockquote></div>"
            }, 
            "url": "http://ohie.org/Measure/hiv-indicators", 
            "identifier": [
                {
                    "system": "http://ohie.org/Measure/", 
                    "value": "hiv-indicators"
                }
            ], 
            "version": "0.0.0", 
            "name": "HIV", 
            "title": "HIV Indicators", 
            "status": "draft", 
            "experimental": true, 
            "date": "2018-03-08", 
            "publisher": "Open HIE", 
            "description": "This ADX-HIV measure defines a common set of HIV core indicators with data elements and associated stratifiers along with instructions regarding how to leverage these to generate and exchange conformant XML messages. Interoperable message exchange will be valuable to jurisdictions such as Ministries of Health, and WHO, and to health initiatives such as the U.S. President\u2019s Emergency Plan for AIDS Relief (PEPFAR), the Global Fund, UNAIDS, and others.", 
            "relatedArtifact": [
                {
                    "type": "derived-from", 
                    "url": "http://wiki.ihe.net/index.php/Aggregate_Data_Exchange_-_HIV"
                }
            ], 
            "library": [
                "http://ohie.org/Library/hiv-indicators"
            ], 
            "scoring": {
                "coding": [
                    {
                        "code": "cohort"
                    }
                ]
            }, 
            "group": [
                {
                    "code": {
                        "coding": [
                            {
                                "system": "http://ihe.net/qrph/adx/", 
                                "code": "QRPH_ADX_ART1_N"
                            }
                        ]
                    }, 
                    "description": "Number of adults and children newly enrolled on antiretroviral therapy (ART) in the reporting period", 
                    "population": [
                        {
                            "code": {
                                "text": "cohort"
                            }, 
                            "criteria": {
                                "language": "text/cql", 
                                "expression": "Newly enrolled on antiretroviral therapy (ART) during measurement period"
                            }
                        }
                    ], 
                    "stratifier": [
                        {
                            "code": {
                                "coding": [
                                    {
                                        "system": "http://ihe.net/qrph/adx/", 
                                        "code": "AGE_GROUP:SEX"
                                    }
                                ]
                            }, 
                            "criteria": {
                                "language": "text/cql", 
                                "expression": "Age Group/Sex"
                            }
                        }
                    ]
                }, 
                {
                    "code": {
                        "coding": [
                            {
                                "system": "http://ihe.net/qrph/adx/", 
                                "code": "QRPH_ADX_ART1_N_PREG_BF"
                            }
                        ]
                    }, 
                    "description": "Number of adults and children newly enrolled on ART in the reporting period_pregnant and breastfeeding", 
                    "population": [
                        {
                            "code": {
                                "text": "cohort"
                            }, 
                            "criteria": {
                                "language": "text/cql", 
                                "expression": "Newly enrolled on antiretroviral therapy (ART) during measurement period (pregnant and breastfeeding)"
                            }
                        }
                    ], 
                    "stratifier": [
                        {
                            "code": {
                                "coding": [
                                    {
                                        "system": "http://ihe.net/qrph/adx/", 
                                        "code": "PREG_BF"
                                    }
                                ]
                            }, 
                            "criteria": {
                                "language": "text/cql", 
                                "expression": "Pregnant/Breastfeeding"
                            }
                        }
                    ]
                }, 
                {
                    "code": {
                        "coding": [
                            {
                                "system": "http://ihe.net/qrph/adx/", 
                                "code": "QRPH_ADX_ART3_N"
                            }
                        ]
                    }, 
                    "description": "Number of adults and children currently receiving antiretroviral therapy (ART)", 
                    "population": [
                        {
                            "code": {
                                "text": "cohort"
                            }, 
                            "criteria": {
                                "language": "text/cql", 
                                "expression": "Receiving antiretroviral therapy (ART) during measurement period"
                            }
                        }
                    ]
                }, 
                {
                    "code": {
                        "coding": [
                            {
                                "system": "http://ihe.net/qrph/adx/", 
                                "code": "QRPH_ADX_ART5_N"
                            }
                        ]
                    }, 
                    "description": "Number of adults and children who are still on treatment at 12 months after initiating ART", 
                    "population": [
                        {
                            "code": {
                                "text": "cohort"
                            }, 
                            "criteria": {
                                "language": "text/cql", 
                                "expression": "Receiving antiretroviral therapy (ART) at 12 months after initiating"
                            }
                        }
                    ], 
                    "stratifier": [
                        {
                            "component": [
                                {
                                    "code": {
                                        "coding": [
                                            {
                                                "system": "http://ihe.net/qrph/adx/", 
                                                "code": "AGE_GROUP"
                                            }
                                        ]
                                    }, 
                                    "criteria": {
                                        "language": "text/cql", 
                                        "expression": "Age Group"
                                    }
                                }, 
                                {
                                    "code": {
                                        "coding": [
                                            {
                                                "system": "http://ihe.net/qrph/adx/", 
                                                "code": "SEX"
                                            }
                                        ]
                                    }, 
                                    "criteria": {
                                        "language": "text/cql", 
                                        "expression": "Sex"
                                    }
                                }
                            ]
                        }
                    ]
                }, 
                {
                    "code": {
                        "coding": [
                            {
                                "system": "http://ihe.net/qrph/adx/", 
                                "code": "QRPH_ADX_ART5_N_PREG_BF"
                            }
                        ]
                    }, 
                    "description": "Number of adults and children who are still on treatment at 12 months after initiating ART-pregnant and breastfeeding", 
                    "population": [
                        {
                            "code": {
                                "text": "cohort"
                            }, 
                            "criteria": {
                                "language": "text/cql", 
                                "expression": "Receiving antiretroviral therapy (ART) at 12 months after initiating (pregnant and breastfeeding)"
                            }
                        }
                    ], 
                    "stratifier": [
                        {
                            "code": {
                                "coding": [
                                    {
                                        "system": "http://ihe.net/qrph/adx/", 
                                        "code": "PREG_BF"
                                    }
                                ]
                            }, 
                            "criteria": {
                                "language": "text/cql", 
                                "expression": "Pregnant/Breastfeeding"
                            }
                        }
                    ]
                }, 
                {
                    "code": {
                        "coding": [
                            {
                                "system": "http://ihe.net/qrph/adx/", 
                                "code": "QRPH_ADX_ART5_D"
                            }
                        ]
                    }, 
                    "description": "Number of adults and children who initiated ART in the 12 months prior to the beginning of the reporting period", 
                    "population": [
                        {
                            "code": {
                                "text": "cohort"
                            }, 
                            "criteria": {
                                "language": "text/cql", 
                                "expression": "Initiated antiretroviral therapy (ART) in the 12 months prior to measurement period"
                            }
                        }
                    ], 
                    "stratifier": [
                        {
                            "code": {
                                "coding": [
                                    {
                                        "system": "http://ihe.net/qrph/adx/", 
                                        "code": "AGE_GROUP:SEX"
                                    }
                                ]
                            }, 
                            "criteria": {
                                "language": "text/cql", 
                                "expression": "Age Group/Sex"
                            }
                        }
                    ]
                }, 
                {
                    "code": {
                        "coding": [
                            {
                                "system": "http://ihe.net/qrph/adx/", 
                                "code": "QRPH_ADX_MTCT1_D"
                            }
                        ]
                    }, 
                    "description": "Number of pregnant women who attended ANC or had a facility-based delivery in the reporting period", 
                    "population": [
                        {
                            "code": {
                                "text": "cohort"
                            }, 
                            "criteria": {
                                "language": "text/cql", 
                                "expression": "Antenatal Care Visit or Live Birth during the Measurement Period"
                            }
                        }
                    ], 
                    "stratifier": [
                        {
                            "code": {
                                "coding": [
                                    {
                                        "system": "http://ihe.net/qrph/adx/", 
                                        "code": "PMTCT_HIV_STATUS"
                                    }
                                ]
                            }, 
                            "criteria": {
                                "language": "text/cql", 
                                "expression": "PMTCT HIV Status"
                            }
                        }
                    ]
                }, 
                {
                    "code": {
                        "coding": [
                            {
                                "system": "http://ihe.net/qrph/adx/", 
                                "code": "QRPH_ADX_MTCT2_D"
                            }
                        ]
                    }, 
                    "description": "Number of HIV positive pregnant women who attended ANC or had a facility-based delivery within the reporting period", 
                    "population": [
                        {
                            "code": {
                                "text": "cohort"
                            }, 
                            "criteria": {
                                "language": "text/cql", 
                                "expression": "Antenatal Care Visit or Live Birth during Measurement Period (HIV Positive)"
                            }
                        }
                    ]
                }, 
                {
                    "code": {
                        "coding": [
                            {
                                "system": "http://ihe.net/qrph/adx/", 
                                "code": "QRPH_ADX_MTCT2_N"
                            }
                        ]
                    }, 
                    "description": "Number of HIV-positive pregnant women who received ART to reduce the risk of mother-to-child-transmission during pregnancy", 
                    "population": [
                        {
                            "code": {
                                "text": "cohort"
                            }, 
                            "criteria": {
                                "language": "text/cql", 
                                "expression": "HIV-positive, pregnant, and receiving antiretroviral therapy (ART) to reduce the risk of mother-to-child-transmission during pregnancy"
                            }
                        }
                    ], 
                    "stratifier": [
                        {
                            "code": {
                                "coding": [
                                    {
                                        "system": "http://ihe.net/qrph/adx/", 
                                        "code": "PMTCT_ART_STATUS"
                                    }
                                ]
                            }, 
                            "criteria": {
                                "language": "text/cql", 
                                "expression": "PMTCT ART Status"
                            }
                        }
                    ]
                }, 
                {
                    "code": {
                        "coding": [
                            {
                                "system": "http://ihe.net/qrph/adx/", 
                                "code": "QRPH_ADX_VLS3_N"
                            }
                        ]
                    }, 
                    "description": "Number of people living with HIV and on ART who have a suppressed viral load results (<1000 copies/mL)", 
                    "population": [
                        {
                            "code": {
                                "text": "cohort"
                            }, 
                            "criteria": {
                                "language": "text/cql", 
                                "expression": "Living with HIV and on ART with suppressed viral load results (<1000 copies/mL)"
                            }
                        }
                    ], 
                    "stratifier": [
                        {
                            "code": {
                                "coding": [
                                    {
                                        "system": "http://ihe.net/qrph/adx/", 
                                        "code": "AGE_GROUP:SEX"
                                    }
                                ]
                            }, 
                            "criteria": {
                                "language": "text/cql", 
                                "expression": "Age Group/Sex"
                            }
                        }
                    ]
                }, 
                {
                    "code": {
                        "coding": [
                            {
                                "system": "http://ihe.net/qrph/adx/", 
                                "code": "QRPH_ADX_HTS2_N"
                            }
                        ]
                    }, 
                    "description": "Number of individuals who received HIV Testing Services (HTS) and received their test results", 
                    "population": [
                        {
                            "code": {
                                "text": "cohort"
                            }, 
                            "criteria": {
                                "language": "text/cql", 
                                "expression": "Received HIV Testing Services (HTS) and Recevied Test Results"
                            }
                        }
                    ], 
                    "stratifier": [
                        {
                            "code": {
                                "coding": [
                                    {
                                        "system": "http://ihe.net/qrph/adx/", 
                                        "code": "AGE_GROUP:SEX:HIV_TEST_RESULTS"
                                    }
                                ]
                            }, 
                            "criteria": {
                                "language": "text/cql", 
                                "expression": "Age Group/Sex/HIV Test Results"
                            }
                        }
                    ]
                }, 
                {
                    "code": {
                        "coding": [
                            {
                                "system": "http://ihe.net/qrph/adx/", 
                                "code": "QRPH_ADX_MTCT1_N"
                            }
                        ]
                    }, 
                    "description": "Number of pregnant women with known HIV status at first antenatal care visit", 
                    "population": [
                        {
                            "code": {
                                "text": "cohort"
                            }, 
                            "criteria": {
                                "language": "text/cql", 
                                "expression": "HIV Status Known at First Antenatal Care Visit"
                            }
                        }
                    ], 
                    "stratifier": [
                        {
                            "code": {
                                "coding": [
                                    {
                                        "system": "http://ihe.net/qrph/adx/", 
                                        "code": "PMTCT_HIV_STATUS"
                                    }
                                ]
                            }, 
                            "criteria": {
                                "language": "text/cql", 
                                "expression": "PMTCT HIV Status"
                            }
                        }
                    ]
                }, 
                {
                    "code": {
                        "coding": [
                            {
                                "system": "http://ihe.net/qrph/adx/", 
                                "code": "QRPH_ADX_VLS3_D"
                            }
                        ]
                    }, 
                    "description": "Number of people on ART who had a VL measurement in the past 12 months", 
                    "population": [
                        {
                            "code": {
                                "text": "cohort"
                            }, 
                            "criteria": {
                                "language": "text/cql", 
                                "expression": "Receiving antiretroviral therapty (ART) and Viral Load Measurement in the past 12 months"
                            }
                        }
                    ], 
                    "stratifier": [
                        {
                            "code": {
                                "coding": [
                                    {
                                        "system": "http://ihe.net/qrph/adx/", 
                                        "code": "AGE_GROUP:SEX"
                                    }
                                ]
                            }, 
                            "criteria": {
                                "language": "text/cql", 
                                "expression": "Age Group/Sex"
                            }
                        }
                    ]
                }
            ]
        }
    }
}