{
    "medicationexample1": {
        "summary": "Name element only populated - Amoxicillin 250mg/5ml Suspension", 
        "description": "Name element only populated - Amoxicillin 250mg/5ml Suspension", 
        "externalValue": "https://hl7.org/fhir/R4/medicationexample1.json"
    }, 
    "med0301": {
        "summary": "IV injection (inpatient order) - Manufactured Product - Vancomycin", 
        "description": "IV injection (inpatient order) - Manufactured Product - Vancomycin", 
        "externalValue": "https://hl7.org/fhir/R4/medicationexample0301.json"
    }, 
    "med0302": {
        "summary": "IV Injection with a Rate Example - Manufactured Product - Piperacillin", 
        "description": "IV Injection with a Rate Example - Manufactured Product - Piperacillin", 
        "externalValue": "https://hl7.org/fhir/R4/medicationexample0302.json"
    }, 
    "med0303": {
        "summary": "IV Chemotherapy Example - Manufactured Product - Alemtuzumab", 
        "description": "IV Chemotherapy Example - Manufactured Product - Alemtuzumab", 
        "externalValue": "https://hl7.org/fhir/R4/medicationexample0303.json"
    }, 
    "med0304": {
        "summary": "Oral Chemotherapy Example - Manufactured Product - Myleran", 
        "description": "Oral Chemotherapy Example - Manufactured Product - Myleran", 
        "externalValue": "https://hl7.org/fhir/R4/medicationexample0304.json"
    }, 
    "med0305": {
        "summary": "Eye Drop Example - Manufactured Product - Timoptic", 
        "description": "Eye Drop Example - Manufactured Product - Timoptic", 
        "externalValue": "https://hl7.org/fhir/R4/medicationexample0305.json"
    }, 
    "med0306": {
        "summary": "IV Chemotherapy Example - Manufactured Product - Adcetris", 
        "description": "IV Chemotherapy Example - Manufactured Product - Adcetris", 
        "externalValue": "https://hl7.org/fhir/R4/medicationexample0306.json"
    }, 
    "med0307": {
        "summary": "Subcutaneous injection Example - Manufactured Product - Novolog", 
        "description": "Subcutaneous injection Example - Manufactured Product - Novolog", 
        "externalValue": "https://hl7.org/fhir/R4/medicationexample0307.json"
    }, 
    "med0308": {
        "summary": "As needed Oral tablet - Manufactured Product - Percocet", 
        "description": "As needed Oral tablet - Manufactured Product - Percocet", 
        "externalValue": "https://hl7.org/fhir/R4/medicationexample0308.json"
    }, 
    "med0309": {
        "summary": "As needed dosage range - Manufactured Product - Tylenol No 1 Caplet", 
        "description": "As needed dosage range - Manufactured Product - Tylenol No 1 Caplet", 
        "externalValue": "https://hl7.org/fhir/R4/medicationexample0309.json"
    }, 
    "med0310": {
        "summary": "Generic Formulation - Oxycodone", 
        "description": "Generic Formulation - Oxycodone", 
        "externalValue": "https://hl7.org/fhir/R4/medicationexample0310.json"
    }, 
    "med0311": {
        "summary": "Generic Formulation - Prednisone 5mg tablet", 
        "description": "Generic Formulation - Prednisone 5mg tablet", 
        "externalValue": "https://hl7.org/fhir/R4/medicationexample0311.json"
    }, 
    "med0312": {
        "summary": "Generic Formulation - Nystatin 100,000 u/ml suspension", 
        "description": "Generic Formulation - Nystatin 100,000 u/ml suspension", 
        "externalValue": "https://hl7.org/fhir/R4/medicationexample0312.json"
    }, 
    "med0313": {
        "summary": "Generic Formulation - Lorazepam 2mg/ml injection", 
        "description": "Generic Formulation - Lorazepam 2mg/ml injection", 
        "externalValue": "https://hl7.org/fhir/R4/medicationexample0313.json"
    }, 
    "med0314": {
        "summary": "Generic Formulation - Alprazolam 0.25mg tablet", 
        "description": "Generic Formulation - Alprazolam 0.25mg tablet", 
        "externalValue": "https://hl7.org/fhir/R4/medicationexample0314.json"
    }, 
    "med0315": {
        "summary": "Generic Formulation - Mometasone Furoate 0.05mg/Actuat", 
        "description": "Generic Formulation - Mometasone Furoate 0.05mg/Actuat", 
        "externalValue": "https://hl7.org/fhir/R4/medicationexample0315.json"
    }, 
    "med0316": {
        "summary": "Generic Formulation - Fully populated example of a Medication - Chlorthalidone", 
        "description": "Generic Formulation - Fully populated example of a Medication - Chlorthalidone", 
        "externalValue": "https://hl7.org/fhir/R4/medicationexample0316.json"
    }, 
    "med0317": {
        "summary": "Compounded Preparation - KCl in D5W Admixture - includes a reference to a substance in the ingredient element", 
        "description": "Compounded Preparation - KCl in D5W Admixture - includes a reference to a substance in the ingredient element", 
        "externalValue": "https://hl7.org/fhir/R4/medicationexample0317.json"
    }, 
    "med0318": {
        "summary": "Compounded Preparation - TPN Solution  - includes a reference to a substance in the ingredient element", 
        "description": "Compounded Preparation - TPN Solution  - includes a reference to a substance in the ingredient element", 
        "externalValue": "https://hl7.org/fhir/R4/medicationexample0318.json"
    }, 
    "med0319": {
        "summary": "Compounded Preparation - HC 1%, Salicylic Acid 5% in Glaxal Base  - includes a reference to a substance in the ingredient element", 
        "description": "Compounded Preparation - HC 1%, Salicylic Acid 5% in Glaxal Base  - includes a reference to a substance in the ingredient element", 
        "externalValue": "https://hl7.org/fhir/R4/medicationexample0319.json"
    }, 
    "med0320": {
        "summary": "Generic Formulation - Azithromycin 250mg oral capsule - includes a reference to a substance in the Ingredient element", 
        "description": "Generic Formulation - Azithromycin 250mg oral capsule - includes a reference to a substance in the Ingredient element", 
        "externalValue": "https://hl7.org/fhir/R4/medicationexample0320.json"
    }, 
    "med0321": {
        "summary": "Generic Formulation - Oral Chemotherapy Example - Capecitabine \u2013 includes a reference to a substance in the Ingredient element", 
        "description": "Generic Formulation - Oral Chemotherapy Example - Capecitabine \u2013 includes a reference to a substance in the Ingredient element", 
        "externalValue": "https://hl7.org/fhir/R4/medicationexample0321.json"
    }, 
    "example": {
        "summary": "Oral Chemotherapy Example - Manufactured Product - Xeloda - includes a reference to a substance in ingredient element", 
        "description": "Oral Chemotherapy Example - Manufactured Product - Xeloda - includes a reference to a substance in ingredient element", 
        "value": {
            "resourceType": "Medication", 
            "id": "medexample015", 
            "text": {
                "status": "generated", 
                "div": "<div xmlns=\"http://www.w3.org/1999/xhtml\"><p><b>Generated Narrative with Details</b></p><p><b>id</b>: medexample015</p><p><b>contained</b>: , </p><p><b>code</b>: Capecitabine 500mg oral tablet (Xeloda) <span>(Details : {RxNorm code '213293' = 'Xeloda 500 MG Oral Tablet', given as 'Capecitabine 500mg oral tablet (Xeloda)'})</span></p><p><b>manufacturer</b>: id: org2; name: Gene Inc</p><p><b>form</b>: Tablet dose form (qualifier value) <span>(Details : {SNOMED CT code '385055001' = 'Tablet', given as 'Tablet dose form (qualifier value)'})</span></p><h3>Ingredients</h3><table><tr><td>-</td><td><b>Item[x]</b></td><td><b>Strength</b></td></tr><tr><td>*</td><td>id: sub04; Capecitabine (substance) <span>(Details : {SNOMED CT code '386906001' = 'Capecitabine', given as 'Capecitabine (substance)'})</span></td><td>500 mg<span> (Details: UCUM code mg = 'mg')</span>/1 TAB<span> (Details: http://terminology.hl7.org/CodeSystem/v3-orderableDrugForm code TAB = 'Tablet')</span></td></tr></table><h3>Batches</h3><table><tr><td>-</td><td><b>LotNumber</b></td><td><b>ExpirationDate</b></td></tr><tr><td>*</td><td>9494788</td><td>22/05/2017</td></tr></table></div>"
            }, 
            "contained": [
                {
                    "resourceType": "Organization", 
                    "id": "org2", 
                    "name": "Gene Inc"
                }, 
                {
                    "resourceType": "Substance", 
                    "id": "sub04", 
                    "code": {
                        "coding": [
                            {
                                "system": "http://snomed.info/sct", 
                                "code": "386906001", 
                                "display": "Capecitabine (substance)"
                            }
                        ]
                    }
                }
            ], 
            "code": {
                "coding": [
                    {
                        "system": "http://www.nlm.nih.gov/research/umls/rxnorm", 
                        "code": "213293", 
                        "display": "Capecitabine 500mg oral tablet (Xeloda)"
                    }
                ]
            }, 
            "manufacturer": {
                "reference": "#org2"
            }, 
            "form": {
                "coding": [
                    {
                        "system": "http://snomed.info/sct", 
                        "code": "385055001", 
                        "display": "Tablet dose form (qualifier value)"
                    }
                ]
            }, 
            "ingredient": [
                {
                    "itemReference": {
                        "reference": "#sub04"
                    }, 
                    "strength": {
                        "numerator": {
                            "value": 500, 
                            "system": "http://unitsofmeasure.org", 
                            "code": "mg"
                        }, 
                        "denominator": {
                            "value": 1, 
                            "system": "http://terminology.hl7.org/CodeSystem/v3-orderableDrugForm", 
                            "code": "TAB"
                        }
                    }
                }
            ], 
            "batch": {
                "lotNumber": "9494788", 
                "expirationDate": "2017-05-22"
            }
        }
    }
}