{
    "medadminexample03": {
        "summary": "Example of an IV administration not given with a note - Alemtuzumab", 
        "description": "Example of an IV administration not given with a note - Alemtuzumab", 
        "value": {
            "resourceType": "MedicationAdministration", 
            "id": "medadminexample03", 
            "text": {
                "status": "generated", 
                "div": "<div xmlns=\"http://www.w3.org/1999/xhtml\"><p><b>Generated Narrative with Details</b></p><p><b>id</b>: medadminexample03</p><p><b>contained</b>: </p><p><b>status</b>: on-hold</p><p><b>statusReason</b>: Administration of medication not done due to a contraindication (situation) <span>(Details : {SNOMED CT code '373147003' = 'Medication not administered because contraindicated', given as 'Administration of medication not done due to a contraindication (situation)'})</span></p><p><b>medication</b>: id: med0303; Alemtuzumab 10mg/ml (Lemtrada) <span>(Details : {RxNorm code '1594660' = 'alemtuzumab 10 MG/ML [Lemtrada]', given as 'Alemtuzumab 10mg/ml (Lemtrada)'})</span></p><p><b>subject</b>: <a>Donald Duck</a></p><p><b>context</b>: <a>Encounter/f001</a></p><p><b>supportingInformation</b>: <a>Condition/f204</a></p><p><b>effective</b>: 15/01/2015 2:30:00 PM --&gt; 15/01/2015 2:30:00 PM</p><p><b>request</b>: <a>MedicationRequest/medrx0317</a></p><p><b>note</b>: Patient started Bupropion this morning - will administer in a reduced dose tomorrow</p></div>"
            }, 
            "contained": [
                {
                    "resourceType": "Medication", 
                    "id": "med0303", 
                    "code": {
                        "coding": [
                            {
                                "system": "http://www.nlm.nih.gov/research/umls/rxnorm", 
                                "code": "1594660", 
                                "display": "Alemtuzumab 10mg/ml (Lemtrada)"
                            }
                        ]
                    }
                }
            ], 
            "status": "on-hold", 
            "statusReason": [
                {
                    "coding": [
                        {
                            "system": "http://snomed.info/sct", 
                            "code": "373147003", 
                            "display": "Administration of medication not done due to a contraindication (situation)"
                        }
                    ]
                }
            ], 
            "medicationReference": {
                "reference": "#med0303"
            }, 
            "subject": {
                "reference": "Patient/pat1", 
                "display": "Donald Duck"
            }, 
            "context": {
                "reference": "Encounter/f001"
            }, 
            "supportingInformation": [
                {
                    "reference": "Condition/f204"
                }
            ], 
            "effectivePeriod": {
                "start": "2015-01-15T14:30:00+01:00", 
                "end": "2015-01-15T14:30:00+01:00"
            }, 
            "request": {
                "reference": "MedicationRequest/medrx0317"
            }, 
            "note": [
                {
                    "text": "Patient started Bupropion this morning - will administer in a reduced dose tomorrow"
                }
            ]
        }
    }, 
    "medadmin0301": {
        "summary": "Intravenous Antibiotic - Vancomycin", 
        "description": "Intravenous Antibiotic - Vancomycin", 
        "externalValue": "https://hl7.org/fhir/R4/medicationadministration0301.json"
    }, 
    "medadmin0302": {
        "summary": "Intravenous Admixture - Potassium Chloride in D5W", 
        "description": "Intravenous Admixture - Potassium Chloride in D5W", 
        "externalValue": "https://hl7.org/fhir/R4/medicationadministration0302.json"
    }, 
    "medadmin0303": {
        "summary": "Intravenous Antibiotic with a Dosage Rate - Piperacillin", 
        "description": "Intravenous Antibiotic with a Dosage Rate - Piperacillin", 
        "externalValue": "https://hl7.org/fhir/R4/medicationadministration0303.json"
    }, 
    "medadmin0304": {
        "summary": "Intravenous Chemotherapy (Inpatient order) - Alemtuzumab - completed", 
        "description": "Intravenous Chemotherapy (Inpatient order) - Alemtuzumab - completed", 
        "externalValue": "https://hl7.org/fhir/R4/medicationadministration0304.json"
    }, 
    "medadmin0305": {
        "summary": "Intravenous Chemotherapy (Inpatient order) - Brentuximab Vedotin", 
        "description": "Intravenous Chemotherapy (Inpatient order) - Brentuximab Vedotin", 
        "externalValue": "https://hl7.org/fhir/R4/medicationadministration0305.json"
    }, 
    "medadmin0306": {
        "summary": "Oral Antibiotic - Azithromycin", 
        "description": "Oral Antibiotic - Azithromycin", 
        "externalValue": "https://hl7.org/fhir/R4/medicationadministration0306.json"
    }, 
    "medadmin0307": {
        "summary": "Lorazepam with a Device", 
        "description": "Lorazepam with a Device", 
        "externalValue": "https://hl7.org/fhir/R4/medicationadministration0307.json"
    }, 
    "medadmin0308": {
        "summary": "Subcutaneous Injection - Insulin - Lantus", 
        "description": "Subcutaneous Injection - Insulin - Lantus", 
        "externalValue": "https://hl7.org/fhir/R4/medicationadministration0308.json"
    }, 
    "medadmin0309": {
        "summary": "TPN Solution with a Device", 
        "description": "TPN Solution with a Device", 
        "externalValue": "https://hl7.org/fhir/R4/medicationadministration0309.json"
    }, 
    "medadmin0310": {
        "summary": "Oral Chemotherapy - Myleran", 
        "description": "Oral Chemotherapy - Myleran", 
        "externalValue": "https://hl7.org/fhir/R4/medicationadministration0310.json"
    }, 
    "medadmin0311": {
        "summary": "Dosage with a Pre-Condition - Alprazolam", 
        "description": "Dosage with a Pre-Condition - Alprazolam", 
        "externalValue": "https://hl7.org/fhir/R4/medicationadministration0311.json"
    }, 
    "medadmin0312": {
        "summary": "Medication Code - Patch - Fentanyl", 
        "description": "Medication Code - Patch - Fentanyl", 
        "externalValue": "https://hl7.org/fhir/R4/medicationadministration0312.json"
    }, 
    "medadmin0313": {
        "summary": "Medication Code - Rectal Suppository - Acetaminophen", 
        "description": "Medication Code - Rectal Suppository - Acetaminophen", 
        "externalValue": "https://hl7.org/fhir/R4/medicationadministration0313.json"
    }
}