{
    "lipid": {
        "summary": "Lipid Panel Order", 
        "description": "Lipid Panel Order", 
        "value": {
            "resourceType": "ServiceRequest", 
            "id": "lipid", 
            "text": {
                "status": "generated", 
                "div": "<div xmlns=\"http://www.w3.org/1999/xhtml\"><p><b>Generated Narrative with Details</b></p><p><b>id</b>: lipid</p><p><b>contained</b>: , </p><p><b>identifier</b>: Placer = 2345234234234</p><p><b>status</b>: active</p><p><b>intent</b>: original-order</p><p><b>code</b>: Lipid Panel <span>(Details : {http://acme.org/tests code 'LIPID' = 'LIPID)</span></p><p><b>subject</b>: <a>Patient/example</a></p><p><b>encounter</b>: <a>Encounter/example</a></p><p><b>occurrence</b>: 02/05/2013 4:16:00 PM</p><p><b>requester</b>: <a>Practitioner/example</a></p><p><b>performer</b>: <a>Practitioner/f202</a></p><p><b>reasonCode</b>: Fam hx-ischem heart dis <span>(Details : {ICD-9 code 'V173' = 'V173', given as 'Fam hx-ischem heart dis'})</span></p><p><b>supportingInfo</b>: Fasting status. Generated Summary: id: fasting; status: final; Fasting status - Reported <span>(Details : {LOINC code '49541-6' = 'Fasting status - Reported', given as 'Fasting status - Reported'})</span>; Yes <span>(Details : {http://terminology.hl7.org/CodeSystem/v2-0136 code 'Y' = 'Yes', given as 'Yes'})</span></p><p><b>specimen</b>: Serum specimen. Generated Summary: id: serum; 20150107-0012; Serum sample <span>(Details : {SNOMED CT code '119364003' = 'Serum specimen', given as 'Serum sample'})</span></p><p><b>note</b>: patient is afraid of needles</p></div>"
            }, 
            "contained": [
                {
                    "resourceType": "Observation", 
                    "id": "fasting", 
                    "status": "final", 
                    "code": {
                        "coding": [
                            {
                                "system": "http://loinc.org", 
                                "code": "49541-6", 
                                "display": "Fasting status - Reported"
                            }
                        ]
                    }, 
                    "subject": {
                        "reference": "Patient/example"
                    }, 
                    "valueCodeableConcept": {
                        "coding": [
                            {
                                "system": "http://terminology.hl7.org/CodeSystem/v2-0136", 
                                "code": "Y", 
                                "display": "Yes"
                            }
                        ]
                    }
                }, 
                {
                    "resourceType": "Specimen", 
                    "id": "serum", 
                    "identifier": [
                        {
                            "system": "http://acme.org/specimens", 
                            "value": "20150107-0012"
                        }
                    ], 
                    "type": {
                        "coding": [
                            {
                                "system": "http://snomed.info/sct", 
                                "code": "119364003", 
                                "display": "Serum sample"
                            }
                        ]
                    }, 
                    "subject": {
                        "reference": "Patient/example"
                    }, 
                    "collection": {
                        "collectedDateTime": "2015-08-16T06:40:17Z"
                    }
                }
            ], 
            "identifier": [
                {
                    "type": {
                        "coding": [
                            {
                                "system": "http://terminology.hl7.org/CodeSystem/v2-0203", 
                                "code": "PLAC"
                            }
                        ], 
                        "text": "Placer"
                    }, 
                    "system": "urn:oid:1.3.4.5.6.7", 
                    "value": "2345234234234"
                }
            ], 
            "status": "active", 
            "intent": "original-order", 
            "code": {
                "coding": [
                    {
                        "system": "http://acme.org/tests", 
                        "code": "LIPID"
                    }
                ], 
                "text": "Lipid Panel"
            }, 
            "subject": {
                "reference": "Patient/example"
            }, 
            "encounter": {
                "reference": "Encounter/example"
            }, 
            "occurrenceDateTime": "2013-05-02T16:16:00-07:00", 
            "requester": {
                "reference": "Practitioner/example"
            }, 
            "performer": [
                {
                    "reference": "Practitioner/f202"
                }
            ], 
            "reasonCode": [
                {
                    "coding": [
                        {
                            "system": "http://hl7.org/fhir/sid/icd-9", 
                            "code": "V173", 
                            "display": "Fam hx-ischem heart dis"
                        }
                    ]
                }
            ], 
            "supportingInfo": [
                {
                    "reference": "#fasting", 
                    "display": "Fasting status"
                }
            ], 
            "specimen": [
                {
                    "reference": "#serum", 
                    "display": "Serum specimen"
                }
            ], 
            "note": [
                {
                    "text": "patient is afraid of needles"
                }
            ]
        }
    }, 
    "di": {
        "summary": "CT Scan order", 
        "description": "CT Scan order", 
        "externalValue": "https://hl7.org/fhir/R4/servicerequest-example-di.json"
    }, 
    "ft4": {
        "summary": "Free T4 Add on Order", 
        "description": "Free T4 Add on Order", 
        "externalValue": "https://hl7.org/fhir/R4/servicerequest-example-ft4.json"
    }, 
    "example": {
        "summary": "An example of a Head CT procedure", 
        "description": "An example of a Head CT procedure", 
        "externalValue": "https://hl7.org/fhir/R4/servicerequest-example.json"
    }, 
    "subrequest": {
        "summary": "Example with sub-requests derived from the request", 
        "description": "Example with sub-requests derived from the request", 
        "externalValue": "https://hl7.org/fhir/R4/servicerequest-example-subrequest.json"
    }, 
    "physiotherapy": {
        "summary": "An example of an order for home physiotherapy", 
        "description": "An example of an order for home physiotherapy", 
        "externalValue": "https://hl7.org/fhir/R4/servicerequest-example2.json"
    }, 
    "do-not-turn": {
        "summary": "An example of an order to not turn a patient", 
        "description": "An example of an order to not turn a patient", 
        "externalValue": "https://hl7.org/fhir/R4/servicerequest-example3.json"
    }, 
    "benchpress": {
        "summary": "Part of an exercise plan", 
        "description": "Part of an exercise plan", 
        "externalValue": "https://hl7.org/fhir/R4/servicerequest-example4.json"
    }, 
    "example-implant": {
        "summary": "Example of an order for an implant", 
        "description": "Example of an order for an implant", 
        "externalValue": "https://hl7.org/fhir/R4/servicerequest-example-implant.json"
    }, 
    "ambulation": {
        "summary": "Example of an order for anambulation procedure", 
        "description": "Example of an order for anambulation procedure", 
        "externalValue": "https://hl7.org/fhir/R4/servicerequest-example-ambulation.json"
    }, 
    "colon-biopsy": {
        "summary": "Example of an order for a biopsy procedure that was part of a colonoscopy", 
        "description": "Example of an order for a biopsy procedure that was part of a colonoscopy", 
        "externalValue": "https://hl7.org/fhir/R4/servicerequest-example-colonoscopy-bx.json"
    }, 
    "colonoscopy": {
        "summary": "Example of an order for a colonoscopy procedure with complication", 
        "description": "Example of an order for a colonoscopy procedure with complication", 
        "externalValue": "https://hl7.org/fhir/R4/servicerequest-example-colonoscopy.json"
    }, 
    "appendectomy-narrative": {
        "summary": "Example of an order for an appendectomy procedure that is primarily narrative", 
        "description": "Example of an order for an appendectomy procedure that is primarily narrative", 
        "externalValue": "https://hl7.org/fhir/R4/servicerequest-example-appendectomy.json"
    }, 
    "ob": {
        "summary": "Example of an order for an obstetric procedure", 
        "description": "Example of an order for an obstetric procedure", 
        "externalValue": "https://hl7.org/fhir/R4/servicerequest-example-ob.json"
    }, 
    "physical-therapy": {
        "summary": "Example of an order for an physical therapy evaluation procedure", 
        "description": "Example of an order for an physical therapy evaluation procedure", 
        "externalValue": "https://hl7.org/fhir/R4/servicerequest-example-pt.json"
    }, 
    "education": {
        "summary": "Example of an order for patient education", 
        "description": "Example of an order for patient education", 
        "externalValue": "https://hl7.org/fhir/R4/servicerequest-example-edu.json"
    }, 
    "myringotomy": {
        "summary": "An example of a Myringotomy referral request", 
        "description": "An example of a Myringotomy referral request", 
        "externalValue": "https://hl7.org/fhir/R4/servicerequest-example-myringotomy.json"
    }, 
    "vent": {
        "summary": "Order for mechanical ventilation with order details", 
        "description": "Order for mechanical ventilation with order details", 
        "externalValue": "https://hl7.org/fhir/R4/servicerequest-example-ventilation.json"
    }, 
    "example-pgx": {
        "summary": "PGx Phenotype example", 
        "description": "PGx Phenotype example", 
        "externalValue": "https://hl7.org/fhir/R4/servicerequest-example-pgx.json"
    }, 
    "og-example1": {
        "summary": "Order for ABCB4 gene mutation analysis", 
        "description": "Order for ABCB4 gene mutation analysis", 
        "externalValue": "https://hl7.org/fhir/R4/servicerequest-genetics-example-1.json"
    }
}