{
    "example": {
        "summary": "General Example", 
        "description": "General Example", 
        "value": {
            "resourceType": "Substance", 
            "id": "example", 
            "text": {
                "status": "generated", 
                "div": "<div xmlns=\"http://www.w3.org/1999/xhtml\"><p><b>Generated Narrative with Details</b></p><p><b>id</b>: example</p><p><b>identifier</b>: 1463</p><p><b>status</b>: active</p><p><b>category</b>: Allergen <span>(Details : {http://terminology.hl7.org/CodeSystem/substance-category code 'allergen' = 'Allergen', given as 'Allergen'})</span></p><p><b>code</b>: apitoxin (Honey Bee Venom) <span>(Details )</span></p></div>"
            }, 
            "identifier": [
                {
                    "system": "http://acme.org/identifiers/substances", 
                    "value": "1463"
                }
            ], 
            "status": "active", 
            "category": [
                {
                    "coding": [
                        {
                            "system": "http://terminology.hl7.org/CodeSystem/substance-category", 
                            "code": "allergen", 
                            "display": "Allergen"
                        }
                    ]
                }
            ], 
            "code": {
                "text": "apitoxin (Honey Bee Venom)"
            }
        }
    }, 
    "f201": {
        "summary": "Dust Mite Example", 
        "description": "Dust Mite Example", 
        "externalValue": "https://hl7.org/fhir/R4/substance-example-f201-dust.json"
    }, 
    "f202": {
        "summary": "Staphylococcus Example", 
        "description": "Staphylococcus Example", 
        "externalValue": "https://hl7.org/fhir/R4/substance-example-f202-staphylococcus.json"
    }, 
    "f203": {
        "summary": "Potassium Example", 
        "description": "Potassium Example", 
        "externalValue": "https://hl7.org/fhir/R4/substance-example-f203-potassium.json"
    }, 
    "f204": {
        "summary": "Silver Nitrate Product Example", 
        "description": "Silver Nitrate Product Example", 
        "externalValue": "https://hl7.org/fhir/R4/substance-example-silver-nitrate-product.json"
    }, 
    "f205": {
        "summary": "Amoxicillin-Clavulanate Example", 
        "description": "Amoxicillin-Clavulanate Example", 
        "externalValue": "https://hl7.org/fhir/R4/substance-example-amoxicillin-clavulanate.json"
    }
}