{
    "example": {
        "summary": "A general verification result example", 
        "description": "A general verification result example", 
        "value": {
            "resourceType": "VerificationResult", 
            "id": "example", 
            "text": {
                "status": "generated", 
                "div": "<div xmlns=\"http://www.w3.org/1999/xhtml\"><p><b>Generated Narrative with Details</b></p><p><b>id</b>: example</p><p><b>status</b>: attested</p></div>"
            }, 
            "status": "attested"
        }
    }
}