{
    "example-certainty-rating": {
        "summary": "Certainty Rating of all-cause mortality in meta-analysis of RCTs of heparin for moderately ill patients with COVID-19", 
        "description": "Certainty Rating of all-cause mortality in meta-analysis of RCTs of heparin for moderately ill patients with COVID-19", 
        "externalValue": "https://hl7.org/fhir/R5/artifactassessment-example-certainty-rating.json"
    }, 
    "example": {
        "summary": "ArtifactAssessment that contains a series of nested ratings to document the risk of bias assessment of an Evidence resource", 
        "description": "ArtifactAssessment that contains a series of nested ratings to document the risk of bias assessment of an Evidence resource", 
        "value": {
            "resourceType": "ArtifactAssessment", 
            "id": "risk-of-bias-example", 
            "text": {
                "status": "generated", 
                "div": "<div xmlns=\"http://www.w3.org/1999/xhtml\"><p><b>Generated Narrative: ArtifactAssessment</b><a name=\"risk-of-bias-example\"> </a></p><div style=\"display: inline-block; background-color: #d9e0e7; padding: 6px; margin: 4px; border: 1px solid #8da1b4; border-radius: 5px; line-height: 60%\"><p style=\"margin-bottom: 0px\">Resource ArtifactAssessment &quot;risk-of-bias-example&quot; </p></div><p><b>identifier</b>: FEvIR Object Identifier:\u00a027751</p><p><b>date</b>: 2021-11-02T14:31:30.239Z</p><p><b>copyright</b>: https://creativecommons.org/licenses/by-nc-sa/4.0/</p><p><b>lastReviewDate</b>: 2021-08-11</p><p><b>artifact</b>: <a href=\"http://fevir.net/resources/Evidence/7637\">http://fevir.net/resources/Evidence/7637</a></p><blockquote><p><b>content</b></p><p><b>informationType</b>: rating</p><p><b>type</b>: Risk of bias <span style=\"background: LightGoldenRodYellow; margin: 4px; border: 1px solid khaki\"> (<a href=\"codesystem-certainty-type.html\">Evidence Certainty Type[5.0.0]</a>#RiskOfBias)</span></p><p><b>classifier</b>: extremely serious concern <span style=\"background: LightGoldenRodYellow; margin: 4px; border: 1px solid khaki\"> (<a href=\"codesystem-certainty-rating.html\">Evidence Certainty Rating[5.0.0]</a>#extremely-serious-concern)</span></p><p><b>author</b>: <span>: COVID-19 Knowledge Accelerator Evidence 7637 Authors (Brian S. Alper, Harold Lehmann, Ahmad Sofi-Mahmudi, Joanne Dehnbostel, Ilkka Kunnamo)</span></p><p><b>freeToShare</b>: true</p><blockquote><p><b>component</b></p><p><b>summary</b>: Inclusion of suspected COVID-19 in 1 of 3 trials may introduce selection bias, but the impact appears limited.</p><p><b>type</b>: Selection Bias <span style=\"background: LightGoldenRodYellow; margin: 4px; border: 1px solid khaki\"> ()</span></p><p><b>classifier</b>: no serious concern <span style=\"background: LightGoldenRodYellow; margin: 4px; border: 1px solid khaki\"> (<a href=\"codesystem-certainty-rating.html\">Evidence Certainty Rating[5.0.0]</a>#no-concern)</span></p><p><b>author</b>: <span>: Brian S. Alper, Joanne Dehnbostel, Muhammad Afzal</span></p><blockquote><p><b>component</b></p></blockquote></blockquote><blockquote><p><b>component</b></p><p><b>summary</b>: The study design used response-adaptive randomization in which group assignment ratios could be modified during the trial on the basis of response-adaptive interim analyses to favor the assignment of patients to the treatment group showing greater benefit. The confounding by time (imbalanced randomization with time period) is not adequately reported to determine the potential influence on results or adequacy of adjusted analyses.</p><p><b>type</b>: Confounding Covariate Bias <span style=\"background: LightGoldenRodYellow; margin: 4px; border: 1px solid khaki\"> ()</span></p><p><b>classifier</b>: serious concern <span style=\"background: LightGoldenRodYellow; margin: 4px; border: 1px solid khaki\"> (<a href=\"codesystem-certainty-rating.html\">Evidence Certainty Rating[5.0.0]</a>#serious-concern)</span></p><p><b>author</b>: <span>: Brian S. Alper, Ilkka Kunnamo, Alfonso Iorio, Joanne Dehnbostel, Harold Lehmann, Kenneth Wilkins; clarifying explanation reviewed by Janice Tufte</span></p><blockquote><p><b>component</b></p></blockquote><blockquote><p><b>component</b></p></blockquote><blockquote><p><b>component</b></p></blockquote><blockquote><p><b>component</b></p></blockquote><blockquote><p><b>component</b></p></blockquote></blockquote><blockquote><p><b>component</b></p><p><b>summary</b>: Awareness of treatment assignment may reduce clinical decision to initiate some types of &quot;organ support&quot; in patients with higher risk of major bleeding.</p><p><b>type</b>: Performance Bias <span style=\"background: LightGoldenRodYellow; margin: 4px; border: 1px solid khaki\"> ()</span></p><p><b>classifier</b>: very serious concern <span style=\"background: LightGoldenRodYellow; margin: 4px; border: 1px solid khaki\"> (<a href=\"codesystem-certainty-rating.html\">Evidence Certainty Rating[5.0.0]</a>#very-serious-concern)</span></p><p><b>author</b>: <span>: Brian S. Alper, Joanne Dehnbostel, Harold Lehmann, Muhammad Afzal</span></p><blockquote><p><b>component</b></p></blockquote><blockquote><p><b>component</b></p></blockquote><blockquote><p><b>component</b></p></blockquote><blockquote><p><b>component</b></p></blockquote></blockquote><blockquote><p><b>component</b></p><p><b>summary</b>: The influence of awareness of treatment assignment by the treating clinicians on the initaition of organ support (which is the primary outcome) was already addressed as Performance Bias so is not repeated here as a bias in detecting the outcome.</p><p><b>type</b>: Detection Bias <span style=\"background: LightGoldenRodYellow; margin: 4px; border: 1px solid khaki\"> ()</span></p><p><b>classifier</b>: no serious concern <span style=\"background: LightGoldenRodYellow; margin: 4px; border: 1px solid khaki\"> (<a href=\"codesystem-certainty-rating.html\">Evidence Certainty Rating[5.0.0]</a>#no-concern)</span></p><p><b>author</b>: <span>: Brian S. Alper, Joanne Dehnbostel, Muhammad Afzal</span></p><blockquote><p><b>component</b></p></blockquote></blockquote><blockquote><p><b>component</b></p><p><b>summary</b>: Only 19 of 1190 (1.6%) therapeutic group and 6 of 1054 (0.6) prophylactic group were excluded after randomization.</p><p><b>type</b>: Attrition Bias <span style=\"background: LightGoldenRodYellow; margin: 4px; border: 1px solid khaki\"> ()</span></p><p><b>classifier</b>: no serious concern <span style=\"background: LightGoldenRodYellow; margin: 4px; border: 1px solid khaki\"> (<a href=\"codesystem-certainty-rating.html\">Evidence Certainty Rating[5.0.0]</a>#no-concern)</span></p><p><b>author</b>: <span>: Brian S. Alper, Joanne Dehnbostel, Muhammad Afzal</span></p><blockquote><p><b>component</b></p></blockquote></blockquote><blockquote><p><b>component</b></p><p><b>summary</b>: It is unknown if the results are sensitive to the analytic method, and the stopping criteria were based on statistical significance and not magnitude of effect.</p><p><b>type</b>: Analysis Bias <span style=\"background: LightGoldenRodYellow; margin: 4px; border: 1px solid khaki\"> ()</span></p><p><b>classifier</b>: very serious concern <span style=\"background: LightGoldenRodYellow; margin: 4px; border: 1px solid khaki\"> (<a href=\"codesystem-certainty-rating.html\">Evidence Certainty Rating[5.0.0]</a>#very-serious-concern)</span></p><p><b>author</b>: <span>: Brian S. Alper, Joanne Dehnbostel, Muhammad Afzal, Janice Tufte</span></p><blockquote><p><b>component</b></p></blockquote><blockquote><p><b>component</b></p></blockquote><blockquote><p><b>component</b></p></blockquote></blockquote></blockquote><blockquote><p><b>content</b></p><p><b>informationType</b>: comment</p><p><b>summary</b>: Results not consistent with critically ill cohort.</p><p><b>type</b>: Inconsistency <span style=\"background: LightGoldenRodYellow; margin: 4px; border: 1px solid khaki\"> (<a href=\"codesystem-certainty-type.html\">Evidence Certainty Type[5.0.0]</a>#Inconsistency)</span></p><p><b>author</b>: <span>: Ilkka Kunnamo</span></p></blockquote></div>"
            }, 
            "identifier": [
                {
                    "type": {
                        "text": "FEvIR Object Identifier"
                    }, 
                    "system": "https://fevir.net", 
                    "value": "27751", 
                    "assigner": {
                        "display": "Computable Publishing LLC"
                    }
                }
            ], 
            "date": "2021-11-02T14:31:30.239Z", 
            "copyright": "https://creativecommons.org/licenses/by-nc-sa/4.0/", 
            "lastReviewDate": "2021-08-11", 
            "artifactCanonical": "http://fevir.net/resources/Evidence/7637", 
            "content": [
                {
                    "informationType": "rating", 
                    "type": {
                        "coding": [
                            {
                                "system": "http://hl7.org/fhir/certainty-type", 
                                "version": "5.0.0", 
                                "code": "RiskOfBias", 
                                "display": "Risk of bias", 
                                "userSelected": true
                            }
                        ]
                    }, 
                    "classifier": [
                        {
                            "coding": [
                                {
                                    "system": "http://hl7.org/fhir/certainty-rating", 
                                    "version": "5.0.0", 
                                    "code": "extremely-serious-concern", 
                                    "display": "extremely serious concern", 
                                    "userSelected": true
                                }
                            ]
                        }
                    ], 
                    "author": {
                        "display": "COVID-19 Knowledge Accelerator Evidence 7637 Authors (Brian S. Alper, Harold Lehmann, Ahmad Sofi-Mahmudi, Joanne Dehnbostel, Ilkka Kunnamo)"
                    }, 
                    "freeToShare": true, 
                    "component": [
                        {
                            "summary": "Inclusion of suspected COVID-19 in 1 of 3 trials may introduce selection bias, but the impact appears limited.", 
                            "type": {
                                "text": "Selection Bias"
                            }, 
                            "classifier": [
                                {
                                    "coding": [
                                        {
                                            "system": "http://hl7.org/fhir/certainty-rating", 
                                            "version": "5.0.0", 
                                            "code": "no-concern", 
                                            "display": "no serious concern", 
                                            "userSelected": true
                                        }
                                    ]
                                }
                            ], 
                            "author": {
                                "display": "Brian S. Alper, Joanne Dehnbostel, Muhammad Afzal"
                            }, 
                            "component": [
                                {
                                    "summary": "Definition of Selection Bias = A bias resulting from methods used to select subjects or data, factors that influence initial study participation, or differences between the study sample and the population of interest"
                                }
                            ]
                        }, 
                        {
                            "summary": "The study design used response-adaptive randomization in which group assignment ratios could be modified during the trial on the basis of response-adaptive interim analyses to favor the assignment of patients to the treatment group showing greater benefit. The confounding by time (imbalanced randomization with time period) is not adequately reported to determine the potential influence on results or adequacy of adjusted analyses.", 
                            "type": {
                                "text": "Confounding Covariate Bias"
                            }, 
                            "classifier": [
                                {
                                    "coding": [
                                        {
                                            "system": "http://hl7.org/fhir/certainty-rating", 
                                            "version": "5.0.0", 
                                            "code": "serious-concern", 
                                            "display": "serious concern", 
                                            "userSelected": true
                                        }
                                    ]
                                }
                            ], 
                            "author": {
                                "display": "Brian S. Alper, Ilkka Kunnamo, Alfonso Iorio, Joanne Dehnbostel, Harold Lehmann, Kenneth Wilkins; clarifying explanation reviewed by Janice Tufte"
                            }, 
                            "component": [
                                {
                                    "summary": "Definition of Confounding Covariate Bias = A situation in which the effect or association between an exposure and outcome is distorted by another variable. For confounding covariate bias to occur the distorting variable must be (1) associated with the exposure and the outcome, (2) not in the causal pathway between exposure and outcome, and (3) unequally distributed between the groups being compared."
                                }, 
                                {
                                    "summary": "ATTACC implemented response-adaptive randomization on December 15, 2020, which led to imbalanced randomization. No data reported to determine if intervention-specific outcome rates were similar or different before and after December 15, 2020 in the ATTACC cohort."
                                }, 
                                {
                                    "summary": "Insufficient details reported to judge whether there is an imbalance in outcomes related to the adaptive randomization which in turn could be used to judge the validity of adjustment methods in the statistical model for this concern and the appropriateness of any sensitivity analyses."
                                }, 
                                {
                                    "summary": "Response-adaptive randomization led to imbalanced randomization.", 
                                    "type": {
                                        "text": "Allocation Bias"
                                    }, 
                                    "classifier": [
                                        {
                                            "text": "Adaptive randomization is not a concern by itself, only if it results in a confounding difference."
                                        }
                                    ], 
                                    "author": {
                                        "display": "Brian S. Alper, Joanne Dehnbostel, Harold Lehmann, Kenneth Wilkins"
                                    }, 
                                    "component": [
                                        {
                                            "summary": "Definition of Allocation Bias = A confounding covariate bias resulting from methods for assignment of the independent variable by the investigator to evaluate a response or outcome."
                                        }, 
                                        {
                                            "summary": "ATTACC implemented response-adaptive randomization on December 15, 2020, which led to imbalanced randomization."
                                        }
                                    ]
                                }, 
                                {
                                    "summary": "There is an unequal distribution of calendar time between the groups being compared.", 
                                    "type": {
                                        "text": "Confounding difference"
                                    }, 
                                    "classifier": [
                                        {
                                            "coding": [
                                                {
                                                    "system": "http://hl7.org/fhir/certainty-rating", 
                                                    "version": "5.0.0", 
                                                    "code": "serious-concern", 
                                                    "display": "serious concern", 
                                                    "userSelected": true
                                                }
                                            ]
                                        }
                                    ], 
                                    "author": {
                                        "display": "Brian S. Alper, Joanne Dehnbostel, Harold Lehmann, Kenneth Wilkins"
                                    }, 
                                    "component": [
                                        {
                                            "summary": "Definition of Confounding difference = A confounding covariate bias in which the unequal distribution of a potentially distorting variable is recognized."
                                        }, 
                                        {
                                            "summary": "Incomplete reporting limits the determination of the potential degree of influence of calendar time."
                                        }, 
                                        {
                                            "summary": "There is evidence of potential for calendar time to influence the results: In an observational study of 18,508 adults with laboratory-confirmed, COVID-19 associated hospitalization 'The percentage of hospitalized patients admitted to the ICU decreased from 37.8% in March to 20.5% in December' (Ann Intern Med 2021 Aug 10 https://www.acpjournals.org/doi/10.7326/M21-1991)."
                                        }
                                    ]
                                }
                            ]
                        }, 
                        {
                            "summary": "Awareness of treatment assignment may reduce clinical decision to initiate some types of \"organ support\" in patients with higher risk of major bleeding.", 
                            "type": {
                                "text": "Performance Bias"
                            }, 
                            "classifier": [
                                {
                                    "coding": [
                                        {
                                            "system": "http://hl7.org/fhir/certainty-rating", 
                                            "version": "5.0.0", 
                                            "code": "very-serious-concern", 
                                            "display": "very serious concern", 
                                            "userSelected": true
                                        }
                                    ]
                                }
                            ], 
                            "author": {
                                "display": "Brian S. Alper, Joanne Dehnbostel, Harold Lehmann, Muhammad Afzal"
                            }, 
                            "component": [
                                {
                                    "summary": "Definition of Performance Bias = A bias resulting from differences between the received exposure and the intended exposure."
                                }, 
                                {
                                    "summary": "Lack of blinding may explain reported differences in the primary outcome.", 
                                    "type": {
                                        "text": "Inadequate blinding of intervention deliverers"
                                    }, 
                                    "classifier": [
                                        {
                                            "coding": [
                                                {
                                                    "system": "http://hl7.org/fhir/certainty-rating", 
                                                    "version": "5.0.0", 
                                                    "code": "very-serious-concern", 
                                                    "display": "very serious concern", 
                                                    "userSelected": true
                                                }
                                            ]
                                        }
                                    ], 
                                    "author": {
                                        "display": "Brian S. Alper; clarifying explanation reviewed by Janice Tufte"
                                    }, 
                                    "component": [
                                        {
                                            "summary": "The absolute difference in survival without intubation was 1%, so 3% of the 4% absolute difference in the primary outcome can be considered \"organ support without intubation\"."
                                        }, 
                                        {
                                            "summary": "The specific \"organ support without intubation\" was not reported. The methods for one of the included trials stated \"Organ Support is defined as receipt of invasive or non-invasive mechanical ventilation, high flow nasal oxygen, vasopressor therapy, or ECMO support\""
                                        }, 
                                        {
                                            "summary": "Awareness of treatment assignment may reduce clinical decision to initiate \"organ support without intubation\" in patients with higher risk of major bleeding."
                                        }, 
                                        {
                                            "summary": "Definition of Inadequate blinding of intervention deliverers = A performance bias due to awareness of the allocated intervention by individuals providing or delivering the intervention."
                                        }
                                    ]
                                }, 
                                {
                                    "summary": "Crossover to other intervention in 20%", 
                                    "type": {
                                        "text": "Deviation from study intervention protocol"
                                    }, 
                                    "classifier": [
                                        {
                                            "text": "degree of concern unclear"
                                        }
                                    ], 
                                    "author": {
                                        "display": "Surbhi Shah, Brian S. Alper"
                                    }, 
                                    "component": [
                                        {
                                            "summary": "Therapeutic dose anticoagulation (in the first 24-48 hours following randomization) was reported in 79.6% of the therapeutic arm and 0.9% of the usual care arm. (Table S3)"
                                        }, 
                                        {
                                            "summary": "Definition of Deviation from study intervention protocol = A performance bias in which the intervention received differs from the intervention specified in the study protocol."
                                        }
                                    ]
                                }, 
                                {
                                    "summary": "We discussed whether they may be a bias related to limited adherence to anticoagulation. Because this was an inpatient population, we did not expect adherence problems that are more common with outpatient thromboprophylaxis.", 
                                    "type": {
                                        "text": "Nonadherence of implementation"
                                    }, 
                                    "classifier": [
                                        {
                                            "text": "limited concern"
                                        }
                                    ], 
                                    "author": {
                                        "display": "COVID-19 Knowledge Accelerator Working Group discussion with Brian S. Alper, Ilkka Kunnamo, Joanne Dehnbostel; Performance Bias concern initially suggested by Harold Lehmann"
                                    }, 
                                    "component": [
                                        {
                                            "summary": "Initial adherence to the protocol-assigned anticoagulation dose after randomization was 88.3% in the therapeutic-dose anticoagulation group and 98.3% in the thromboprophylaxis group (Table S3)."
                                        }, 
                                        {
                                            "summary": "Definition of Nonadherence of implementation = A performance bias in which the intervention deliverers do not completely adhere to the expected intervention."
                                        }
                                    ]
                                }
                            ]
                        }, 
                        {
                            "summary": "The influence of awareness of treatment assignment by the treating clinicians on the initaition of organ support (which is the primary outcome) was already addressed as Performance Bias so is not repeated here as a bias in detecting the outcome.", 
                            "type": {
                                "text": "Detection Bias"
                            }, 
                            "classifier": [
                                {
                                    "coding": [
                                        {
                                            "system": "http://hl7.org/fhir/certainty-rating", 
                                            "version": "5.0.0", 
                                            "code": "no-concern", 
                                            "display": "no serious concern", 
                                            "userSelected": true
                                        }
                                    ]
                                }
                            ], 
                            "author": {
                                "display": "Brian S. Alper, Joanne Dehnbostel, Muhammad Afzal"
                            }, 
                            "component": [
                                {
                                    "summary": "Definition of Detection Bias = A bias due to distortions in how variable values (data) are determined."
                                }
                            ]
                        }, 
                        {
                            "summary": "Only 19 of 1190 (1.6%) therapeutic group and 6 of 1054 (0.6) prophylactic group were excluded after randomization.", 
                            "type": {
                                "text": "Attrition Bias"
                            }, 
                            "classifier": [
                                {
                                    "coding": [
                                        {
                                            "system": "http://hl7.org/fhir/certainty-rating", 
                                            "version": "5.0.0", 
                                            "code": "no-concern", 
                                            "display": "no serious concern", 
                                            "userSelected": true
                                        }
                                    ]
                                }
                            ], 
                            "author": {
                                "display": "Brian S. Alper, Joanne Dehnbostel, Muhammad Afzal"
                            }, 
                            "component": [
                                {
                                    "summary": "Definition of Attrition Bias = A bias due to absence of expected participation or data collection after selection for study inclusion."
                                }
                            ]
                        }, 
                        {
                            "summary": "It is unknown if the results are sensitive to the analytic method, and the stopping criteria were based on statistical significance and not magnitude of effect.", 
                            "type": {
                                "text": "Analysis Bias"
                            }, 
                            "classifier": [
                                {
                                    "coding": [
                                        {
                                            "system": "http://hl7.org/fhir/certainty-rating", 
                                            "version": "5.0.0", 
                                            "code": "very-serious-concern", 
                                            "display": "very serious concern", 
                                            "userSelected": true
                                        }
                                    ]
                                }
                            ], 
                            "author": {
                                "display": "Brian S. Alper, Joanne Dehnbostel, Muhammad Afzal, Janice Tufte"
                            }, 
                            "component": [
                                {
                                    "summary": "Definition of Analysis Bias = A bias related to the analytic process applied to the data."
                                }, 
                                {
                                    "summary": "A frequentist analysis is not reported so we cannot determine if the results are sensitive to the analytic method", 
                                    "type": {
                                        "text": "Bias related to selection of the analysis"
                                    }, 
                                    "classifier": [
                                        {
                                            "coding": [
                                                {
                                                    "system": "http://hl7.org/fhir/certainty-rating", 
                                                    "version": "5.0.0", 
                                                    "code": "very-serious-concern", 
                                                    "display": "very serious concern", 
                                                    "userSelected": true
                                                }
                                            ]
                                        }
                                    ], 
                                    "author": {
                                        "display": "Brian S. Alper, Joanne Dehnbostel, Muhammad Afzal, Janice Tufte"
                                    }, 
                                    "component": [
                                        {
                                            "summary": "Definition of Bias related to selection of the analysis = An analysis bias due to inappropriate choice of analysis methods before the analysis is applied."
                                        }, 
                                        {
                                            "summary": "There was no pre-specified frequentist analysis. There was no posthoc frequentist analysis reported."
                                        }, 
                                        {
                                            "summary": "It is uncertain what a frequentist analysis would show and uncertain whether the choice of Bayesian analysis or frequentist analysis has a substantial influence on the results."
                                        }
                                    ]
                                }, 
                                {
                                    "summary": "The stopping criteria were based on statistical significance and not magnitude of effect.", 
                                    "type": {
                                        "text": "Early trial termination"
                                    }, 
                                    "classifier": [
                                        {
                                            "coding": [
                                                {
                                                    "system": "http://hl7.org/fhir/certainty-rating", 
                                                    "version": "5.0.0", 
                                                    "code": "very-serious-concern", 
                                                    "display": "very serious concern", 
                                                    "userSelected": true
                                                }
                                            ]
                                        }
                                    ], 
                                    "author": {
                                        "display": "Brian S. Alper, Joanne Dehnbostel, Muhammad Afzal, Janice Tufte"
                                    }, 
                                    "component": [
                                        {
                                            "summary": "There was no \u201cminimally important difference\u201d. So a 99% probability of having an odds ratio > 1 (even if the magnitude of effect is infinitesimal) was used to decide it was time to stop the trial."
                                        }
                                    ]
                                }
                            ]
                        }
                    ]
                }, 
                {
                    "informationType": "comment", 
                    "summary": "Results not consistent with critically ill cohort.", 
                    "type": {
                        "coding": [
                            {
                                "system": "http://hl7.org/fhir/certainty-type", 
                                "version": "5.0.0", 
                                "code": "Inconsistency", 
                                "display": "Inconsistency", 
                                "userSelected": true
                            }
                        ]
                    }, 
                    "author": {
                        "display": "Ilkka Kunnamo"
                    }
                }
            ]
        }
    }
}