{
    "bundle-transaction": {
        "summary": "An example transaction", 
        "description": "An example transaction", 
        "externalValue": "https://hl7.org/fhir/R5/bundle-transaction.json"
    }, 
    "bundle-response": {
        "summary": "Response for the example transaction", 
        "description": "Response for the example transaction", 
        "externalValue": "https://hl7.org/fhir/R5/bundle-response.json"
    }, 
    "bundle-request-medsallergies": {
        "summary": "Retrieve a patients medications, allergies, problems and immunizations", 
        "description": "Retrieve a patients medications, allergies, problems and immunizations", 
        "externalValue": "https://hl7.org/fhir/R5/bundle-request-medsallergies.json"
    }, 
    "bundle-response-medsallergies": {
        "summary": "Response for Retrieve a patients medications, allergies, problems and immunizations", 
        "description": "Response for Retrieve a patients medications, allergies, problems and immunizations", 
        "externalValue": "https://hl7.org/fhir/R5/bundle-response-medsallergies.json"
    }, 
    "bundle-request-simplesummary": {
        "summary": "Retrieve a patient\u2019s conditions, medication statements and blood pressure readings since a given date", 
        "description": "Retrieve a patient\u2019s conditions, medication statements and blood pressure readings since a given date", 
        "externalValue": "https://hl7.org/fhir/R5/bundle-request-simplesummary.json"
    }, 
    "bundle-response-simplesummary": {
        "summary": "Response for Retrieve a patient\u2019s conditions, medication statements and blood pressure readings since a given date", 
        "description": "Response for Retrieve a patient\u2019s conditions, medication statements and blood pressure readings since a given date", 
        "externalValue": "https://hl7.org/fhir/R5/bundle-response-simplesummary.json"
    }, 
    "bundle-search-warning": {
        "summary": "An example an empty search result with a warning", 
        "description": "An example an empty search result with a warning", 
        "externalValue": "https://hl7.org/fhir/R5/bundle-search-warning.json"
    }, 
    "bundle-references": {
        "summary": "An example bundle that demonstrates various reference resolution paths", 
        "description": "An example bundle that demonstrates various reference resolution paths", 
        "externalValue": "https://hl7.org/fhir/R5/bundle-references.json"
    }, 
    "example": {
        "summary": "An example of a search response", 
        "description": "An example of a search response", 
        "value": {
            "resourceType": "Bundle", 
            "id": "bundle-example", 
            "meta": {
                "lastUpdated": "2014-08-18T01:43:30Z"
            }, 
            "type": "searchset", 
            "total": 3, 
            "link": [
                {
                    "relation": "self", 
                    "url": "https://example.com/base/MedicationRequest?patient=347&_include=MedicationRequest.medication&_count=2"
                }, 
                {
                    "relation": "next", 
                    "url": "https://example.com/base/MedicationRequest?patient=347&searchId=ff15fd40-ff71-4b48-b366-09c706bed9d0&page=2"
                }
            ], 
            "entry": [
                {
                    "fullUrl": "https://example.com/base/MedicationRequest/3123", 
                    "resource": {
                        "resourceType": "MedicationRequest", 
                        "id": "3123", 
                        "text": {
                            "status": "generated", 
                            "div": "<div xmlns=\"http://www.w3.org/1999/xhtml\"><p><b>Generated Narrative: MedicationRequest</b><a name=\"3123\"> </a></p><div style=\"display: inline-block; background-color: #d9e0e7; padding: 6px; margin: 4px; border: 1px solid #8da1b4; border-radius: 5px; line-height: 60%\"><p style=\"margin-bottom: 0px\">Resource MedicationRequest &quot;3123&quot; </p></div><p><b>status</b>: <span title=\"  snip  \">unknown</span></p><p><b>intent</b>: order</p><h3>Medications</h3><table class=\"grid\"><tr><td>-</td><td><b>Reference</b></td></tr><tr><td>*</td><td><a href=\"broken-link.html\">Medication/example</a></td></tr></table><p><b>subject</b>: <a href=\"broken-link.html\">Patient/347</a></p></div>"
                        }, 
                        "status": "unknown", 
                        "intent": "order", 
                        "medication": {
                            "reference": {
                                "reference": "Medication/example"
                            }
                        }, 
                        "subject": {
                            "reference": "Patient/347"
                        }
                    }, 
                    "search": {
                        "mode": "match", 
                        "score": 1
                    }
                }, 
                {
                    "fullUrl": "https://example.com/base/Medication/example", 
                    "resource": {
                        "resourceType": "Medication", 
                        "id": "example", 
                        "text": {
                            "status": "generated", 
                            "div": "<div xmlns=\"http://www.w3.org/1999/xhtml\"><p><b>Generated Narrative: Medication</b><a name=\"example\"> </a></p><div style=\"display: inline-block; background-color: #d9e0e7; padding: 6px; margin: 4px; border: 1px solid #8da1b4; border-radius: 5px; line-height: 60%\"><p style=\"margin-bottom: 0px\">Resource Medication &quot;example&quot; </p></div></div>"
                        }
                    }, 
                    "search": {
                        "mode": "include"
                    }
                }
            ]
        }
    }
}