{
    "patient": {
        "summary": "Full Patient Compartment", 
        "description": "Full Patient Compartment", 
        "externalValue": "https://hl7.org/fhir/R5/compartmentdefinition-patient.json"
    }, 
    "practitioner": {
        "summary": "Full Practitioner Compartment", 
        "description": "Full Practitioner Compartment", 
        "externalValue": "https://hl7.org/fhir/R5/compartmentdefinition-practitioner.json"
    }, 
    "relatedperson": {
        "summary": "Full RelatedPerson Compartment", 
        "description": "Full RelatedPerson Compartment", 
        "externalValue": "https://hl7.org/fhir/R5/compartmentdefinition-relatedperson.json"
    }, 
    "device": {
        "summary": "Full Device Compartment", 
        "description": "Full Device Compartment", 
        "externalValue": "https://hl7.org/fhir/R5/compartmentdefinition-device.json"
    }, 
    "encounter": {
        "summary": "Full Encounter Compartment", 
        "description": "Full Encounter Compartment", 
        "externalValue": "https://hl7.org/fhir/R5/compartmentdefinition-encounter.json"
    }, 
    "example": {
        "summary": "Example Compartment", 
        "description": "Example Compartment", 
        "value": {
            "resourceType": "CompartmentDefinition", 
            "id": "example", 
            "text": {
                "status": "generated", 
                "div": "<div xmlns=\"http://www.w3.org/1999/xhtml\"><p><b>Generated Narrative: CompartmentDefinition</b><a name=\"example\"> </a></p><div style=\"display: inline-block; background-color: #d9e0e7; padding: 6px; margin: 4px; border: 1px solid #8da1b4; border-radius: 5px; line-height: 60%\"><p style=\"margin-bottom: 0px\">Resource CompartmentDefinition &quot;example&quot; </p></div><p><b>url</b>: <code>http://hl7.org/fhir/CompartmentDefinition/example</code></p><p><b>name</b>: EXAMPLE</p><p><b>title</b>: E X A M P L E</p><p><b>status</b>: draft</p><p><b>experimental</b>: true</p><p><b>date</b>: 2017-02-24</p><p><b>publisher</b>: Health Level Seven International (FHIR Infrastructure)</p><p><b>contact</b>: [string]: <a href=\"http://hl7.org/fhir\">http://hl7.org/fhir</a></p><p><b>description</b>: The set of resources associated with a particular Device (example with Communication and CommunicationRequest resourses only).</p><h3>UseContexts</h3><table class=\"grid\"><tr><td>-</td><td><b>Code</b></td><td><b>Value[x]</b></td></tr><tr><td>*</td><td>Clinical Focus (Details: http://terminology.hl7.org/CodeSystem/usage-context-type code focus = 'Clinical Focus', stated as 'null')</td><td>Device <span style=\"background: LightGoldenRodYellow; margin: 4px; border: 1px solid khaki\"> (<a href=\"codesystem-fhir-types.html\">All FHIR Types</a>#Device)</span></td></tr></table><p><b>purpose</b>: Provides an example of a FHIR compartment definition based on the Device resource type.</p><p><b>code</b>: Device</p><p><b>search</b>: true</p><blockquote><p><b>resource</b></p><p><b>code</b>: Communication</p><p><b>param</b>: sender, recipient</p><p><b>documentation</b>: The device used as the message sender and recipient</p></blockquote><blockquote><p><b>resource</b></p><p><b>code</b>: CommunicationRequest</p><p><b>param</b>: sender, recipient</p><p><b>documentation</b>: The device used as the message sender and recipient</p></blockquote></div>"
            }, 
            "url": "http://hl7.org/fhir/CompartmentDefinition/example", 
            "name": "EXAMPLE", 
            "title": "E X A M P L E", 
            "status": "draft", 
            "experimental": true, 
            "date": "2017-02-24", 
            "publisher": "Health Level Seven International (FHIR Infrastructure)", 
            "contact": [
                {
                    "name": "[string]", 
                    "telecom": [
                        {
                            "system": "url", 
                            "value": "http://hl7.org/fhir"
                        }
                    ]
                }
            ], 
            "description": "The set of resources associated with a particular Device (example with Communication and CommunicationRequest resourses only).", 
            "useContext": [
                {
                    "code": {
                        "system": "http://terminology.hl7.org/CodeSystem/usage-context-type", 
                        "code": "focus"
                    }, 
                    "valueCodeableConcept": {
                        "coding": [
                            {
                                "system": "http://hl7.org/fhir/fhir-types", 
                                "code": "Device"
                            }
                        ]
                    }
                }
            ], 
            "purpose": "Provides an example of a FHIR compartment definition based on the Device resource type.", 
            "code": "Device", 
            "search": true, 
            "resource": [
                {
                    "code": "Communication", 
                    "param": [
                        "sender", 
                        "recipient"
                    ], 
                    "documentation": "The device used as the message sender and recipient"
                }, 
                {
                    "code": "CommunicationRequest", 
                    "param": [
                        "sender", 
                        "recipient"
                    ], 
                    "documentation": "The device used as the message sender and recipient"
                }
            ]
        }
    }
}