{
    "example": {
        "summary": "Wheelchair assignment", 
        "description": "Wheelchair assignment", 
        "value": {
            "resourceType": "DeviceRequest", 
            "id": "example", 
            "text": {
                "status": "generated", 
                "div": "<div xmlns=\"http://www.w3.org/1999/xhtml\"><p><b>Generated Narrative: DeviceRequest</b><a name=\"example\"> </a></p><div style=\"display: inline-block; background-color: #d9e0e7; padding: 6px; margin: 4px; border: 1px solid #8da1b4; border-radius: 5px; line-height: 60%\"><p style=\"margin-bottom: 0px\">Resource DeviceRequest &quot;example&quot; </p></div><p><b>status</b>: <span title=\"  insert contents here  \">completed</span></p><p><b>intent</b>: original-order</p><h3>Codes</h3><table class=\"grid\"><tr><td>-</td><td><b>Reference</b></td></tr><tr><td>*</td><td><a href=\"device-example.html\">Device/example</a></td></tr></table><p><b>subject</b>: <a href=\"patient-example.html\">Patient/example</a> &quot;Peter CHALMERS&quot;</p></div>"
            }, 
            "status": "completed", 
            "intent": "original-order", 
            "code": {
                "reference": {
                    "reference": "Device/example"
                }
            }, 
            "subject": {
                "reference": "Patient/example"
            }
        }
    }, 
    "insulinpump": {
        "summary": "Insulin Pump request", 
        "description": "Insulin Pump request", 
        "externalValue": "https://hl7.org/fhir/R5/devicerequest-example-insulinpump.json"
    }, 
    "right-lens": {
        "summary": "Right Lens prescription using the parameters element", 
        "description": "Right Lens prescription using the parameters element", 
        "externalValue": "https://hl7.org/fhir/R5/devicerequest-right-lens.json"
    }, 
    "left-lens": {
        "summary": "Left Lens prescription using the parameters element", 
        "description": "Left Lens prescription using the parameters element", 
        "externalValue": "https://hl7.org/fhir/R5/devicerequest-left-lens.json"
    }
}