{
    "example": {
        "summary": "General Device Example", 
        "description": "General Device Example", 
        "value": {
            "resourceType": "Device", 
            "id": "example", 
            "text": {
                "status": "generated", 
                "div": "<div xmlns=\"http://www.w3.org/1999/xhtml\"><p><b>Generated Narrative: Device</b><a name=\"example\"> </a></p><div style=\"display: inline-block; background-color: #d9e0e7; padding: 6px; margin: 4px; border: 1px solid #8da1b4; border-radius: 5px; line-height: 60%\"><p style=\"margin-bottom: 0px\">Resource Device &quot;example&quot; </p></div><p><b>identifier</b>: id:\u00a0345675</p></div>"
            }, 
            "identifier": [
                {
                    "system": "http://goodcare.org/devices/id", 
                    "value": "345675"
                }
            ]
        }
    }, 
    "f001": {
        "summary": "Feeding Tube", 
        "description": "Feeding Tube", 
        "externalValue": "https://hl7.org/fhir/R5/device-example-f001-feedingtube.json"
    }, 
    "and20601bpmonitor": {
        "summary": "AND20601BPMonitor", 
        "description": "AND20601BPMonitor", 
        "externalValue": "https://hl7.org/fhir/R5/device-example-AND20601BPMonitor.json"
    }, 
    "ANDThermometer": {
        "summary": "ANDThermometer", 
        "description": "ANDThermometer", 
        "externalValue": "https://hl7.org/fhir/R5/device-example-ANDThermometer.json"
    }, 
    "AndroidGatewayPHG": {
        "summary": "AndroidGatewayPHG", 
        "description": "AndroidGatewayPHG", 
        "externalValue": "https://hl7.org/fhir/R5/device-example-AndroidGatewayPHG.json"
    }, 
    "Bodimetrics": {
        "summary": "Bodimetrics", 
        "description": "Bodimetrics", 
        "externalValue": "https://hl7.org/fhir/R5/device-example-Bodimetrics.json"
    }, 
    "KinsaThermometer": {
        "summary": "KinsaThermometer", 
        "description": "KinsaThermometer", 
        "externalValue": "https://hl7.org/fhir/R5/device-example-KinsaThermometer.json"
    }, 
    "Nonin20601PulseOx": {
        "summary": "Nonin20601PulseOx", 
        "description": "Nonin20601PulseOx", 
        "externalValue": "https://hl7.org/fhir/R5/device-example-Nonin20601PulseOx.json"
    }, 
    "NoninBlePulseOx": {
        "summary": "NoninBlePulseOx", 
        "description": "NoninBlePulseOx", 
        "externalValue": "https://hl7.org/fhir/R5/device-example-NoninBlePulseOx.json"
    }, 
    "PhilipsThermometer": {
        "summary": "PhilipsThermometer", 
        "description": "PhilipsThermometer", 
        "externalValue": "https://hl7.org/fhir/R5/device-example-PhilipsThermometer.json"
    }, 
    "RocheGlucoseMonitor": {
        "summary": "RocheGlucoseMonitor", 
        "description": "RocheGlucoseMonitor", 
        "externalValue": "https://hl7.org/fhir/R5/device-example-RocheGlucoseMonitor.json"
    }, 
    "ihe-pcd": {
        "summary": "ihe-pcd", 
        "description": "ihe-pcd", 
        "externalValue": "https://hl7.org/fhir/R5/device-example-ihe-pcd.json"
    }, 
    "example-pacemaker": {
        "summary": "example-pacemaker", 
        "description": "example-pacemaker", 
        "externalValue": "https://hl7.org/fhir/R5/device-example-pacemaker.json"
    }, 
    "example-software": {
        "summary": "example-software", 
        "description": "example-software", 
        "externalValue": "https://hl7.org/fhir/R5/device-example-software.json"
    }, 
    "example-udi1": {
        "summary": "example-udi1", 
        "description": "example-udi1", 
        "externalValue": "https://hl7.org/fhir/R5/device-example-udi1.json"
    }, 
    "example-udi2": {
        "summary": "example-udi2", 
        "description": "example-udi2", 
        "externalValue": "https://hl7.org/fhir/R5/device-example-udi2.json"
    }, 
    "example-udi3": {
        "summary": "example-udi3", 
        "description": "example-udi3", 
        "externalValue": "https://hl7.org/fhir/R5/device-example-udi3.json"
    }, 
    "example-udi4": {
        "summary": "example-udi4", 
        "description": "example-udi4", 
        "externalValue": "https://hl7.org/fhir/R5/device-example-udi4.json"
    }, 
    "device-example-specimen-container-green-gel-vacutainer": {
        "summary": "device-example-specimen-container-green-gel-vacutainer", 
        "description": "device-example-specimen-container-green-gel-vacutainer", 
        "externalValue": "https://hl7.org/fhir/R5/device-example-specimen-container-green-gel-vacutainer.json"
    }, 
    "device-example-specimen-container-lavender-vacutainer": {
        "summary": "device-example-specimen-container-lavender-vacutainer", 
        "description": "device-example-specimen-container-lavender-vacutainer", 
        "externalValue": "https://hl7.org/fhir/R5/device-example-specimen-container-lavender-vacutainer.json"
    }, 
    "device-example-specimen-container-red-top-vacutainer": {
        "summary": "device-example-specimen-container-red-top-vacutainer", 
        "description": "device-example-specimen-container-red-top-vacutainer", 
        "externalValue": "https://hl7.org/fhir/R5/device-example-specimen-container-red-top-vacutainer.json"
    }, 
    "device-example-specimen-container-polycup": {
        "summary": "device-example-specimen-container-polycup", 
        "description": "device-example-specimen-container-polycup", 
        "externalValue": "https://hl7.org/fhir/R5/device-example-specimen-container-polycup.json"
    }, 
    "device-example-specimen-container-example-sst-vacutainer": {
        "summary": "device-example-specimen-container-example-sst-vacutainer", 
        "description": "device-example-specimen-container-example-sst-vacutainer", 
        "externalValue": "https://hl7.org/fhir/R5/device-example-specimen-container-example-sst-vacutainer.json"
    }
}