{
    "example": {
        "summary": "Example Endpoint", 
        "description": "Example Endpoint", 
        "value": {
            "resourceType": "Endpoint", 
            "id": "example", 
            "text": {
                "status": "generated", 
                "div": "<div xmlns=\"http://www.w3.org/1999/xhtml\">\n\t\t\tHealth Intersections CarePlan Hub<br/>\n\t\t\tCarePlans can be uploaded to/from this loccation\n\t\t</div>"
            }, 
            "identifier": [
                {
                    "system": "http://example.org/enpoint-identifier", 
                    "value": "epcp12"
                }
            ], 
            "status": "active", 
            "connectionType": [
                {
                    "coding": [
                        {
                            "system": "http://terminology.hl7.org/CodeSystem/endpoint-connection-type", 
                            "code": "hl7-fhir-rest"
                        }
                    ]
                }
            ], 
            "name": "Health Intersections CarePlan Hub", 
            "description": "The CarePlan hub provides a test/dev environment for testing submissions", 
            "environmentType": [
                {
                    "coding": [
                        {
                            "system": "http://hl7.org/fhir/endpoint-environment", 
                            "code": "test"
                        }
                    ]
                }, 
                {
                    "coding": [
                        {
                            "system": "http://hl7.org/fhir/endpoint-environment", 
                            "code": "dev"
                        }
                    ]
                }
            ], 
            "managingOrganization": {
                "reference": "Organization/hl7"
            }, 
            "contact": [
                {
                    "system": "email", 
                    "value": "endpointmanager@example.org", 
                    "use": "work"
                }
            ], 
            "period": {
                "start": "2014-09-01"
            }, 
            "payload": [
                {
                    "type": [
                        {
                            "coding": [
                                {
                                    "system": "http://hl7.org/fhir/fhir-types", 
                                    "code": "CarePlan"
                                }
                            ]
                        }
                    ], 
                    "mimeType": [
                        "application/fhir+xml"
                    ]
                }
            ], 
            "address": "http://fhir3.healthintersections.com.au/open/CarePlan", 
            "header": [
                "bearer-code BASGS534s4"
            ]
        }
    }, 
    "b5711af0a-d678-46d1-86e9-66e454cf1522": {
        "summary": "Collection of endpoint examples", 
        "description": "Collection of endpoint examples", 
        "externalValue": "https://hl7.org/fhir/R5/endpoint-examples-general-template.json"
    }, 
    "example-wadors": {
        "summary": "Example of DICOM WADO-RS endpoint", 
        "description": "Example of DICOM WADO-RS endpoint", 
        "externalValue": "https://hl7.org/fhir/R5/endpoint-example-wadors.json"
    }, 
    "direct-endpoint": {
        "summary": "Example of a DIRECT endpoint", 
        "description": "Example of a DIRECT endpoint", 
        "externalValue": "https://hl7.org/fhir/R5/endpoint-example-direct.json"
    }
}