{
    "example": {
        "summary": "Example of evidencereport", 
        "description": "Example of evidencereport", 
        "value": {
            "resourceType": "EvidenceReport", 
            "id": "example", 
            "text": {
                "status": "generated", 
                "div": "<div xmlns=\"http://www.w3.org/1999/xhtml\">[Put rendering here]</div>"
            }, 
            "status": "draft", 
            "subject": {
                "note": [
                    {
                        "text": "This is just an example."
                    }
                ]
            }
        }
    }
}