{
    "example-basic-image-selection": {
        "summary": "Basic Image Selection", 
        "description": "Basic Image Selection", 
        "externalValue": "https://hl7.org/fhir/R5/imagingselection-example-basic-image-selection.json"
    }, 
    "example-multiframe-image-selection": {
        "summary": "Multiframe Image Selection", 
        "description": "Multiframe Image Selection", 
        "externalValue": "https://hl7.org/fhir/R5/imagingselection-example-multiframe-image-selection.json"
    }, 
    "example-segmentation-image-selection": {
        "summary": "Segmentation Image Selection", 
        "description": "Segmentation Image Selection", 
        "externalValue": "https://hl7.org/fhir/R5/imagingselection-example-segmentation-image-selection.json"
    }, 
    "example-dicom-sr-selection": {
        "summary": "DICOM SR Selection", 
        "description": "DICOM SR Selection", 
        "externalValue": "https://hl7.org/fhir/R5/imagingselection-example-dicom-sr-selection.json"
    }, 
    "example-presentation-state-selection": {
        "summary": "Presentation State Selection", 
        "description": "Presentation State Selection", 
        "externalValue": "https://hl7.org/fhir/R5/imagingselection-example-presentation-state-selection.json"
    }, 
    "example-2d-image-region-selection": {
        "summary": "2D Image Region Selection", 
        "description": "2D Image Region Selection", 
        "externalValue": "https://hl7.org/fhir/R5/imagingselection-example-2d-image-region-selection.json"
    }, 
    "example": {
        "summary": "3D Image Region Selection", 
        "description": "3D Image Region Selection", 
        "value": {
            "resourceType": "ImagingSelection", 
            "id": "example-3d-image-region-selection", 
            "text": {
                "status": "generated", 
                "div": "<div xmlns=\"http://www.w3.org/1999/xhtml\"><p><b>Generated Narrative: ImagingSelection</b><a name=\"example-3d-image-region-selection\"> </a></p><div style=\"display: inline-block; background-color: #d9e0e7; padding: 6px; margin: 4px; border: 1px solid #8da1b4; border-radius: 5px; line-height: 60%\"><p style=\"margin-bottom: 0px\">Resource ImagingSelection &quot;example-3d-image-region-selection&quot; </p></div><p><b>identifier</b>: id:\u00a0urn:oid:1.2.840.113747.20080222.189914271934823329266024988586343.2.1</p><p><b>status</b>: available</p><p><b>subject</b>: <span/></p><p><b>code</b>: Region selected from multiframe CT volume <span style=\"background: LightGoldenRodYellow; margin: 4px; border: 1px solid khaki\"> ()</span></p><p><b>studyUid</b>: 1.2.840.113747.20080222.189914271934870656966024988586343</p><p><b>derivedFrom</b>: <span/></p><p><b>seriesUid</b>: 1.2.840.113747.20080222.189914271934870659266024988586343.1</p><p><b>frameOfReferenceUid</b>: 1.2.840.113747.20080222.189914270656923329266024988586343.0</p><blockquote><p><b>instance</b></p><p><b>uid</b>: 1.2.840.113747.20080222.189914271934870656923024988586343.1.0</p><p><b>sopClass</b>: urn:oid:1.2.840.10008.5.1.4.1.1.2.1 (Details: urn:ietf:rfc:3986 code urn:oid:1.2.840.10008.5.1.4.1.1.2.1 = 'urn:oid:1.2.840.10008.5.1.4.1.1.2.1', stated as 'null')</p><h3>ImageRegion3Ds</h3><table class=\"grid\"><tr><td>-</td><td><b>RegionType</b></td><td><b>Coordinate</b></td></tr><tr><td>*</td><td>ellipse</td><td>-50.0, -50.0, -50.0, 50.0, 50.0, 50.0, 25.0, -25.0, 0.0, -25.0, 25.0, 0.0</td></tr></table></blockquote></div>"
            }, 
            "identifier": [
                {
                    "system": "urn:dicom:uid", 
                    "value": "urn:oid:1.2.840.113747.20080222.189914271934823329266024988586343.2.1"
                }
            ], 
            "status": "available", 
            "subject": {
                "type": "Patient", 
                "identifier": {
                    "system": "https://fhirhospital.org", 
                    "value": "PNWYPXNBXMPGMTWX"
                }
            }, 
            "code": {
                "text": "Region selected from multiframe CT volume"
            }, 
            "studyUid": "1.2.840.113747.20080222.189914271934870656966024988586343", 
            "derivedFrom": [
                {
                    "type": "ImagingStudy", 
                    "identifier": {
                        "system": "urn:dicom:uid", 
                        "value": "urn:oid:1.2.840.113747.20080222.189914271956923329266024988586343"
                    }
                }
            ], 
            "seriesUid": "1.2.840.113747.20080222.189914271934870659266024988586343.1", 
            "frameOfReferenceUid": "1.2.840.113747.20080222.189914270656923329266024988586343.0", 
            "instance": [
                {
                    "uid": "1.2.840.113747.20080222.189914271934870656923024988586343.1.0", 
                    "sopClass": {
                        "system": "urn:ietf:rfc:3986", 
                        "code": "urn:oid:1.2.840.10008.5.1.4.1.1.2.1"
                    }, 
                    "imageRegion3D": [
                        {
                            "regionType": "ellipse", 
                            "coordinate": [
                                -50.0, 
                                -50.0, 
                                -50.0, 
                                50.0, 
                                50.0, 
                                50.0, 
                                25.0, 
                                -25.0, 
                                0.0, 
                                -25.0, 
                                25.0, 
                                0.0
                            ]
                        }
                    ]
                }
            ]
        }
    }
}