{
    "example": {
        "summary": "Example of Immunization", 
        "description": "Example of Immunization", 
        "value": {
            "resourceType": "Immunization", 
            "id": "example", 
            "text": {
                "status": "generated", 
                "div": "<div xmlns=\"http://www.w3.org/1999/xhtml\"><p><b>Generated Narrative: Immunization</b><a name=\"example\"> </a></p><div style=\"display: inline-block; background-color: #d9e0e7; padding: 6px; margin: 4px; border: 1px solid #8da1b4; border-radius: 5px; line-height: 60%\"><p style=\"margin-bottom: 0px\">Resource Immunization &quot;example&quot; </p></div><p><b>identifier</b>: id:\u00a0urn:oid:1.3.6.1.4.1.21367.2005.3.7.1234</p><p><b>status</b>: completed</p><p><b>vaccineCode</b>: Flucelvax (Influenza) <span style=\"background: LightGoldenRodYellow; margin: 4px; border: 1px solid khaki\"> (unknown#FLUCEL VAX)</span></p><h3>AdministeredProducts</h3><table class=\"grid\"><tr><td>-</td><td><b>Concept</b></td></tr><tr><td>*</td><td>Flucelvax (Influenza, injectable, MDCK, preservative free, quadrivalent) <span style=\"background: LightGoldenRodYellow; margin: 4px; border: 1px solid khaki\"> (unknown#70461-0321-03)</span></td></tr></table><h3>Manufacturers</h3><table class=\"grid\"><tr><td>-</td><td><b>Reference</b></td></tr><tr><td>*</td><td><a href=\"organization-example.html\">Organization/hl7</a> &quot;Health Level Seven International&quot;</td></tr></table><p><b>lotNumber</b>: AAJN11K</p><p><b>expirationDate</b>: 2015-02-15</p><p><b>patient</b>: <a href=\"patient-example.html\">Patient/example</a> &quot;Peter CHALMERS&quot;</p><p><b>encounter</b>: <a href=\"encounter-example.html\">Encounter/example</a></p><p><b>occurrence</b>: 2013-01-10</p><p><b>primarySource</b>: true</p><p><b>location</b>: <a href=\"location-example.html\">Location/1</a> &quot;South Wing, second floor&quot;</p><p><b>site</b>: left arm <span style=\"background: LightGoldenRodYellow; margin: 4px; border: 1px solid khaki\"> (<a href=\"http://terminology.hl7.org/5.1.0/CodeSystem-v3-ActSite.html\">ActSite</a>#LA)</span></p><p><b>route</b>: Injection, intramuscular <span style=\"background: LightGoldenRodYellow; margin: 4px; border: 1px solid khaki\"> (<a href=\"http://terminology.hl7.org/5.1.0/CodeSystem-v3-RouteOfAdministration.html\">RouteOfAdministration</a>#IM)</span></p><p><b>doseQuantity</b>: 5 mg<span style=\"background: LightGoldenRodYellow\"> (Details: UCUM code mg = 'mg')</span></p><blockquote><p><b>performer</b></p><p><b>function</b>: Ordering Provider <span style=\"background: LightGoldenRodYellow; margin: 4px; border: 1px solid khaki\"> (<a href=\"http://terminology.hl7.org/5.1.0/CodeSystem-v2-0443.html\">providerRole</a>#OP)</span></p><p><b>actor</b>: <a href=\"practitioner-example.html\">Practitioner/example</a> &quot;Adam CAREFUL&quot;</p></blockquote><blockquote><p><b>performer</b></p><p><b>function</b>: Administering Provider <span style=\"background: LightGoldenRodYellow; margin: 4px; border: 1px solid khaki\"> (<a href=\"http://terminology.hl7.org/5.1.0/CodeSystem-v2-0443.html\">providerRole</a>#AP)</span></p><p><b>actor</b>: <a href=\"practitioner-example.html\">Practitioner/example</a> &quot;Adam CAREFUL&quot;</p></blockquote><p><b>note</b>: Notes on adminstration of vaccine</p><h3>Reasons</h3><table class=\"grid\"><tr><td>-</td><td><b>Concept</b></td></tr><tr><td>*</td><td>Procedure to meet occupational requirement <span style=\"background: LightGoldenRodYellow; margin: 4px; border: 1px solid khaki\"> (<a href=\"https://browser.ihtsdotools.org/\">SNOMED CT</a>#429060002)</span></td></tr></table><p><b>isSubpotent</b>: true</p><h3>ProgramEligibilities</h3><table class=\"grid\"><tr><td>-</td><td><b>Program</b></td><td><b>ProgramStatus</b></td></tr><tr><td>*</td><td>VFC <span style=\"background: LightGoldenRodYellow; margin: 4px; border: 1px solid khaki\"> ()</span></td><td>Uninsured <span style=\"background: LightGoldenRodYellow; margin: 4px; border: 1px solid khaki\"> (<a href=\"http://terminology.hl7.org/5.1.0/CodeSystem-immunization-program-eligibility.html\">Immunization Program Eligibility</a>#uninsured)</span></td></tr></table><p><b>fundingSource</b>: Private <span style=\"background: LightGoldenRodYellow; margin: 4px; border: 1px solid khaki\"> (<a href=\"http://terminology.hl7.org/5.1.0/CodeSystem-immunization-funding-source.html\">Immunization Funding Source</a>#private)</span></p></div>"
            }, 
            "identifier": [
                {
                    "system": "urn:ietf:rfc:3986", 
                    "value": "urn:oid:1.3.6.1.4.1.21367.2005.3.7.1234"
                }
            ], 
            "status": "completed", 
            "vaccineCode": {
                "coding": [
                    {
                        "system": "urn:oid:1.2.36.1.2001.1005.17", 
                        "code": "FLUCEL VAX"
                    }
                ], 
                "text": "Flucelvax (Influenza)"
            }, 
            "administeredProduct": {
                "concept": {
                    "coding": [
                        {
                            "system": "urn:oid:2.16.840.1.113883.6.69", 
                            "code": "70461-0321-03"
                        }
                    ], 
                    "text": "Flucelvax (Influenza, injectable, MDCK, preservative free, quadrivalent)"
                }
            }, 
            "manufacturer": {
                "reference": {
                    "reference": "Organization/hl7"
                }
            }, 
            "lotNumber": "AAJN11K", 
            "expirationDate": "2015-02-15", 
            "patient": {
                "reference": "Patient/example"
            }, 
            "encounter": {
                "reference": "Encounter/example"
            }, 
            "occurrenceDateTime": "2013-01-10", 
            "primarySource": true, 
            "location": {
                "reference": "Location/1"
            }, 
            "site": {
                "coding": [
                    {
                        "system": "http://terminology.hl7.org/CodeSystem/v3-ActSite", 
                        "code": "LA", 
                        "display": "left arm"
                    }
                ]
            }, 
            "route": {
                "coding": [
                    {
                        "system": "http://terminology.hl7.org/CodeSystem/v3-RouteOfAdministration", 
                        "code": "IM", 
                        "display": "Injection, intramuscular"
                    }
                ]
            }, 
            "doseQuantity": {
                "value": 5, 
                "system": "http://unitsofmeasure.org", 
                "code": "mg"
            }, 
            "performer": [
                {
                    "function": {
                        "coding": [
                            {
                                "system": "http://terminology.hl7.org/CodeSystem/v2-0443", 
                                "code": "OP"
                            }
                        ]
                    }, 
                    "actor": {
                        "reference": "Practitioner/example"
                    }
                }, 
                {
                    "function": {
                        "coding": [
                            {
                                "system": "http://terminology.hl7.org/CodeSystem/v2-0443", 
                                "code": "AP"
                            }
                        ]
                    }, 
                    "actor": {
                        "reference": "Practitioner/example"
                    }
                }
            ], 
            "note": [
                {
                    "text": "Notes on adminstration of vaccine"
                }
            ], 
            "reason": [
                {
                    "concept": {
                        "coding": [
                            {
                                "system": "http://snomed.info/sct", 
                                "code": "429060002"
                            }
                        ]
                    }
                }
            ], 
            "isSubpotent": true, 
            "programEligibility": [
                {
                    "program": {
                        "text": "VFC"
                    }, 
                    "programStatus": {
                        "coding": [
                            {
                                "system": "http://terminology.hl7.org/CodeSystem/immunization-program-eligibility", 
                                "code": "uninsured"
                            }
                        ]
                    }
                }
            ], 
            "fundingSource": {
                "coding": [
                    {
                        "system": "http://terminology.hl7.org/CodeSystem/immunization-funding-source", 
                        "code": "private"
                    }
                ]
            }
        }
    }, 
    "reaction": {
        "summary": "Example of Immunization with a Reaction", 
        "description": "Example of Immunization with a Reaction", 
        "externalValue": "https://hl7.org/fhir/R5/immunization-example-reaction.json"
    }, 
    "notGiven": {
        "summary": "Not Given Immunization Example", 
        "description": "Not Given Immunization Example", 
        "externalValue": "https://hl7.org/fhir/R5/immunization-example-refused.json"
    }, 
    "historical": {
        "summary": "Example of a Historical Example", 
        "description": "Example of a Historical Example", 
        "externalValue": "https://hl7.org/fhir/R5/immunization-example-historical.json"
    }, 
    "subpotent": {
        "summary": "Example of a Subpotent Dose", 
        "description": "Example of a Subpotent Dose", 
        "externalValue": "https://hl7.org/fhir/R5/immunization-example-subpotent.json"
    }, 
    "protocol": {
        "summary": "Example where the provider indicates the protocol being followed", 
        "description": "Example where the provider indicates the protocol being followed", 
        "externalValue": "https://hl7.org/fhir/R5/immunization-example-protocol.json"
    }
}