{
    "example": {
        "summary": "Example of inventoryreport", 
        "description": "Example of inventoryreport", 
        "value": {
            "resourceType": "InventoryReport", 
            "id": "example", 
            "text": {
                "status": "generated", 
                "div": "<div xmlns=\"http://www.w3.org/1999/xhtml\"><p><b>Generated Narrative: InventoryReport</b><a name=\"example\"> </a></p><div style=\"display: inline-block; background-color: #d9e0e7; padding: 6px; margin: 4px; border: 1px solid #8da1b4; border-radius: 5px; line-height: 60%\"><p style=\"margin-bottom: 0px\">Resource InventoryReport &quot;example&quot; </p></div><p><b>status</b>: draft</p><p><b>countType</b>: snapshot</p><p><b>reportedDateTime</b>: 2020-09-22</p></div>"
            }, 
            "status": "draft", 
            "countType": "snapshot", 
            "reportedDateTime": "2020-09-22"
        }
    }
}