{
    "measure-exclusive-breastfeeding": {
        "summary": "Exclusive Breastfeeding Measure", 
        "description": "Exclusive Breastfeeding Measure", 
        "externalValue": "https://hl7.org/fhir/R5/measure-exclusive-breastfeeding.json"
    }, 
    "measure-cms146-example": {
        "summary": "Appropriate Testing for Children with Pharyngitis", 
        "description": "Appropriate Testing for Children with Pharyngitis", 
        "externalValue": "https://hl7.org/fhir/R5/measure-cms146-example.json"
    }, 
    "component-a-example": {
        "summary": "Screening for Alcohol Misuse - Component A of a Composite Measure", 
        "description": "Screening for Alcohol Misuse - Component A of a Composite Measure", 
        "externalValue": "https://hl7.org/fhir/R5/measure-component-a-example.json"
    }, 
    "component-b-example": {
        "summary": "Screening for Depression - Component B of a Composite Measure Example", 
        "description": "Screening for Depression - Component B of a Composite Measure Example", 
        "externalValue": "https://hl7.org/fhir/R5/measure-component-b-example.json"
    }, 
    "composite-example": {
        "summary": "Behavioral Health Assessment - Composite Measure Example", 
        "description": "Behavioral Health Assessment - Composite Measure Example", 
        "externalValue": "https://hl7.org/fhir/R5/measure-composite-example.json"
    }, 
    "measure-predecessor-example": {
        "summary": "Predecessor example - Exclusive Breastfeeding", 
        "description": "Predecessor example - Exclusive Breastfeeding", 
        "externalValue": "https://hl7.org/fhir/R5/measure-predecessor-example.json"
    }, 
    "example": {
        "summary": "Example of Measure to define public health reporting data elements", 
        "description": "Example of Measure to define public health reporting data elements", 
        "value": {
            "resourceType": "Measure", 
            "id": "hiv-indicators", 
            "text": {
                "status": "generated", 
                "div": "<div xmlns=\"http://www.w3.org/1999/xhtml\"><p><b>Generated Narrative: Measure</b><a name=\"hiv-indicators\"> </a></p><div style=\"display: inline-block; background-color: #d9e0e7; padding: 6px; margin: 4px; border: 1px solid #8da1b4; border-radius: 5px; line-height: 60%\"><p style=\"margin-bottom: 0px\">Resource Measure &quot;hiv-indicators&quot; </p></div><p><b>url</b>: <code>http://ohie.org/Measure/hiv-indicators</code></p><p><b>identifier</b>: id:\u00a0urn:oid:2.16.840.1.113883.4.642.28.2, id:\u00a0hiv-indicators</p><p><b>version</b>: 0.0.0</p><p><b>name</b>: HIV</p><p><b>title</b>: HIV Indicators</p><p><b>status</b>: draft</p><p><b>experimental</b>: true</p><p><b>date</b>: 2018-03-08</p><p><b>publisher</b>: Open HIE</p><p><b>description</b>: This ADX-HIV measure defines a common set of HIV core indicators with data elements and associated stratifiers along with instructions regarding how to leverage these to generate and exchange conformant XML messages. Interoperable message exchange will be valuable to jurisdictions such as Ministries of Health, and WHO, and to health initiatives such as the U.S. President\u2019s Emergency Plan for AIDS Relief (PEPFAR), the Global Fund, UNAIDS, and others.</p><blockquote><p><b>relatedArtifact</b></p><p><b>type</b>: derived-from</p><blockquote><p><b>document</b></p></blockquote></blockquote><p><b>library</b>: <a href=\"library-hiv-indicators.html\">HIV Indicators</a></p><p><b>scoring</b>: cohort <span style=\"background: LightGoldenRodYellow; margin: 4px; border: 1px solid khaki\"> ([not stated]#cohort)</span></p><blockquote><p><b>group</b></p><p><b>code</b>: QRPH_ADX_ART1_N <span style=\"background: LightGoldenRodYellow; margin: 4px; border: 1px solid khaki\"> (#QRPH_ADX_ART1_N)</span></p><p><b>description</b>: Number of adults and children newly enrolled on antiretroviral therapy (ART) in the reporting period</p><blockquote><p><b>population</b></p><p><b>code</b>: cohort <span style=\"background: LightGoldenRodYellow; margin: 4px; border: 1px solid khaki\"> ()</span></p><h3>Criteria</h3><table class=\"grid\"><tr><td>-</td><td><b>Language</b></td><td><b>Expression</b></td></tr><tr><td>*</td><td>text/cql</td><td>Newly enrolled on antiretroviral therapy (ART) during measurement period</td></tr></table></blockquote><blockquote><p><b>stratifier</b></p><p><b>code</b>: AGE_GROUP:SEX <span style=\"background: LightGoldenRodYellow; margin: 4px; border: 1px solid khaki\"> (#AGE_GROUP:SEX)</span></p><h3>Criteria</h3><table class=\"grid\"><tr><td>-</td><td><b>Language</b></td><td><b>Expression</b></td></tr><tr><td>*</td><td>text/cql</td><td>Age Group/Sex</td></tr></table></blockquote></blockquote><blockquote><p><b>group</b></p><p><b>code</b>: QRPH_ADX_ART1_N_PREG_BF <span style=\"background: LightGoldenRodYellow; margin: 4px; border: 1px solid khaki\"> (#QRPH_ADX_ART1_N_PREG_BF)</span></p><p><b>description</b>: Number of adults and children newly enrolled on ART in the reporting period_pregnant and breastfeeding</p><blockquote><p><b>population</b></p><p><b>code</b>: cohort <span style=\"background: LightGoldenRodYellow; margin: 4px; border: 1px solid khaki\"> ()</span></p><h3>Criteria</h3><table class=\"grid\"><tr><td>-</td><td><b>Language</b></td><td><b>Expression</b></td></tr><tr><td>*</td><td>text/cql</td><td>Newly enrolled on antiretroviral therapy (ART) during measurement period (pregnant and breastfeeding)</td></tr></table></blockquote><blockquote><p><b>stratifier</b></p><p><b>code</b>: PREG_BF <span style=\"background: LightGoldenRodYellow; margin: 4px; border: 1px solid khaki\"> (#PREG_BF)</span></p><h3>Criteria</h3><table class=\"grid\"><tr><td>-</td><td><b>Language</b></td><td><b>Expression</b></td></tr><tr><td>*</td><td>text/cql</td><td>Pregnant/Breastfeeding</td></tr></table></blockquote></blockquote><blockquote><p><b>group</b></p><p><b>code</b>: QRPH_ADX_ART3_N <span style=\"background: LightGoldenRodYellow; margin: 4px; border: 1px solid khaki\"> (#QRPH_ADX_ART3_N)</span></p><p><b>description</b>: Number of adults and children currently receiving antiretroviral therapy (ART)</p><blockquote><p><b>population</b></p><p><b>code</b>: cohort <span style=\"background: LightGoldenRodYellow; margin: 4px; border: 1px solid khaki\"> ()</span></p><h3>Criteria</h3><table class=\"grid\"><tr><td>-</td><td><b>Language</b></td><td><b>Expression</b></td></tr><tr><td>*</td><td>text/cql</td><td>Receiving antiretroviral therapy (ART) during measurement period</td></tr></table></blockquote></blockquote><blockquote><p><b>group</b></p><p><b>code</b>: QRPH_ADX_ART5_N <span style=\"background: LightGoldenRodYellow; margin: 4px; border: 1px solid khaki\"> (#QRPH_ADX_ART5_N)</span></p><p><b>description</b>: Number of adults and children who are still on treatment at 12 months after initiating ART</p><blockquote><p><b>population</b></p><p><b>code</b>: cohort <span style=\"background: LightGoldenRodYellow; margin: 4px; border: 1px solid khaki\"> ()</span></p><h3>Criteria</h3><table class=\"grid\"><tr><td>-</td><td><b>Language</b></td><td><b>Expression</b></td></tr><tr><td>*</td><td>text/cql</td><td>Receiving antiretroviral therapy (ART) at 12 months after initiating</td></tr></table></blockquote><blockquote><p><b>stratifier</b></p><blockquote><p><b>component</b></p><p><b>code</b>: AGE_GROUP <span style=\"background: LightGoldenRodYellow; margin: 4px; border: 1px solid khaki\"> (#AGE_GROUP)</span></p><h3>Criteria</h3><table class=\"grid\"><tr><td>-</td><td><b>Language</b></td><td><b>Expression</b></td></tr><tr><td>*</td><td>text/cql</td><td>Age Group</td></tr></table></blockquote><blockquote><p><b>component</b></p><p><b>code</b>: SEX <span style=\"background: LightGoldenRodYellow; margin: 4px; border: 1px solid khaki\"> (#SEX)</span></p><h3>Criteria</h3><table class=\"grid\"><tr><td>-</td><td><b>Language</b></td><td><b>Expression</b></td></tr><tr><td>*</td><td>text/cql</td><td>Sex</td></tr></table></blockquote></blockquote></blockquote><blockquote><p><b>group</b></p><p><b>code</b>: QRPH_ADX_ART5_N_PREG_BF <span style=\"background: LightGoldenRodYellow; margin: 4px; border: 1px solid khaki\"> (#QRPH_ADX_ART5_N_PREG_BF)</span></p><p><b>description</b>: Number of adults and children who are still on treatment at 12 months after initiating ART-pregnant and breastfeeding</p><blockquote><p><b>population</b></p><p><b>code</b>: cohort <span style=\"background: LightGoldenRodYellow; margin: 4px; border: 1px solid khaki\"> ()</span></p><h3>Criteria</h3><table class=\"grid\"><tr><td>-</td><td><b>Language</b></td><td><b>Expression</b></td></tr><tr><td>*</td><td>text/cql</td><td>Receiving antiretroviral therapy (ART) at 12 months after initiating (pregnant and breastfeeding)</td></tr></table></blockquote><blockquote><p><b>stratifier</b></p><p><b>code</b>: PREG_BF <span style=\"background: LightGoldenRodYellow; margin: 4px; border: 1px solid khaki\"> (#PREG_BF)</span></p><h3>Criteria</h3><table class=\"grid\"><tr><td>-</td><td><b>Language</b></td><td><b>Expression</b></td></tr><tr><td>*</td><td>text/cql</td><td>Pregnant/Breastfeeding</td></tr></table></blockquote></blockquote><blockquote><p><b>group</b></p><p><b>code</b>: QRPH_ADX_ART5_D <span style=\"background: LightGoldenRodYellow; margin: 4px; border: 1px solid khaki\"> (#QRPH_ADX_ART5_D)</span></p><p><b>description</b>: Number of adults and children who initiated ART in the 12 months prior to the beginning of the reporting period</p><blockquote><p><b>population</b></p><p><b>code</b>: cohort <span style=\"background: LightGoldenRodYellow; margin: 4px; border: 1px solid khaki\"> ()</span></p><h3>Criteria</h3><table class=\"grid\"><tr><td>-</td><td><b>Language</b></td><td><b>Expression</b></td></tr><tr><td>*</td><td>text/cql</td><td>Initiated antiretroviral therapy (ART) in the 12 months prior to measurement period</td></tr></table></blockquote><blockquote><p><b>stratifier</b></p><p><b>code</b>: AGE_GROUP:SEX <span style=\"background: LightGoldenRodYellow; margin: 4px; border: 1px solid khaki\"> (#AGE_GROUP:SEX)</span></p><h3>Criteria</h3><table class=\"grid\"><tr><td>-</td><td><b>Language</b></td><td><b>Expression</b></td></tr><tr><td>*</td><td>text/cql</td><td>Age Group/Sex</td></tr></table></blockquote></blockquote><blockquote><p><b>group</b></p><p><b>code</b>: QRPH_ADX_MTCT1_D <span style=\"background: LightGoldenRodYellow; margin: 4px; border: 1px solid khaki\"> (#QRPH_ADX_MTCT1_D)</span></p><p><b>description</b>: Number of pregnant women who attended ANC or had a facility-based delivery in the reporting period</p><blockquote><p><b>population</b></p><p><b>code</b>: cohort <span style=\"background: LightGoldenRodYellow; margin: 4px; border: 1px solid khaki\"> ()</span></p><h3>Criteria</h3><table class=\"grid\"><tr><td>-</td><td><b>Language</b></td><td><b>Expression</b></td></tr><tr><td>*</td><td>text/cql</td><td>Antenatal Care Visit or Live Birth during the Measurement Period</td></tr></table></blockquote><blockquote><p><b>stratifier</b></p><p><b>code</b>: PMTCT_HIV_STATUS <span style=\"background: LightGoldenRodYellow; margin: 4px; border: 1px solid khaki\"> (#PMTCT_HIV_STATUS)</span></p><h3>Criteria</h3><table class=\"grid\"><tr><td>-</td><td><b>Language</b></td><td><b>Expression</b></td></tr><tr><td>*</td><td>text/cql</td><td>PMTCT HIV Status</td></tr></table></blockquote></blockquote><blockquote><p><b>group</b></p><p><b>code</b>: QRPH_ADX_MTCT2_D <span style=\"background: LightGoldenRodYellow; margin: 4px; border: 1px solid khaki\"> (#QRPH_ADX_MTCT2_D)</span></p><p><b>description</b>: Number of HIV positive pregnant women who attended ANC or had a facility-based delivery within the reporting period</p><blockquote><p><b>population</b></p><p><b>code</b>: cohort <span style=\"background: LightGoldenRodYellow; margin: 4px; border: 1px solid khaki\"> ()</span></p><h3>Criteria</h3><table class=\"grid\"><tr><td>-</td><td><b>Language</b></td><td><b>Expression</b></td></tr><tr><td>*</td><td>text/cql</td><td>Antenatal Care Visit or Live Birth during Measurement Period (HIV Positive)</td></tr></table></blockquote></blockquote><blockquote><p><b>group</b></p><p><b>code</b>: QRPH_ADX_MTCT2_N <span style=\"background: LightGoldenRodYellow; margin: 4px; border: 1px solid khaki\"> (#QRPH_ADX_MTCT2_N)</span></p><p><b>description</b>: Number of HIV-positive pregnant women who received ART to reduce the risk of mother-to-child-transmission during pregnancy</p><blockquote><p><b>population</b></p><p><b>code</b>: cohort <span style=\"background: LightGoldenRodYellow; margin: 4px; border: 1px solid khaki\"> ()</span></p><h3>Criteria</h3><table class=\"grid\"><tr><td>-</td><td><b>Language</b></td><td><b>Expression</b></td></tr><tr><td>*</td><td>text/cql</td><td>HIV-positive, pregnant, and receiving antiretroviral therapy (ART) to reduce the risk of mother-to-child-transmission during pregnancy</td></tr></table></blockquote><blockquote><p><b>stratifier</b></p><p><b>code</b>: PMTCT_ART_STATUS <span style=\"background: LightGoldenRodYellow; margin: 4px; border: 1px solid khaki\"> (#PMTCT_ART_STATUS)</span></p><h3>Criteria</h3><table class=\"grid\"><tr><td>-</td><td><b>Language</b></td><td><b>Expression</b></td></tr><tr><td>*</td><td>text/cql</td><td>PMTCT ART Status</td></tr></table></blockquote></blockquote><blockquote><p><b>group</b></p><p><b>code</b>: QRPH_ADX_VLS3_N <span style=\"background: LightGoldenRodYellow; margin: 4px; border: 1px solid khaki\"> (#QRPH_ADX_VLS3_N)</span></p><p><b>description</b>: Number of people living with HIV and on ART who have a suppressed viral load results (&lt;1000 copies/mL)</p><blockquote><p><b>population</b></p><p><b>code</b>: cohort <span style=\"background: LightGoldenRodYellow; margin: 4px; border: 1px solid khaki\"> ()</span></p><h3>Criteria</h3><table class=\"grid\"><tr><td>-</td><td><b>Language</b></td><td><b>Expression</b></td></tr><tr><td>*</td><td>text/cql</td><td>Living with HIV and on ART with suppressed viral load results (&lt;1000 copies/mL)</td></tr></table></blockquote><blockquote><p><b>stratifier</b></p><p><b>code</b>: AGE_GROUP:SEX <span style=\"background: LightGoldenRodYellow; margin: 4px; border: 1px solid khaki\"> (#AGE_GROUP:SEX)</span></p><h3>Criteria</h3><table class=\"grid\"><tr><td>-</td><td><b>Language</b></td><td><b>Expression</b></td></tr><tr><td>*</td><td>text/cql</td><td>Age Group/Sex</td></tr></table></blockquote></blockquote><blockquote><p><b>group</b></p><p><b>code</b>: QRPH_ADX_HTS2_N <span style=\"background: LightGoldenRodYellow; margin: 4px; border: 1px solid khaki\"> (#QRPH_ADX_HTS2_N)</span></p><p><b>description</b>: Number of individuals who received HIV Testing Services (HTS) and received their test results</p><blockquote><p><b>population</b></p><p><b>code</b>: cohort <span style=\"background: LightGoldenRodYellow; margin: 4px; border: 1px solid khaki\"> ()</span></p><h3>Criteria</h3><table class=\"grid\"><tr><td>-</td><td><b>Language</b></td><td><b>Expression</b></td></tr><tr><td>*</td><td>text/cql</td><td>Received HIV Testing Services (HTS) and Recevied Test Results</td></tr></table></blockquote><blockquote><p><b>stratifier</b></p><p><b>code</b>: AGE_GROUP:SEX:HIV_TEST_RESULTS <span style=\"background: LightGoldenRodYellow; margin: 4px; border: 1px solid khaki\"> (#AGE_GROUP:SEX:HIV_TEST_RESULTS)</span></p><h3>Criteria</h3><table class=\"grid\"><tr><td>-</td><td><b>Language</b></td><td><b>Expression</b></td></tr><tr><td>*</td><td>text/cql</td><td>Age Group/Sex/HIV Test Results</td></tr></table></blockquote></blockquote><blockquote><p><b>group</b></p><p><b>code</b>: QRPH_ADX_MTCT1_N <span style=\"background: LightGoldenRodYellow; margin: 4px; border: 1px solid khaki\"> (#QRPH_ADX_MTCT1_N)</span></p><p><b>description</b>: Number of pregnant women with known HIV status at first antenatal care visit</p><blockquote><p><b>population</b></p><p><b>code</b>: cohort <span style=\"background: LightGoldenRodYellow; margin: 4px; border: 1px solid khaki\"> ()</span></p><h3>Criteria</h3><table class=\"grid\"><tr><td>-</td><td><b>Language</b></td><td><b>Expression</b></td></tr><tr><td>*</td><td>text/cql</td><td>HIV Status Known at First Antenatal Care Visit</td></tr></table></blockquote><blockquote><p><b>stratifier</b></p><p><b>code</b>: PMTCT_HIV_STATUS <span style=\"background: LightGoldenRodYellow; margin: 4px; border: 1px solid khaki\"> (#PMTCT_HIV_STATUS)</span></p><h3>Criteria</h3><table class=\"grid\"><tr><td>-</td><td><b>Language</b></td><td><b>Expression</b></td></tr><tr><td>*</td><td>text/cql</td><td>PMTCT HIV Status</td></tr></table></blockquote></blockquote><blockquote><p><b>group</b></p><p><b>code</b>: QRPH_ADX_VLS3_D <span style=\"background: LightGoldenRodYellow; margin: 4px; border: 1px solid khaki\"> (#QRPH_ADX_VLS3_D)</span></p><p><b>description</b>: Number of people on ART who had a VL measurement in the past 12 months</p><blockquote><p><b>population</b></p><p><b>code</b>: cohort <span style=\"background: LightGoldenRodYellow; margin: 4px; border: 1px solid khaki\"> ()</span></p><h3>Criteria</h3><table class=\"grid\"><tr><td>-</td><td><b>Language</b></td><td><b>Expression</b></td></tr><tr><td>*</td><td>text/cql</td><td>Receiving antiretroviral therapty (ART) and Viral Load Measurement in the past 12 months</td></tr></table></blockquote><blockquote><p><b>stratifier</b></p><p><b>code</b>: AGE_GROUP:SEX <span style=\"background: LightGoldenRodYellow; margin: 4px; border: 1px solid khaki\"> (#AGE_GROUP:SEX)</span></p><h3>Criteria</h3><table class=\"grid\"><tr><td>-</td><td><b>Language</b></td><td><b>Expression</b></td></tr><tr><td>*</td><td>text/cql</td><td>Age Group/Sex</td></tr></table></blockquote></blockquote></div>"
            }, 
            "url": "http://ohie.org/Measure/hiv-indicators", 
            "identifier": [
                {
                    "system": "urn:ietf:rfc:3986", 
                    "value": "urn:oid:2.16.840.1.113883.4.642.28.2"
                }, 
                {
                    "system": "http://ohie.org/Measure/", 
                    "value": "hiv-indicators"
                }
            ], 
            "version": "0.0.0", 
            "name": "HIV", 
            "title": "HIV Indicators", 
            "status": "draft", 
            "experimental": true, 
            "date": "2018-03-08", 
            "publisher": "Open HIE", 
            "description": "This ADX-HIV measure defines a common set of HIV core indicators with data elements and associated stratifiers along with instructions regarding how to leverage these to generate and exchange conformant XML messages. Interoperable message exchange will be valuable to jurisdictions such as Ministries of Health, and WHO, and to health initiatives such as the U.S. President\u2019s Emergency Plan for AIDS Relief (PEPFAR), the Global Fund, UNAIDS, and others.", 
            "relatedArtifact": [
                {
                    "type": "derived-from", 
                    "document": {
                        "url": "http://wiki.ihe.net/index.php/Aggregate_Data_Exchange_-_HIV"
                    }
                }
            ], 
            "library": [
                "http://ohie.org/Library/hiv-indicators"
            ], 
            "scoring": {
                "coding": [
                    {
                        "code": "cohort"
                    }
                ]
            }, 
            "group": [
                {
                    "code": {
                        "coding": [
                            {
                                "system": "http://ihe.net/qrph/adx/", 
                                "code": "QRPH_ADX_ART1_N"
                            }
                        ]
                    }, 
                    "description": "Number of adults and children newly enrolled on antiretroviral therapy (ART) in the reporting period", 
                    "population": [
                        {
                            "code": {
                                "text": "cohort"
                            }, 
                            "criteria": {
                                "language": "text/cql", 
                                "expression": "Newly enrolled on antiretroviral therapy (ART) during measurement period"
                            }
                        }
                    ], 
                    "stratifier": [
                        {
                            "code": {
                                "coding": [
                                    {
                                        "system": "http://ihe.net/qrph/adx/", 
                                        "code": "AGE_GROUP:SEX"
                                    }
                                ]
                            }, 
                            "criteria": {
                                "language": "text/cql", 
                                "expression": "Age Group/Sex"
                            }
                        }
                    ]
                }, 
                {
                    "code": {
                        "coding": [
                            {
                                "system": "http://ihe.net/qrph/adx/", 
                                "code": "QRPH_ADX_ART1_N_PREG_BF"
                            }
                        ]
                    }, 
                    "description": "Number of adults and children newly enrolled on ART in the reporting period_pregnant and breastfeeding", 
                    "population": [
                        {
                            "code": {
                                "text": "cohort"
                            }, 
                            "criteria": {
                                "language": "text/cql", 
                                "expression": "Newly enrolled on antiretroviral therapy (ART) during measurement period (pregnant and breastfeeding)"
                            }
                        }
                    ], 
                    "stratifier": [
                        {
                            "code": {
                                "coding": [
                                    {
                                        "system": "http://ihe.net/qrph/adx/", 
                                        "code": "PREG_BF"
                                    }
                                ]
                            }, 
                            "criteria": {
                                "language": "text/cql", 
                                "expression": "Pregnant/Breastfeeding"
                            }
                        }
                    ]
                }, 
                {
                    "code": {
                        "coding": [
                            {
                                "system": "http://ihe.net/qrph/adx/", 
                                "code": "QRPH_ADX_ART3_N"
                            }
                        ]
                    }, 
                    "description": "Number of adults and children currently receiving antiretroviral therapy (ART)", 
                    "population": [
                        {
                            "code": {
                                "text": "cohort"
                            }, 
                            "criteria": {
                                "language": "text/cql", 
                                "expression": "Receiving antiretroviral therapy (ART) during measurement period"
                            }
                        }
                    ]
                }, 
                {
                    "code": {
                        "coding": [
                            {
                                "system": "http://ihe.net/qrph/adx/", 
                                "code": "QRPH_ADX_ART5_N"
                            }
                        ]
                    }, 
                    "description": "Number of adults and children who are still on treatment at 12 months after initiating ART", 
                    "population": [
                        {
                            "code": {
                                "text": "cohort"
                            }, 
                            "criteria": {
                                "language": "text/cql", 
                                "expression": "Receiving antiretroviral therapy (ART) at 12 months after initiating"
                            }
                        }
                    ], 
                    "stratifier": [
                        {
                            "component": [
                                {
                                    "code": {
                                        "coding": [
                                            {
                                                "system": "http://ihe.net/qrph/adx/", 
                                                "code": "AGE_GROUP"
                                            }
                                        ]
                                    }, 
                                    "criteria": {
                                        "language": "text/cql", 
                                        "expression": "Age Group"
                                    }
                                }, 
                                {
                                    "code": {
                                        "coding": [
                                            {
                                                "system": "http://ihe.net/qrph/adx/", 
                                                "code": "SEX"
                                            }
                                        ]
                                    }, 
                                    "criteria": {
                                        "language": "text/cql", 
                                        "expression": "Sex"
                                    }
                                }
                            ]
                        }
                    ]
                }, 
                {
                    "code": {
                        "coding": [
                            {
                                "system": "http://ihe.net/qrph/adx/", 
                                "code": "QRPH_ADX_ART5_N_PREG_BF"
                            }
                        ]
                    }, 
                    "description": "Number of adults and children who are still on treatment at 12 months after initiating ART-pregnant and breastfeeding", 
                    "population": [
                        {
                            "code": {
                                "text": "cohort"
                            }, 
                            "criteria": {
                                "language": "text/cql", 
                                "expression": "Receiving antiretroviral therapy (ART) at 12 months after initiating (pregnant and breastfeeding)"
                            }
                        }
                    ], 
                    "stratifier": [
                        {
                            "code": {
                                "coding": [
                                    {
                                        "system": "http://ihe.net/qrph/adx/", 
                                        "code": "PREG_BF"
                                    }
                                ]
                            }, 
                            "criteria": {
                                "language": "text/cql", 
                                "expression": "Pregnant/Breastfeeding"
                            }
                        }
                    ]
                }, 
                {
                    "code": {
                        "coding": [
                            {
                                "system": "http://ihe.net/qrph/adx/", 
                                "code": "QRPH_ADX_ART5_D"
                            }
                        ]
                    }, 
                    "description": "Number of adults and children who initiated ART in the 12 months prior to the beginning of the reporting period", 
                    "population": [
                        {
                            "code": {
                                "text": "cohort"
                            }, 
                            "criteria": {
                                "language": "text/cql", 
                                "expression": "Initiated antiretroviral therapy (ART) in the 12 months prior to measurement period"
                            }
                        }
                    ], 
                    "stratifier": [
                        {
                            "code": {
                                "coding": [
                                    {
                                        "system": "http://ihe.net/qrph/adx/", 
                                        "code": "AGE_GROUP:SEX"
                                    }
                                ]
                            }, 
                            "criteria": {
                                "language": "text/cql", 
                                "expression": "Age Group/Sex"
                            }
                        }
                    ]
                }, 
                {
                    "code": {
                        "coding": [
                            {
                                "system": "http://ihe.net/qrph/adx/", 
                                "code": "QRPH_ADX_MTCT1_D"
                            }
                        ]
                    }, 
                    "description": "Number of pregnant women who attended ANC or had a facility-based delivery in the reporting period", 
                    "population": [
                        {
                            "code": {
                                "text": "cohort"
                            }, 
                            "criteria": {
                                "language": "text/cql", 
                                "expression": "Antenatal Care Visit or Live Birth during the Measurement Period"
                            }
                        }
                    ], 
                    "stratifier": [
                        {
                            "code": {
                                "coding": [
                                    {
                                        "system": "http://ihe.net/qrph/adx/", 
                                        "code": "PMTCT_HIV_STATUS"
                                    }
                                ]
                            }, 
                            "criteria": {
                                "language": "text/cql", 
                                "expression": "PMTCT HIV Status"
                            }
                        }
                    ]
                }, 
                {
                    "code": {
                        "coding": [
                            {
                                "system": "http://ihe.net/qrph/adx/", 
                                "code": "QRPH_ADX_MTCT2_D"
                            }
                        ]
                    }, 
                    "description": "Number of HIV positive pregnant women who attended ANC or had a facility-based delivery within the reporting period", 
                    "population": [
                        {
                            "code": {
                                "text": "cohort"
                            }, 
                            "criteria": {
                                "language": "text/cql", 
                                "expression": "Antenatal Care Visit or Live Birth during Measurement Period (HIV Positive)"
                            }
                        }
                    ]
                }, 
                {
                    "code": {
                        "coding": [
                            {
                                "system": "http://ihe.net/qrph/adx/", 
                                "code": "QRPH_ADX_MTCT2_N"
                            }
                        ]
                    }, 
                    "description": "Number of HIV-positive pregnant women who received ART to reduce the risk of mother-to-child-transmission during pregnancy", 
                    "population": [
                        {
                            "code": {
                                "text": "cohort"
                            }, 
                            "criteria": {
                                "language": "text/cql", 
                                "expression": "HIV-positive, pregnant, and receiving antiretroviral therapy (ART) to reduce the risk of mother-to-child-transmission during pregnancy"
                            }
                        }
                    ], 
                    "stratifier": [
                        {
                            "code": {
                                "coding": [
                                    {
                                        "system": "http://ihe.net/qrph/adx/", 
                                        "code": "PMTCT_ART_STATUS"
                                    }
                                ]
                            }, 
                            "criteria": {
                                "language": "text/cql", 
                                "expression": "PMTCT ART Status"
                            }
                        }
                    ]
                }, 
                {
                    "code": {
                        "coding": [
                            {
                                "system": "http://ihe.net/qrph/adx/", 
                                "code": "QRPH_ADX_VLS3_N"
                            }
                        ]
                    }, 
                    "description": "Number of people living with HIV and on ART who have a suppressed viral load results (<1000 copies/mL)", 
                    "population": [
                        {
                            "code": {
                                "text": "cohort"
                            }, 
                            "criteria": {
                                "language": "text/cql", 
                                "expression": "Living with HIV and on ART with suppressed viral load results (<1000 copies/mL)"
                            }
                        }
                    ], 
                    "stratifier": [
                        {
                            "code": {
                                "coding": [
                                    {
                                        "system": "http://ihe.net/qrph/adx/", 
                                        "code": "AGE_GROUP:SEX"
                                    }
                                ]
                            }, 
                            "criteria": {
                                "language": "text/cql", 
                                "expression": "Age Group/Sex"
                            }
                        }
                    ]
                }, 
                {
                    "code": {
                        "coding": [
                            {
                                "system": "http://ihe.net/qrph/adx/", 
                                "code": "QRPH_ADX_HTS2_N"
                            }
                        ]
                    }, 
                    "description": "Number of individuals who received HIV Testing Services (HTS) and received their test results", 
                    "population": [
                        {
                            "code": {
                                "text": "cohort"
                            }, 
                            "criteria": {
                                "language": "text/cql", 
                                "expression": "Received HIV Testing Services (HTS) and Recevied Test Results"
                            }
                        }
                    ], 
                    "stratifier": [
                        {
                            "code": {
                                "coding": [
                                    {
                                        "system": "http://ihe.net/qrph/adx/", 
                                        "code": "AGE_GROUP:SEX:HIV_TEST_RESULTS"
                                    }
                                ]
                            }, 
                            "criteria": {
                                "language": "text/cql", 
                                "expression": "Age Group/Sex/HIV Test Results"
                            }
                        }
                    ]
                }, 
                {
                    "code": {
                        "coding": [
                            {
                                "system": "http://ihe.net/qrph/adx/", 
                                "code": "QRPH_ADX_MTCT1_N"
                            }
                        ]
                    }, 
                    "description": "Number of pregnant women with known HIV status at first antenatal care visit", 
                    "population": [
                        {
                            "code": {
                                "text": "cohort"
                            }, 
                            "criteria": {
                                "language": "text/cql", 
                                "expression": "HIV Status Known at First Antenatal Care Visit"
                            }
                        }
                    ], 
                    "stratifier": [
                        {
                            "code": {
                                "coding": [
                                    {
                                        "system": "http://ihe.net/qrph/adx/", 
                                        "code": "PMTCT_HIV_STATUS"
                                    }
                                ]
                            }, 
                            "criteria": {
                                "language": "text/cql", 
                                "expression": "PMTCT HIV Status"
                            }
                        }
                    ]
                }, 
                {
                    "code": {
                        "coding": [
                            {
                                "system": "http://ihe.net/qrph/adx/", 
                                "code": "QRPH_ADX_VLS3_D"
                            }
                        ]
                    }, 
                    "description": "Number of people on ART who had a VL measurement in the past 12 months", 
                    "population": [
                        {
                            "code": {
                                "text": "cohort"
                            }, 
                            "criteria": {
                                "language": "text/cql", 
                                "expression": "Receiving antiretroviral therapty (ART) and Viral Load Measurement in the past 12 months"
                            }
                        }
                    ], 
                    "stratifier": [
                        {
                            "code": {
                                "coding": [
                                    {
                                        "system": "http://ihe.net/qrph/adx/", 
                                        "code": "AGE_GROUP:SEX"
                                    }
                                ]
                            }, 
                            "criteria": {
                                "language": "text/cql", 
                                "expression": "Age Group/Sex"
                            }
                        }
                    ]
                }
            ]
        }
    }
}