{
    "example": {
        "summary": "Example of medicationknowledge", 
        "description": "Example of medicationknowledge", 
        "value": {
            "resourceType": "MedicationKnowledge", 
            "id": "example", 
            "text": {
                "status": "generated", 
                "div": "<div xmlns=\"http://www.w3.org/1999/xhtml\"><p><b>Generated Narrative: MedicationKnowledge</b><a name=\"example\"> </a></p><div style=\"display: inline-block; background-color: #d9e0e7; padding: 6px; margin: 4px; border: 1px solid #8da1b4; border-radius: 5px; line-height: 60%\"><p style=\"margin-bottom: 0px\">Resource MedicationKnowledge &quot;example&quot; </p></div><p><b>code</b>: Vancomycin Hydrochloride (VANCOMYCIN HYDROCHLORIDE) <span style=\"background: LightGoldenRodYellow; margin: 4px; border: 1px solid khaki\"> (<a href=\"http://terminology.hl7.org/5.1.0/CodeSystem-v3-ndc.html\">National drug codes</a>#0409-6531-02)</span></p><p><b>status</b>: active</p><p><b>name</b>: Vancomycin Hydrochloride (VANCOMYCIN HYDROCHLORIDE)</p><h3>Definitionals</h3><table class=\"grid\"><tr><td>-</td><td><b>DoseForm</b></td></tr><tr><td>*</td><td>Oral Dose Form (qualifier value) <span style=\"background: LightGoldenRodYellow; margin: 4px; border: 1px solid khaki\"> (<a href=\"https://browser.ihtsdotools.org/\">SNOMED CT</a>#385268001)</span></td></tr></table></div>"
            }, 
            "code": {
                "coding": [
                    {
                        "system": "http://hl7.org/fhir/sid/ndc", 
                        "code": "0409-6531-02", 
                        "display": "Vancomycin Hydrochloride (VANCOMYCIN HYDROCHLORIDE)"
                    }
                ]
            }, 
            "status": "active", 
            "name": [
                "Vancomycin Hydrochloride (VANCOMYCIN HYDROCHLORIDE)"
            ], 
            "definitional": {
                "doseForm": {
                    "coding": [
                        {
                            "system": "http://snomed.info/sct", 
                            "code": "385268001", 
                            "display": "Oral Dose Form (qualifier value)"
                        }
                    ]
                }
            }
        }
    }
}