{
    "example": {
        "summary": "General example", 
        "description": "General example", 
        "value": {
            "resourceType": "MedicinalProductDefinition", 
            "id": "example", 
            "text": {
                "status": "generated", 
                "div": "<div xmlns=\"http://www.w3.org/1999/xhtml\">\n\t\t\t<p><b>Generated Narrative</b></p>\n\t\t\t<p><b>Id</b>: example</p>\n\t\t\t<p><b>Identifier</b>: {mpid}</p>\n\t\t\t<p><b>Classification</b>: <span title=\"Codes: {http://ema.europa.eu/example/WHOAnatomicalTherapeuticChemicalATCClassificationSystem B01AF02}\">ATC: B01AF02</span></p>\n\t\t\t<p><b>Attached Document</b>: (SmPC)</p>\n\t\t\t<p><b>Master File</b>: (Pharmacovigilence Master File)</p>\n\t\t\t<p><b>Product Name</b>: Equilidem 2.5 mg film-coated tablets</p>\n\t\t\t<blockquote>\n\t\t\t\t<p><b>Name Part</b></p><p><b>part</b>:Equilidem</p>\n\t\t\t\t<p><b>type</b>: <span title=\"Codes: \">Invented</span></p>\n\t\t\t</blockquote>\n\t\t\t<blockquote>\n\t\t\t\t<p><b>Name Part</b></p><p><b>part</b>:2.5 mg</p>\n\t\t\t\t<p><b>type</b>: <span title=\"Codes: \">Strength</span></p>\n\t\t\t</blockquote>\n\t\t\t<blockquote>\n\t\t\t\t<p><b>Name Part</b></p>\n\t\t\t\t<p><b>part</b>:film-coated tablets</p>\n\t\t\t\t<p><b>type</b>: <span title=\"Codes: \">Form</span></p>\n\t\t\t\t<p><b>Country &amp; Languages</b></p>\n\t\t\t\t<table class=\"grid\">\n\t\t\t\t\t<tr>\n\t\t\t\t\t\t<td>-</td>\n\t\t\t\t\t\t<td><b>Country</b></td>\n\t\t\t\t\t\t<td><b>Jurisdiction</b></td>\n\t\t\t\t\t\t<td><b>Language</b></td>\n\t\t\t\t\t</tr>\n\t\t\t\t\t<tr>\n\t\t\t\t\t\t<td>*</td>\n\t\t\t\t\t\t<td><span title=\"Codes: {http://ema.europa.eu/example/countryCode EU}\">EU</span></td>\n\t\t\t\t\t\t<td><span title=\"Codes: {http://ema.europa.eu/example/jurisdictionCode EU}\">EU</span></td>\n\t\t\t\t\t\t<td><span title=\"Codes: {urn:ietf:bcp:47}\">EN</span></td>\n\t\t\t\t\t</tr>\n\t\t\t\t</table>\n\t\t\t</blockquote>\n\t\t\t<p><b>Manufacturing &amp; Business Operations</b></p>\n\t\t\t<table class=\"grid\">\n\t\t\t\t<tr>\n\t\t\t\t\t<td>-</td>\n\t\t\t\t\t<td><b>Type</b></td>\n\t\t\t\t\t<td><b>EffectiveDate</b></td>\n\t\t\t\t\t<td><b>Authorization</b></td>\n\t\t\t\t</tr>\n\t\t\t\t<tr>\n\t\t\t\t\t<td>*</td>\n\t\t\t\t\t<td>Batch Release</td>\n\t\t\t\t\t<td>2013-03-15 --&gt; (ongoing)</td>\n\t\t\t\t\t<td><span>1324TZ</span></td>\n\t\t\t\t</tr>\n\t\t\t</table>\n\t\t</div>"
            }, 
            "identifier": [
                {
                    "system": "http://ema.europa.eu/example/MPID", 
                    "value": "{mpid}"
                }
            ], 
            "classification": [
                {
                    "coding": [
                        {
                            "system": "http://ema.europa.eu/example/WHOAnatomicalTherapeuticChemicalATCClassificationSystem", 
                            "code": "B01AF02"
                        }
                    ]
                }
            ], 
            "attachedDocument": [
                {
                    "reference": "DocumentReference/example"
                }
            ], 
            "masterFile": [
                {
                    "reference": "DocumentReference/example"
                }
            ], 
            "name": [
                {
                    "productName": "Equilidem 2.5 mg film-coated tablets", 
                    "part": [
                        {
                            "part": "Equilidem", 
                            "type": {
                                "coding": [
                                    {
                                        "code": "INV"
                                    }
                                ]
                            }
                        }, 
                        {
                            "part": "2.5 mg", 
                            "type": {
                                "coding": [
                                    {
                                        "code": "STR"
                                    }
                                ]
                            }
                        }, 
                        {
                            "part": "film-coated tablets", 
                            "type": {
                                "coding": [
                                    {
                                        "code": "FRM"
                                    }
                                ]
                            }
                        }
                    ], 
                    "usage": [
                        {
                            "country": {
                                "coding": [
                                    {
                                        "system": "http://ema.europa.eu/example/countryCode", 
                                        "code": "EU"
                                    }
                                ]
                            }, 
                            "jurisdiction": {
                                "coding": [
                                    {
                                        "system": "http://ema.europa.eu/example/jurisdictionCode", 
                                        "code": "EU"
                                    }
                                ]
                            }, 
                            "language": {
                                "coding": [
                                    {
                                        "system": "urn:ietf:bcp:47", 
                                        "code": "en"
                                    }
                                ]
                            }
                        }
                    ]
                }
            ], 
            "operation": [
                {
                    "type": {
                        "concept": {
                            "coding": [
                                {
                                    "system": "http://ema.europa.eu/example/manufacturingOperationType", 
                                    "code": "Batchrelease"
                                }
                            ]
                        }
                    }, 
                    "effectiveDate": {
                        "start": "2013-03-15"
                    }
                }
            ]
        }
    }, 
    "equilidem-basics": {
        "summary": "Basic details of a product, only using MedicinalProductDefinition and no other resources", 
        "description": "Basic details of a product, only using MedicinalProductDefinition and no other resources", 
        "externalValue": "https://hl7.org/fhir/R5/medicinalproductdefinition-example-equilidem-basics.json"
    }, 
    "equilidem-with-ing-and-auth": {
        "summary": "Simple version of a product (more than basic),  only using MedicinalProductDefinition, Ingredient and RegulatedAuthorization", 
        "description": "Simple version of a product (more than basic),  only using MedicinalProductDefinition, Ingredient and RegulatedAuthorization", 
        "externalValue": "https://hl7.org/fhir/R5/medicinalproductdefinition-example-equilidem-using-ingredient-and-auth.json"
    }, 
    "drug-and-device": {
        "summary": "A liquid that comes with a syringe in the pack, basic details only", 
        "description": "A liquid that comes with a syringe in the pack, basic details only", 
        "externalValue": "https://hl7.org/fhir/R5/medicinalproductdefinition-example-co-packaged-liquid-and-syringe.json"
    }, 
    "drug-and-device-complete": {
        "summary": "A powder and solution for injection that comes with a syringe in the pack (complete example)", 
        "description": "A powder and solution for injection that comes with a syringe in the pack (complete example)", 
        "externalValue": "https://hl7.org/fhir/R5/medicinalproductdefinition-example-co-packaged-liquid-and-syringe-complete.json"
    }, 
    "Acetamin-500-20-generic": {
        "summary": "Acetaminophin product, pack and tablet (using contained resources)", 
        "description": "Acetaminophin product, pack and tablet (using contained resources)", 
        "externalValue": "https://hl7.org/fhir/R5/medicinalproductdefinition-acetaminophen-500mg-tablets-box-of-20.json"
    }, 
    "drug-combo-product": {
        "summary": "Combination product - tablet and cream co-packaged and showing layers (as one resource, with others contained)", 
        "description": "Combination product - tablet and cream co-packaged and showing layers (as one resource, with others contained)", 
        "externalValue": "https://hl7.org/fhir/R5/medicinalproductdefinition-example-combo-product.json"
    }, 
    "drug-combo-product-bundle": {
        "summary": "Combination product - tablet and cream co-packaged and showing layers (same but as a bundle)", 
        "description": "Combination product - tablet and cream co-packaged and showing layers (same but as a bundle)", 
        "externalValue": "https://hl7.org/fhir/R5/medicinalproductdefinition-example-combo-product-bundle.json"
    }, 
    "product-with-contained-package-and-ingredient": {
        "summary": "Product with Contained Package and Ingredient", 
        "description": "Product with Contained Package and Ingredient", 
        "externalValue": "https://hl7.org/fhir/R5/medicinalproductdefinition-with-contained-package-and-ingredient.json"
    }
}