{
    "medadminexample03": {
        "summary": "Example of an IV administration not given with a note - Alemtuzumab", 
        "description": "Example of an IV administration not given with a note - Alemtuzumab", 
        "value": {
            "resourceType": "MedicationAdministration", 
            "id": "medadminexample03", 
            "text": {
                "status": "generated", 
                "div": "<div xmlns=\"http://www.w3.org/1999/xhtml\"><p><b>Generated Narrative: MedicationAdministration</b><a name=\"medadminexample03\"> </a></p><div style=\"display: inline-block; background-color: #d9e0e7; padding: 6px; margin: 4px; border: 1px solid #8da1b4; border-radius: 5px; line-height: 60%\"><p style=\"margin-bottom: 0px\">Resource MedicationAdministration &quot;medadminexample03&quot; </p></div><p><b>status</b>: on-hold</p><p><b>statusReason</b>: Administration of medication not done due to a contraindication (situation) <span style=\"background: LightGoldenRodYellow; margin: 4px; border: 1px solid khaki\"> (<a href=\"https://browser.ihtsdotools.org/\">SNOMED CT</a>#373147003)</span></p><h3>Medications</h3><table class=\"grid\"><tr><td>-</td><td><b>Reference</b></td></tr><tr><td>*</td><td><a name=\"med0303\"> </a><blockquote><p/><p><a name=\"med0303\"> </a></p><p><b>code</b>: Alemtuzumab 10mg/ml (Lemtrada) <span style=\"background: LightGoldenRodYellow; margin: 4px; border: 1px solid khaki\"> (<a href=\"http://terminology.hl7.org/5.1.0/CodeSystem-v3-rxNorm.html\">RxNorm</a>#1594660)</span></p></blockquote></td></tr></table><p><b>subject</b>: <a href=\"patient-example-a.html\">Patient/pat1: Donald Duck</a> &quot;Donald DUCK&quot;</p><p><b>encounter</b>: <a href=\"encounter-example-f001-heart.html\">Encounter/f001</a></p><p><b>supportingInformation</b>: <a href=\"condition-example-f204-renal.html\">Condition/f204</a></p><p><b>occurence</b>: 2015-01-15T14:30:00+01:00 --&gt; 2015-01-15T14:30:00+01:00</p><p><b>request</b>: <a href=\"medicationrequest0317.html\">MedicationRequest/medrx0317</a></p><p><b>note</b>: Patient started Bupropion this morning - will administer in a reduced dose tomorrow</p></div>"
            }, 
            "contained": [
                {
                    "resourceType": "Medication", 
                    "id": "med0303", 
                    "code": {
                        "coding": [
                            {
                                "system": "http://www.nlm.nih.gov/research/umls/rxnorm", 
                                "code": "1594660", 
                                "display": "Alemtuzumab 10mg/ml (Lemtrada)"
                            }
                        ]
                    }
                }
            ], 
            "status": "on-hold", 
            "statusReason": [
                {
                    "coding": [
                        {
                            "system": "http://snomed.info/sct", 
                            "code": "373147003", 
                            "display": "Administration of medication not done due to a contraindication (situation)"
                        }
                    ]
                }
            ], 
            "medication": {
                "reference": {
                    "reference": "#med0303"
                }
            }, 
            "subject": {
                "reference": "Patient/pat1", 
                "display": "Donald Duck"
            }, 
            "encounter": {
                "reference": "Encounter/f001"
            }, 
            "supportingInformation": [
                {
                    "reference": "Condition/f204"
                }
            ], 
            "occurencePeriod": {
                "start": "2015-01-15T14:30:00+01:00", 
                "end": "2015-01-15T14:30:00+01:00"
            }, 
            "request": {
                "reference": "MedicationRequest/medrx0317"
            }, 
            "note": [
                {
                    "text": "Patient started Bupropion this morning - will administer in a reduced dose tomorrow"
                }
            ]
        }
    }, 
    "medadmin0301": {
        "summary": "Intravenous Antibiotic - Vancomycin", 
        "description": "Intravenous Antibiotic - Vancomycin", 
        "externalValue": "https://hl7.org/fhir/R5/medicationadministration0301.json"
    }, 
    "medadmin0302": {
        "summary": "Intravenous Admixture - Potassium Chloride in D5W", 
        "description": "Intravenous Admixture - Potassium Chloride in D5W", 
        "externalValue": "https://hl7.org/fhir/R5/medicationadministration0302.json"
    }, 
    "medadmin0303": {
        "summary": "Intravenous Antibiotic with a Dosage Rate - Piperacillin", 
        "description": "Intravenous Antibiotic with a Dosage Rate - Piperacillin", 
        "externalValue": "https://hl7.org/fhir/R5/medicationadministration0303.json"
    }, 
    "medadmin0304": {
        "summary": "Intravenous Chemotherapy (Inpatient order) - Alemtuzumab - completed", 
        "description": "Intravenous Chemotherapy (Inpatient order) - Alemtuzumab - completed", 
        "externalValue": "https://hl7.org/fhir/R5/medicationadministration0304.json"
    }, 
    "medadmin0305": {
        "summary": "Intravenous Chemotherapy (Inpatient order) - Brentuximab Vedotin", 
        "description": "Intravenous Chemotherapy (Inpatient order) - Brentuximab Vedotin", 
        "externalValue": "https://hl7.org/fhir/R5/medicationadministration0305.json"
    }, 
    "medadmin0306": {
        "summary": "Oral Antibiotic - Azithromycin", 
        "description": "Oral Antibiotic - Azithromycin", 
        "externalValue": "https://hl7.org/fhir/R5/medicationadministration0306.json"
    }, 
    "medadmin0307": {
        "summary": "Lorazepam with a Device", 
        "description": "Lorazepam with a Device", 
        "externalValue": "https://hl7.org/fhir/R5/medicationadministration0307.json"
    }, 
    "medadmin0308": {
        "summary": "Subcutaneous Injection - Insulin - Lantus", 
        "description": "Subcutaneous Injection - Insulin - Lantus", 
        "externalValue": "https://hl7.org/fhir/R5/medicationadministration0308.json"
    }, 
    "medadmin0309": {
        "summary": "TPN Solution with a Device", 
        "description": "TPN Solution with a Device", 
        "externalValue": "https://hl7.org/fhir/R5/medicationadministration0309.json"
    }, 
    "medadmin0310": {
        "summary": "Oral Chemotherapy - Myleran", 
        "description": "Oral Chemotherapy - Myleran", 
        "externalValue": "https://hl7.org/fhir/R5/medicationadministration0310.json"
    }, 
    "medadmin0311": {
        "summary": "Dosage with a Pre-Condition - Alprazolam", 
        "description": "Dosage with a Pre-Condition - Alprazolam", 
        "externalValue": "https://hl7.org/fhir/R5/medicationadministration0311.json"
    }, 
    "medadmin0312": {
        "summary": "Medication Code - Patch - Fentanyl", 
        "description": "Medication Code - Patch - Fentanyl", 
        "externalValue": "https://hl7.org/fhir/R5/medicationadministration0312.json"
    }, 
    "medadmin0313": {
        "summary": "Medication Code - Rectal Suppository - Acetaminophen", 
        "description": "Medication Code - Rectal Suppository - Acetaminophen", 
        "externalValue": "https://hl7.org/fhir/R5/medicationadministration0313.json"
    }
}