{
    "example": {
        "summary": "Simple sequence example", 
        "description": "Simple sequence example", 
        "value": {
            "resourceType": "MolecularSequence", 
            "id": "example", 
            "text": {
                "status": "generated", 
                "div": "<div xmlns=\"http://www.w3.org/1999/xhtml\"><p><b>Generated Narrative: MolecularSequence</b><a name=\"example\"> </a></p><div style=\"display: inline-block; background-color: #d9e0e7; padding: 6px; margin: 4px; border: 1px solid #8da1b4; border-radius: 5px; line-height: 60%\"><p style=\"margin-bottom: 0px\">Resource MolecularSequence &quot;example&quot; </p></div><p><b>type</b>: dna</p><p><b>subject</b>: <a href=\"patient-example.html\">Patient/example</a> &quot;Peter CHALMERS&quot;</p><h3>Formatteds</h3><table class=\"grid\"><tr><td>-</td><td><b>ContentType</b></td><td><b>Url</b></td><td><b>Title</b></td></tr><tr><td>*</td><td>application/json</td><td><a href=\"http://grch37.rest.ensembl.org/ga4gh/variants/3:rs1333049?content-type=application/json\">http://grch37.rest.ensembl.org/ga4gh/variants/3:rs1333049?content-type=application/json</a></td><td>GA4GH API</td></tr></table></div>"
            }, 
            "type": "dna", 
            "subject": {
                "reference": "Patient/example"
            }, 
            "formatted": [
                {
                    "contentType": "application/json", 
                    "url": "http://grch37.rest.ensembl.org/ga4gh/variants/3:rs1333049?content-type=application/json", 
                    "title": "GA4GH API"
                }
            ]
        }
    }, 
    "sequence-complex-variant": {
        "summary": "Example of representing complex variants in MolecularSequence resource", 
        "description": "Example of representing complex variants in MolecularSequence resource", 
        "externalValue": "https://hl7.org/fhir/R5/sequence-complex-variant.json"
    }, 
    "example-pgx-1": {
        "summary": "Example of a single varaint on a reference MolecularSequence related to a haplotype observation in PGx example", 
        "description": "Example of a single varaint on a reference MolecularSequence related to a haplotype observation in PGx example", 
        "externalValue": "https://hl7.org/fhir/R5/sequence-example-pgx-1.json"
    }, 
    "example-pgx-2": {
        "summary": "Example of another single varaint on a reference MolecularSequence related to a haplotype observation in PGx example, which will form with the other haplotype data to be a diplotype observation.", 
        "description": "Example of another single varaint on a reference MolecularSequence related to a haplotype observation in PGx example, which will form with the other haplotype data to be a diplotype observation.", 
        "externalValue": "https://hl7.org/fhir/R5/sequence-example-pgx-2.json"
    }, 
    "example-TPMT-one": {
        "summary": "Example of a TPMT SNP data that support a haplotype observation", 
        "description": "Example of a TPMT SNP data that support a haplotype observation", 
        "externalValue": "https://hl7.org/fhir/R5/sequence-example-TPMT-one.json"
    }, 
    "example-TPMT-two": {
        "summary": "Example of another TPMT SNP data that support a haplotype observation", 
        "description": "Example of another TPMT SNP data that support a haplotype observation", 
        "externalValue": "https://hl7.org/fhir/R5/sequence-example-TPMT-two.json"
    }, 
    "coord-0-base": {
        "summary": "Example of a record with 0-based coordinatesystem", 
        "description": "Example of a record with 0-based coordinatesystem", 
        "externalValue": "https://hl7.org/fhir/R5/coord-0base-example.json"
    }, 
    "coord-1-base": {
        "summary": "Example of a record with 1-based coordinatesystem", 
        "description": "Example of a record with 1-based coordinatesystem", 
        "externalValue": "https://hl7.org/fhir/R5/coord-1base-example.json"
    }, 
    "breastcancer": {
        "summary": "MolecularSequence example for patient with breast cancer gene variant", 
        "description": "MolecularSequence example for patient with breast cancer gene variant", 
        "externalValue": "https://hl7.org/fhir/R5/sequence-genetics-example-breastcancer.json"
    }, 
    "seq-ordinal": {
        "summary": "MolecularSequence example for long fusion RNA molecule of FGFR and MET", 
        "description": "MolecularSequence example for long fusion RNA molecule of FGFR and MET", 
        "externalValue": "https://hl7.org/fhir/R5/sequence-example-ordinal.json"
    }, 
    "sequence-example-fusion": {
        "summary": "BCR-ABL1 fusion (COSMIC https://cancer.sanger.ac.uk/cosmic/fusion/summary?id=1755). 5-prime end comprised of BCR exons 1-14. 3-prime end comprised of ABL1 exons 2-11.", 
        "description": "BCR-ABL1 fusion (COSMIC https://cancer.sanger.ac.uk/cosmic/fusion/summary?id=1755). 5-prime end comprised of BCR exons 1-14. 3-prime end comprised of ABL1 exons 2-11.", 
        "externalValue": "https://hl7.org/fhir/R5/sequence-example-fusion.json"
    }, 
    "molecularsequence-focus-example": {
        "summary": "Example of focus (the mother was sequenced) versus subject (a child is the patient of record)", 
        "description": "Example of focus (the mother was sequenced) versus subject (a child is the patient of record)", 
        "externalValue": "https://hl7.org/fhir/R5/molecularsequence-focus-example.json"
    }
}