{
    "example": {
        "summary": "Patient reports the food and fluid consumed", 
        "description": "Patient reports the food and fluid consumed", 
        "value": {
            "resourceType": "NutritionIntake", 
            "id": "example", 
            "text": {
                "status": "generated", 
                "div": "<div xmlns=\"http://www.w3.org/1999/xhtml\"><p><b>Generated Narrative: NutritionIntake</b><a name=\"example\"> </a></p><div style=\"display: inline-block; background-color: #d9e0e7; padding: 6px; margin: 4px; border: 1px solid #8da1b4; border-radius: 5px; line-height: 60%\"><p style=\"margin-bottom: 0px\">Resource NutritionIntake &quot;example&quot; </p></div><p><b>identifier</b>: id:\u00a01144223344</p><p><b>status</b>: completed</p><p><b>code</b>: Inpatient <span style=\"background: LightGoldenRodYellow; margin: 4px; border: 1px solid khaki\"> ()</span></p><p><b>subject</b>: <span>: Paula Patient Chalmers</span></p><p><b>encounter</b>: <a href=\"encounter-example.html\">Encounter/example</a></p><p><b>occurrence</b>: 2019-08-02T12:45:18+04:00</p><p><b>reported</b>: <a href=\"practitionerrole-example.html\">PractitionerRole/example</a></p><blockquote><p><b>consumedItem</b></p><p><b>type</b>: food <span style=\"background: LightGoldenRodYellow; margin: 4px; border: 1px solid khaki\"> ()</span></p><h3>NutritionProducts</h3><table class=\"grid\"><tr><td>-</td><td><b>Concept</b></td></tr><tr><td>*</td><td>Grill Sandwich <span style=\"background: LightGoldenRodYellow; margin: 4px; border: 1px solid khaki\"> ()</span></td></tr></table><p><b>amount</b>: 100 percent<span style=\"background: LightGoldenRodYellow\"> (Details: UCUM code % = '%')</span></p></blockquote><blockquote><p><b>consumedItem</b></p><p><b>type</b>: food <span style=\"background: LightGoldenRodYellow; margin: 4px; border: 1px solid khaki\"> ()</span></p><h3>NutritionProducts</h3><table class=\"grid\"><tr><td>-</td><td><b>Concept</b></td></tr><tr><td>*</td><td>French Fries Spiral Battered <span style=\"background: LightGoldenRodYellow; margin: 4px; border: 1px solid khaki\"> ()</span></td></tr></table><p><b>amount</b>: 100 percent<span style=\"background: LightGoldenRodYellow\"> (Details: UCUM code % = '%')</span></p></blockquote><blockquote><p><b>consumedItem</b></p><p><b>type</b>: food <span style=\"background: LightGoldenRodYellow; margin: 4px; border: 1px solid khaki\"> ()</span></p><h3>NutritionProducts</h3><table class=\"grid\"><tr><td>-</td><td><b>Concept</b></td></tr><tr><td>*</td><td>Tomato Soup Healthy Request <span style=\"background: LightGoldenRodYellow; margin: 4px; border: 1px solid khaki\"> ()</span></td></tr></table><p><b>amount</b>: 50 percent<span style=\"background: LightGoldenRodYellow\"> (Details: UCUM code % = '%')</span></p></blockquote><blockquote><p><b>consumedItem</b></p><p><b>type</b>: food <span style=\"background: LightGoldenRodYellow; margin: 4px; border: 1px solid khaki\"> ()</span></p><h3>NutritionProducts</h3><table class=\"grid\"><tr><td>-</td><td><b>Concept</b></td></tr><tr><td>*</td><td>Side Garden Salad <span style=\"background: LightGoldenRodYellow; margin: 4px; border: 1px solid khaki\"> ()</span></td></tr></table><p><b>amount</b>: 50 percent<span style=\"background: LightGoldenRodYellow\"> (Details: UCUM code % = '%')</span></p></blockquote><blockquote><p><b>consumedItem</b></p><p><b>type</b>: fluid <span style=\"background: LightGoldenRodYellow; margin: 4px; border: 1px solid khaki\"> ()</span></p><h3>NutritionProducts</h3><table class=\"grid\"><tr><td>-</td><td><b>Concept</b></td></tr><tr><td>*</td><td>Ice Tea Unsweetened <span style=\"background: LightGoldenRodYellow; margin: 4px; border: 1px solid khaki\"> ()</span></td></tr></table><p><b>amount</b>: 100 percent<span style=\"background: LightGoldenRodYellow\"> (Details: UCUM code % = '%')</span></p></blockquote><blockquote><p><b>ingredientLabel</b></p><h3>Nutrients</h3><table class=\"grid\"><tr><td>-</td><td><b>Concept</b></td></tr><tr><td>*</td><td>Total Calories <span style=\"background: LightGoldenRodYellow; margin: 4px; border: 1px solid khaki\"> ()</span></td></tr></table><p><b>amount</b>: 313 kilocalorie<span style=\"background: LightGoldenRodYellow\"> (Details: UCUM code kcal = 'kcal')</span></p></blockquote><blockquote><p><b>ingredientLabel</b></p><h3>Nutrients</h3><table class=\"grid\"><tr><td>-</td><td><b>Concept</b></td></tr><tr><td>*</td><td>Protein <span style=\"background: LightGoldenRodYellow; margin: 4px; border: 1px solid khaki\"> ()</span></td></tr></table><p><b>amount</b>: 10.4 grams<span style=\"background: LightGoldenRodYellow\"> (Details: UCUM code g = 'g')</span></p></blockquote><blockquote><p><b>ingredientLabel</b></p><h3>Nutrients</h3><table class=\"grid\"><tr><td>-</td><td><b>Concept</b></td></tr><tr><td>*</td><td>Fat (Total) <span style=\"background: LightGoldenRodYellow; margin: 4px; border: 1px solid khaki\"> ()</span></td></tr></table><p><b>amount</b>: 18.00 grams<span style=\"background: LightGoldenRodYellow\"> (Details: UCUM code g = 'g')</span></p></blockquote><blockquote><p><b>ingredientLabel</b></p><h3>Nutrients</h3><table class=\"grid\"><tr><td>-</td><td><b>Concept</b></td></tr><tr><td>*</td><td>Carbohydrate <span style=\"background: LightGoldenRodYellow; margin: 4px; border: 1px solid khaki\"> ()</span></td></tr></table><p><b>amount</b>: 26.47 grams<span style=\"background: LightGoldenRodYellow\"> (Details: UCUM code g = 'g')</span></p></blockquote><blockquote><p><b>ingredientLabel</b></p><h3>Nutrients</h3><table class=\"grid\"><tr><td>-</td><td><b>Concept</b></td></tr><tr><td>*</td><td>Sodium <span style=\"background: LightGoldenRodYellow; margin: 4px; border: 1px solid khaki\"> ()</span></td></tr></table><p><b>amount</b>: 770 Milligrams<span style=\"background: LightGoldenRodYellow\"> (Details: UCUM code mg = 'mg')</span></p></blockquote></div>"
            }, 
            "identifier": [
                {
                    "system": "http://example.org", 
                    "value": "1144223344"
                }
            ], 
            "status": "completed", 
            "code": {
                "text": "Inpatient"
            }, 
            "subject": {
                "display": "Paula Patient Chalmers"
            }, 
            "encounter": {
                "reference": "Encounter/example"
            }, 
            "occurrenceDateTime": "2019-08-02T12:45:18+04:00", 
            "reportedReference": {
                "reference": "PractitionerRole/example"
            }, 
            "consumedItem": [
                {
                    "type": {
                        "text": "food"
                    }, 
                    "nutritionProduct": {
                        "concept": {
                            "text": "Grill Sandwich"
                        }
                    }, 
                    "amount": {
                        "value": 100, 
                        "unit": "percent", 
                        "system": "http://unitsofmeasure.org", 
                        "code": "%"
                    }
                }, 
                {
                    "type": {
                        "text": "food"
                    }, 
                    "nutritionProduct": {
                        "concept": {
                            "text": "French Fries Spiral Battered"
                        }
                    }, 
                    "amount": {
                        "value": 100, 
                        "unit": "percent", 
                        "system": "http://unitsofmeasure.org", 
                        "code": "%"
                    }
                }, 
                {
                    "type": {
                        "text": "food"
                    }, 
                    "nutritionProduct": {
                        "concept": {
                            "text": "Tomato Soup Healthy Request"
                        }
                    }, 
                    "amount": {
                        "value": 50, 
                        "unit": "percent", 
                        "system": "http://unitsofmeasure.org", 
                        "code": "%"
                    }
                }, 
                {
                    "type": {
                        "text": "food"
                    }, 
                    "nutritionProduct": {
                        "concept": {
                            "text": "Side Garden Salad"
                        }
                    }, 
                    "amount": {
                        "value": 50, 
                        "unit": "percent", 
                        "system": "http://unitsofmeasure.org", 
                        "code": "%"
                    }
                }, 
                {
                    "type": {
                        "text": "fluid"
                    }, 
                    "nutritionProduct": {
                        "concept": {
                            "text": "Ice Tea Unsweetened"
                        }
                    }, 
                    "amount": {
                        "value": 100, 
                        "unit": "percent", 
                        "system": "http://unitsofmeasure.org", 
                        "code": "%"
                    }
                }
            ], 
            "ingredientLabel": [
                {
                    "nutrient": {
                        "concept": {
                            "text": "Total Calories"
                        }
                    }, 
                    "amount": {
                        "value": 313, 
                        "unit": "kilocalorie", 
                        "system": "http://unitsofmeasure.org", 
                        "code": "kcal"
                    }
                }, 
                {
                    "nutrient": {
                        "concept": {
                            "text": "Protein"
                        }
                    }, 
                    "amount": {
                        "value": 10.4, 
                        "unit": "grams", 
                        "system": "http://unitsofmeasure.org", 
                        "code": "g"
                    }
                }, 
                {
                    "nutrient": {
                        "concept": {
                            "text": "Fat (Total)"
                        }
                    }, 
                    "amount": {
                        "value": 18.0, 
                        "unit": "grams", 
                        "system": "http://unitsofmeasure.org", 
                        "code": "g"
                    }
                }, 
                {
                    "nutrient": {
                        "concept": {
                            "text": "Carbohydrate"
                        }
                    }, 
                    "amount": {
                        "value": 26.47, 
                        "unit": "grams", 
                        "system": "http://unitsofmeasure.org", 
                        "code": "g"
                    }
                }, 
                {
                    "nutrient": {
                        "concept": {
                            "text": "Sodium"
                        }
                    }, 
                    "amount": {
                        "value": 770, 
                        "unit": "Milligrams", 
                        "system": "http://unitsofmeasure.org", 
                        "code": "mg"
                    }
                }
            ]
        }
    }
}