{
    "example": {
        "summary": "Simple Weight Example", 
        "description": "Simple Weight Example", 
        "value": {
            "resourceType": "Observation", 
            "id": "example", 
            "text": {
                "status": "generated", 
                "div": "<div xmlns=\"http://www.w3.org/1999/xhtml\"><p><b>Generated Narrative: Observation</b><a name=\"example\"> </a></p><div style=\"display: inline-block; background-color: #d9e0e7; padding: 6px; margin: 4px; border: 1px solid #8da1b4; border-radius: 5px; line-height: 60%\"><p style=\"margin-bottom: 0px\">Resource Observation &quot;example&quot; </p></div><p><b>status</b>: <span title=\"   the mandatory quality flags:   \">final</span></p><p><b>category</b>: <span title=\"  category code is A code that classifies the general type of observation being made. This is used for searching, sorting and display purposes. \">Vital Signs <span style=\"background: LightGoldenRodYellow; margin: 4px; border: 1px solid khaki\"> (<a href=\"http://terminology.hl7.org/5.1.0/CodeSystem-observation-category.html\">Observation Category Codes</a>#vital-signs)</span></span></p><p><b>code</b>: <span title=\"  \n    Observations are often coded in multiple code systems.\n      - LOINC provides codes of varying granularity (though not usefully more specific in this particular case) and more generic LOINCs  can be mapped to more specific codes as shown here\n      - snomed provides a clinically relevant code that is usually less granular than LOINC\n      - the source system provides its own code, which may be less or more granular than LOINC\n    \">Body Weight <span style=\"background: LightGoldenRodYellow; margin: 4px; border: 1px solid khaki\"> (<a href=\"https://loinc.org/\">LOINC</a>#29463-7; <a href=\"https://loinc.org/\">LOINC</a>#3141-9 &quot;Body weight Measured&quot;; <a href=\"https://browser.ihtsdotools.org/\">SNOMED CT</a>#27113001 &quot;Body weight&quot;; clinical-codes#body-weight)</span></span></p><p><b>subject</b>: <a href=\"patient-example.html\">Patient/example</a> &quot;Peter CHALMERS&quot;</p><p><b>encounter</b>: <a href=\"encounter-example.html\">Encounter/example</a></p><p><b>effective</b>: 2016-03-28</p><p><b>value</b>: <span title=\"   In FHIR, units may be represented twice. Once in the\n    agreed human representation, and once in a coded form.\n    Both is best, since it's not always possible to infer\n    one from the other in code.\n\n    When a computable unit is provided, UCUM (http://unitsofmeasure.org)\n    is always preferred, but it doesn't provide notional units (such as\n    &quot;tablet&quot;), etc. For these, something else is required (e.g. SNOMED CT)\n     \">185 lbs<span style=\"background: LightGoldenRodYellow\"> (Details: UCUM code [lb_av] = 'lb_av')</span></span></p></div>"
            }, 
            "status": "final", 
            "category": [
                {
                    "coding": [
                        {
                            "system": "http://terminology.hl7.org/CodeSystem/observation-category", 
                            "code": "vital-signs", 
                            "display": "Vital Signs"
                        }
                    ]
                }
            ], 
            "code": {
                "coding": [
                    {
                        "system": "http://loinc.org", 
                        "code": "29463-7", 
                        "display": "Body Weight"
                    }, 
                    {
                        "system": "http://loinc.org", 
                        "code": "3141-9", 
                        "display": "Body weight Measured"
                    }, 
                    {
                        "system": "http://snomed.info/sct", 
                        "code": "27113001", 
                        "display": "Body weight"
                    }, 
                    {
                        "system": "http://acme.org/devices/clinical-codes", 
                        "code": "body-weight", 
                        "display": "Body Weight"
                    }
                ]
            }, 
            "subject": {
                "reference": "Patient/example"
            }, 
            "encounter": {
                "reference": "Encounter/example"
            }, 
            "effectiveDateTime": "2016-03-28", 
            "valueQuantity": {
                "value": 185, 
                "unit": "lbs", 
                "system": "http://unitsofmeasure.org", 
                "code": "[lb_av]"
            }
        }
    }, 
    "respiratory-rate": {
        "summary": "Simple Respiratory Rate Example", 
        "description": "Simple Respiratory Rate Example", 
        "externalValue": "https://hl7.org/fhir/R5/observation-example-respiratory-rate.json"
    }, 
    "heart-rate": {
        "summary": "Simple Heart Rate Example", 
        "description": "Simple Heart Rate Example", 
        "externalValue": "https://hl7.org/fhir/R5/observation-example-heart-rate.json"
    }, 
    "body-temperature": {
        "summary": "Simple Body Temperature Example", 
        "description": "Simple Body Temperature Example", 
        "externalValue": "https://hl7.org/fhir/R5/observation-example-body-temperature.json"
    }, 
    "body-height": {
        "summary": "Simple Body Height Example", 
        "description": "Simple Body Height Example", 
        "externalValue": "https://hl7.org/fhir/R5/observation-example-body-height.json"
    }, 
    "body-length": {
        "summary": "Simple Body Length Example", 
        "description": "Simple Body Length Example", 
        "externalValue": "https://hl7.org/fhir/R5/observation-example-body-length.json"
    }, 
    "head-circumference": {
        "summary": "Simple Head Circumference Example", 
        "description": "Simple Head Circumference Example", 
        "externalValue": "https://hl7.org/fhir/R5/observation-example-head-circumference.json"
    }, 
    "bmi": {
        "summary": "Simple BMI Example", 
        "description": "Simple BMI Example", 
        "externalValue": "https://hl7.org/fhir/R5/observation-example-bmi.json"
    }, 
    "bmi-using-related": {
        "summary": "BMI with links to Height and Weight", 
        "description": "BMI with links to Height and Weight", 
        "externalValue": "https://hl7.org/fhir/R5/observation-example-bmi-using-related.json"
    }, 
    "satO2": {
        "summary": "Oxygen Saturation by Pulse Oximetry Example (DeviceMetricObservation profile)", 
        "description": "Oxygen Saturation by Pulse Oximetry Example (DeviceMetricObservation profile)", 
        "externalValue": "https://hl7.org/fhir/R5/observation-example-satO2.json"
    }, 
    "blood-pressure": {
        "summary": "Blood Pressure Measurement", 
        "description": "Blood Pressure Measurement", 
        "externalValue": "https://hl7.org/fhir/R5/observation-example-bloodpressure.json"
    }, 
    "blood-pressure-dar": {
        "summary": "Blood Pressure Measurement with an absent Diastolic measurement", 
        "description": "Blood Pressure Measurement with an absent Diastolic measurement", 
        "externalValue": "https://hl7.org/fhir/R5/observation-example-bloodpressure-dar.json"
    }, 
    "mbp": {
        "summary": "Simple Mean Arterial Blood Pressure Example", 
        "description": "Simple Mean Arterial Blood Pressure Example", 
        "externalValue": "https://hl7.org/fhir/R5/observation-example-mbp.json"
    }, 
    "vitals-panel": {
        "summary": "Simple Panel of Heart Rate, Repiratory Rate. Blood Pressure and Body Temperature", 
        "description": "Simple Panel of Heart Rate, Repiratory Rate. Blood Pressure and Body Temperature", 
        "externalValue": "https://hl7.org/fhir/R5/observation-example-vitals-panel.json"
    }, 
    "blood-pressure-cancel": {
        "summary": "Blood Pressure Measurement cancelled", 
        "description": "Blood Pressure Measurement cancelled", 
        "externalValue": "https://hl7.org/fhir/R5/observation-example-bloodpressure-cancel.json"
    }, 
    "f001": {
        "summary": "Real-world patient - glucose", 
        "description": "Real-world patient - glucose", 
        "externalValue": "https://hl7.org/fhir/R5/observation-example-f001-glucose.json"
    }, 
    "unsat": {
        "summary": "Specimen Reject Example", 
        "description": "Specimen Reject Example", 
        "externalValue": "https://hl7.org/fhir/R5/observation-example-unsat.json"
    }, 
    "f002": {
        "summary": "Real-world patient -base excess", 
        "description": "Real-world patient -base excess", 
        "externalValue": "https://hl7.org/fhir/R5/observation-example-f002-excess.json"
    }, 
    "f003": {
        "summary": "Real-world patient - CO2", 
        "description": "Real-world patient - CO2", 
        "externalValue": "https://hl7.org/fhir/R5/observation-example-f003-co2.json"
    }, 
    "f004": {
        "summary": "Real-world patient - erythrocyte", 
        "description": "Real-world patient - erythrocyte", 
        "externalValue": "https://hl7.org/fhir/R5/observation-example-f004-erythrocyte.json"
    }, 
    "f005": {
        "summary": "Real-world patient - hemoglobin", 
        "description": "Real-world patient - hemoglobin", 
        "externalValue": "https://hl7.org/fhir/R5/observation-example-f005-hemoglobin.json"
    }, 
    "date-lastmp": {
        "summary": "An \"ask at order\" response using the datetime datetype for the result value", 
        "description": "An \"ask at order\" response using the datetime datetype for the result value", 
        "externalValue": "https://hl7.org/fhir/R5/observation-example-date-lastmp.json"
    }, 
    "f202": {
        "summary": "Real-world patient - temperature", 
        "description": "Real-world patient - temperature", 
        "externalValue": "https://hl7.org/fhir/R5/observation-example-f202-temperature.json"
    }, 
    "f203": {
        "summary": "Real-world patient - CO2", 
        "description": "Real-world patient - CO2", 
        "externalValue": "https://hl7.org/fhir/R5/observation-example-f203-bicarbonate.json"
    }, 
    "f204": {
        "summary": "Real-world patient - creatinine", 
        "description": "Real-world patient - creatinine", 
        "externalValue": "https://hl7.org/fhir/R5/observation-example-f204-creatinine.json"
    }, 
    "f205": {
        "summary": "Real-world patient - estimated gfr", 
        "description": "Real-world patient - estimated gfr", 
        "externalValue": "https://hl7.org/fhir/R5/observation-example-f205-egfr.json"
    }, 
    "f206": {
        "summary": "Real-world patient - staphylococcus", 
        "description": "Real-world patient - staphylococcus", 
        "externalValue": "https://hl7.org/fhir/R5/observation-example-f206-staphylococcus.json"
    }, 
    "ekg": {
        "summary": "EKG Example using SampledData data type", 
        "description": "EKG Example using SampledData data type", 
        "externalValue": "https://hl7.org/fhir/R5/observation-example-sample-data.json"
    }, 
    "glasgow": {
        "summary": "Clinical assessment tool example - GCS with individual score as components", 
        "description": "Clinical assessment tool example - GCS with individual score as components", 
        "externalValue": "https://hl7.org/fhir/R5/observation-example-glasgow.json"
    }, 
    "gcs-qa": {
        "summary": "Clinical assessment tool example - GCS with individual scores as related QuestionnaireAnswer", 
        "description": "Clinical assessment tool example - GCS with individual scores as related QuestionnaireAnswer", 
        "externalValue": "https://hl7.org/fhir/R5/observation-example-glasgow-qa.json"
    }, 
    "1minute-apgar-score": {
        "summary": "Example of a 1 minute Apgar score with individual score as components", 
        "description": "Example of a 1 minute Apgar score with individual score as components", 
        "externalValue": "https://hl7.org/fhir/R5/observation-example-1minute-apgar-score.json"
    }, 
    "2minute-apgar-score": {
        "summary": "Example of a 2 minute Apgar score with individual score as components", 
        "description": "Example of a 2 minute Apgar score with individual score as components", 
        "externalValue": "https://hl7.org/fhir/R5/observation-example-2minute-apgar-score.json"
    }, 
    "5minute-apgar-score": {
        "summary": "Example of a 5 minute Apgar score with individual score as components", 
        "description": "Example of a 5 minute Apgar score with individual score as components", 
        "externalValue": "https://hl7.org/fhir/R5/observation-example-5minute-apgar-score.json"
    }, 
    "10minute-apgar-score": {
        "summary": "Example of a 10 minute Apgar score with individual score as components", 
        "description": "Example of a 10 minute Apgar score with individual score as components", 
        "externalValue": "https://hl7.org/fhir/R5/observation-example-10minute-apgar-score.json"
    }, 
    "20minute-apgar-score": {
        "summary": "Example of a 20 minute Apgar score with individual score as components", 
        "description": "Example of a 20 minute Apgar score with individual score as components", 
        "externalValue": "https://hl7.org/fhir/R5/observation-example-20minute-apgar-score.json"
    }, 
    "clinical-gender": {
        "summary": "Example of a clinical gender observation.  For a discussion on representing a patient's gender the Patient Resource.", 
        "description": "Example of a clinical gender observation.  For a discussion on representing a patient's gender the Patient Resource.", 
        "externalValue": "https://hl7.org/fhir/R5/observation-example-clinical-gender.json"
    }, 
    "eye-color": {
        "summary": "Example of a very simple personal characteristic observation", 
        "description": "Example of a very simple personal characteristic observation", 
        "externalValue": "https://hl7.org/fhir/R5/observation-example-eye-color.json"
    }, 
    "bmd": {
        "summary": "Example of an encoded BMD measurements of left femur", 
        "description": "Example of an encoded BMD measurements of left femur", 
        "externalValue": "https://hl7.org/fhir/R5/observation-example-bmd.json"
    }, 
    "656": {
        "summary": "Spirometry Example referencing DeviceComponent", 
        "description": "Spirometry Example referencing DeviceComponent", 
        "externalValue": "https://hl7.org/fhir/R5/observation-example-spirometry.json"
    }, 
    "alcohol-type": {
        "summary": "Example of a multi-select values/answers Observation with individual answers/values as components", 
        "description": "Example of a multi-select values/answers Observation with individual answers/values as components", 
        "externalValue": "https://hl7.org/fhir/R5/observation-example-alcohol-type.json"
    }, 
    "vp-oyster": {
        "summary": "Example of an Observations made about a location - an oyster farm", 
        "description": "Example of an Observations made about a location - an oyster farm", 
        "externalValue": "https://hl7.org/fhir/R5/observation-example-vp-oyster.json"
    }, 
    "herd1": {
        "summary": "An example of a herd screening ELISA assay for Mycoplasmal Pneumonia in Pigs.", 
        "description": "An example of a herd screening ELISA assay for Mycoplasmal Pneumonia in Pigs.", 
        "externalValue": "https://hl7.org/fhir/R5/observation-example-herd1.json"
    }, 
    "vomiting": {
        "summary": "An example of a finding of vomiting", 
        "description": "An example of a finding of vomiting", 
        "externalValue": "https://hl7.org/fhir/R5/observation-example-vomiting.json"
    }, 
    "secondsmoke": {
        "summary": "An example of a finding of second hand smoke exposure", 
        "description": "An example of a finding of second hand smoke exposure", 
        "externalValue": "https://hl7.org/fhir/R5/observation-example-secondsmoke.json"
    }, 
    "trachcare": {
        "summary": "An example of capturing whether the mother is trained to change her child's tracheostomy tube. In this example, the child is the patient of record and the mother is the focus.", 
        "description": "An example of capturing whether the mother is trained to change her child's tracheostomy tube. In this example, the child is the patient of record and the mother is the focus.", 
        "externalValue": "https://hl7.org/fhir/R5/observation-example-trachcare.json"
    }, 
    "bgpanel": {
        "summary": "An example of a simple blood typing panel.", 
        "description": "An example of a simple blood typing panel.", 
        "externalValue": "https://hl7.org/fhir/R5/observation-example-bgpanel.json"
    }, 
    "bloodgroup": {
        "summary": "An example of a  blood group (ABO) measurement.", 
        "description": "An example of a  blood group (ABO) measurement.", 
        "externalValue": "https://hl7.org/fhir/R5/observation-example-bloodgroup.json"
    }, 
    "rhstatus": {
        "summary": "An example of a blood Rh antigen measurement.", 
        "description": "An example of a blood Rh antigen measurement.", 
        "externalValue": "https://hl7.org/fhir/R5/observation-example-rhstatus.json"
    }, 
    "decimal": {
        "summary": "Explores the edge cases of the decimal data type", 
        "description": "Explores the edge cases of the decimal data type", 
        "externalValue": "https://hl7.org/fhir/R5/observation-decimal.json"
    }, 
    "map-sitting": {
        "summary": "An example to demonstrate using the bodyPosition and delta extensions", 
        "description": "An example to demonstrate using the bodyPosition and delta extensions", 
        "externalValue": "https://hl7.org/fhir/R5/observation-example-map-sitting.json"
    }, 
    "abdo-tender": {
        "summary": "An exam finding using pattern 3 described in the \"Using Codes in Observation\" Section", 
        "description": "An exam finding using pattern 3 described in the \"Using Codes in Observation\" Section", 
        "externalValue": "https://hl7.org/fhir/R5/observation-example-abdo-tender.json"
    }, 
    "krcore-observation-labresult-example-01": {
        "summary": "Observation example demonstrating internationalization (Korean)", 
        "description": "Observation example demonstrating internationalization (Korean)", 
        "externalValue": "https://hl7.org/fhir/R5/krcore-observation-labresult-example-01.json"
    }, 
    "body-weight-with-arabic-code": {
        "summary": "Observation example demonstrating internationalization (Arabic)", 
        "description": "Observation example demonstrating internationalization (Arabic)", 
        "externalValue": "https://hl7.org/fhir/R5/observation-example-body-weight-with-arabic-code.json"
    }
}