{
    "example": {
        "summary": "Example of permission", 
        "description": "Example of permission", 
        "value": {
            "resourceType": "Permission", 
            "id": "example", 
            "text": {
                "status": "generated", 
                "div": "<div xmlns=\"http://www.w3.org/1999/xhtml\">[Put rendering here]</div>"
            }, 
            "status": "active", 
            "combining": "deny-overrides"
        }
    }, 
    "example-saner": {
        "summary": "Example of permission for SANER", 
        "description": "Example of permission for SANER", 
        "externalValue": "https://hl7.org/fhir/R5/permission-example-saner.json"
    }, 
    "example-vhdir": {
        "summary": "Example of permission for VhDir", 
        "description": "Example of permission for VhDir", 
        "externalValue": "https://hl7.org/fhir/R5/permission-example-vhdir.json"
    }
}