{
    "lipid": {
        "summary": "Lipid Panel Order", 
        "description": "Lipid Panel Order", 
        "externalValue": "https://hl7.org/fhir/R5/servicerequest-example-lipid.json"
    }, 
    "di": {
        "summary": "CT Scan order", 
        "description": "CT Scan order", 
        "externalValue": "https://hl7.org/fhir/R5/servicerequest-example-di.json"
    }, 
    "ft4": {
        "summary": "Free T4 Add on Order", 
        "description": "Free T4 Add on Order", 
        "externalValue": "https://hl7.org/fhir/R5/servicerequest-example-ft4.json"
    }, 
    "example": {
        "summary": "An example of a Head CT procedure", 
        "description": "An example of a Head CT procedure", 
        "value": {
            "resourceType": "ServiceRequest", 
            "id": "example", 
            "text": {
                "status": "generated", 
                "div": "<div xmlns=\"http://www.w3.org/1999/xhtml\">To be added</div>"
            }, 
            "status": "completed", 
            "intent": "order", 
            "category": [
                {
                    "coding": [
                        {
                            "system": "http://snomed.info/sct", 
                            "code": "103693007", 
                            "display": "Diagnostic procedure (procedure)"
                        }
                    ], 
                    "text": "Diagnostics Procedure"
                }
            ], 
            "code": {
                "concept": {
                    "coding": [
                        {
                            "system": "http://snomed.info/sct", 
                            "code": "303653007", 
                            "display": "Computed tomography of head"
                        }
                    ]
                }
            }, 
            "subject": {
                "reference": "Patient/example"
            }
        }
    }, 
    "subrequest": {
        "summary": "Example with sub-requests derived from the request", 
        "description": "Example with sub-requests derived from the request", 
        "externalValue": "https://hl7.org/fhir/R5/servicerequest-example-subrequest.json"
    }, 
    "physiotherapy": {
        "summary": "An example of an order for home physiotherapy", 
        "description": "An example of an order for home physiotherapy", 
        "externalValue": "https://hl7.org/fhir/R5/servicerequest-example2.json"
    }, 
    "do-not-turn": {
        "summary": "An example of an order to not turn a patient", 
        "description": "An example of an order to not turn a patient", 
        "externalValue": "https://hl7.org/fhir/R5/servicerequest-example3.json"
    }, 
    "benchpress": {
        "summary": "Part of an exercise plan", 
        "description": "Part of an exercise plan", 
        "externalValue": "https://hl7.org/fhir/R5/servicerequest-example4.json"
    }, 
    "example-implant": {
        "summary": "Example of an order for an implant", 
        "description": "Example of an order for an implant", 
        "externalValue": "https://hl7.org/fhir/R5/servicerequest-example-implant.json"
    }, 
    "ambulation": {
        "summary": "Example of an order for anambulation procedure", 
        "description": "Example of an order for anambulation procedure", 
        "externalValue": "https://hl7.org/fhir/R5/servicerequest-example-ambulation.json"
    }, 
    "colon-biopsy": {
        "summary": "Example of an order for a biopsy procedure that was part of a colonoscopy", 
        "description": "Example of an order for a biopsy procedure that was part of a colonoscopy", 
        "externalValue": "https://hl7.org/fhir/R5/servicerequest-example-colonoscopy-bx.json"
    }, 
    "colonoscopy": {
        "summary": "Example of an order for a colonoscopy procedure with complication", 
        "description": "Example of an order for a colonoscopy procedure with complication", 
        "externalValue": "https://hl7.org/fhir/R5/servicerequest-example-colonoscopy.json"
    }, 
    "appendectomy-narrative": {
        "summary": "Example of an order for an appendectomy procedure that is primarily narrative", 
        "description": "Example of an order for an appendectomy procedure that is primarily narrative", 
        "externalValue": "https://hl7.org/fhir/R5/servicerequest-example-appendectomy.json"
    }, 
    "ob": {
        "summary": "Example of an order for an obstetric procedure", 
        "description": "Example of an order for an obstetric procedure", 
        "externalValue": "https://hl7.org/fhir/R5/servicerequest-example-ob.json"
    }, 
    "physical-therapy": {
        "summary": "Example of an order for a physical therapy evaluation procedure", 
        "description": "Example of an order for a physical therapy evaluation procedure", 
        "externalValue": "https://hl7.org/fhir/R5/servicerequest-example-pt.json"
    }, 
    "education": {
        "summary": "Example of an order for patient education", 
        "description": "Example of an order for patient education", 
        "externalValue": "https://hl7.org/fhir/R5/servicerequest-example-edu.json"
    }, 
    "myringotomy": {
        "summary": "An example of a Myringotomy referral request", 
        "description": "An example of a Myringotomy referral request", 
        "externalValue": "https://hl7.org/fhir/R5/servicerequest-example-myringotomy.json"
    }, 
    "vent": {
        "summary": "Order for mechanical ventilation with order details", 
        "description": "Order for mechanical ventilation with order details", 
        "externalValue": "https://hl7.org/fhir/R5/servicerequest-example-ventilation.json"
    }
}