{
    "simpledelivery": {
        "summary": "Simple delivery for resupply", 
        "description": "Simple delivery for resupply", 
        "value": {
            "resourceType": "Transport", 
            "id": "simpledelivery", 
            "text": {
                "status": "generated", 
                "div": "<div xmlns=\"http://www.w3.org/1999/xhtml\"><p><b>Generated Narrative: Transport</b><a name=\"simpledelivery\"> </a></p><div style=\"display: inline-block; background-color: #d9e0e7; padding: 6px; margin: 4px; border: 1px solid #8da1b4; border-radius: 5px; line-height: 60%\"><p style=\"margin-bottom: 0px\">Resource Transport &quot;simpledelivery&quot; </p></div><p><b>identifier</b>: <span title=\" \nbusiness identifier - in this case the same as the request id\n \">id:\u00a0Transport1234</span></p><p><b>basedOn</b>: <a href=\"supplyrequest-example-simpleorder.html\">SupplyRequest/simpleorder</a></p><p><b>partOf</b>: <span>: Central Supply Restock</span></p><p><b>status</b>: completed</p><p><b>intent</b>: order</p><p><b>requestedLocation</b>: <a href=\"broken-link.html\">Transport/location-hospitalLab: Requested location for item at City Hospital Lab</a></p><p><b>currentLocation</b>: <a href=\"broken-link.html\">Transport/location-labA: Current location for item at Lab A</a></p></div>"
            }, 
            "identifier": [
                {
                    "value": "Transport1234"
                }
            ], 
            "basedOn": [
                {
                    "reference": "SupplyRequest/simpleorder"
                }
            ], 
            "partOf": [
                {
                    "display": "Central Supply Restock"
                }
            ], 
            "status": "completed", 
            "intent": "order", 
            "requestedLocation": {
                "reference": "Transport/location-hospitalLab", 
                "display": "Requested location for item at City Hospital Lab"
            }, 
            "currentLocation": {
                "reference": "Transport/location-labA", 
                "display": "Current location for item at Lab A"
            }
        }
    }
}