{
    "example": {
        "summary": "Example of administrableproductdefinition", 
        "description": "Example of administrableproductdefinition", 
        "value": {
            "resourceType": "AdministrableProductDefinition", 
            "id": "example", 
            "text": {
                "status": "generated", 
                "div": "<div xmlns=\"http://www.w3.org/1999/xhtml\"><p><b>Generated Narrative</b></p><div style=\"display: inline-block; background-color: #d9e0e7; padding: 6px; margin: 4px; border: 1px solid #8da1b4; border-radius: 5px; line-height: 60%\"><p style=\"margin-bottom: 0px\">Resource &quot;example&quot; </p></div><p><b>identifier</b>: id: {PhPID}</p><p><b>status</b>: active</p><p><b>administrableDoseForm</b>: Film-coatedtablet <span style=\"background: LightGoldenRodYellow; margin: 4px; border: 1px solid khaki\"> (administrabledoseform#Film-coatedtablet)</span></p><p><b>unitOfPresentation</b>: Tablet <span style=\"background: LightGoldenRodYellow; margin: 4px; border: 1px solid khaki\"> (unitofpresentation#Tablet)</span></p><h3>RouteOfAdministrations</h3><table class=\"grid\"><tr><td>-</td><td><b>Code</b></td></tr><tr><td>*</td><td>OralUse <span style=\"background: LightGoldenRodYellow; margin: 4px; border: 1px solid khaki\"> (routeofadministration#OralUse)</span></td></tr></table></div>"
            }, 
            "identifier": [
                {
                    "system": "http://ema.europa.eu/example/phpididentifiersets", 
                    "value": "{PhPID}"
                }
            ], 
            "status": "active", 
            "administrableDoseForm": {
                "coding": [
                    {
                        "system": "http://ema.europa.eu/example/administrabledoseform", 
                        "code": "Film-coatedtablet"
                    }
                ]
            }, 
            "unitOfPresentation": {
                "coding": [
                    {
                        "system": "http://ema.europa.eu/example/unitofpresentation", 
                        "code": "Tablet"
                    }
                ]
            }, 
            "routeOfAdministration": [
                {
                    "code": {
                        "coding": [
                            {
                                "system": "http://ema.europa.eu/example/routeofadministration", 
                                "code": "OralUse"
                            }
                        ]
                    }
                }
            ]
        }
    }
}