{
  "resourceType": "AdverseEvent",
  "id": "example",
  "text": {
    "status": "generated",
    "div": "<div xmlns=\"http://www.w3.org/1999/xhtml\"><p><b>Generated Narrative</b></p><div style=\"display: inline-block; background-color: #d9e0e7; padding: 6px; margin: 4px; border: 1px solid #8da1b4; border-radius: 5px; line-height: 60%\"><p style=\"margin-bottom: 0px\">Resource &quot;example&quot; </p></div><p><b>identifier</b>: id: 49476534</p><p><b>actuality</b>: actual</p><p><b>category</b>: Product Use Error <span style=\"background: LightGoldenRodYellow; margin: 4px; border: 1px solid khaki\"> (<a href=\"codesystem-adverse-event-category.html\">AdverseEventCategory</a>#product-use-error)</span></p><p><b>event</b>: This was a mild rash on the left forearm <span style=\"background: LightGoldenRodYellow; margin: 4px; border: 1px solid khaki\"> (<a href=\"https://browser.ihtsdotools.org/\">SNOMED CT</a>#304386008 &quot;O/E - itchy rash&quot;)</span></p><p><b>subject</b>: <a href=\"patient-example.html\">Patient/example</a> &quot;Peter CHALMERS&quot;</p><p><b>date</b>: 2017-01-29T12:34:56Z</p><p><b>seriousness</b>: Non-serious <span style=\"background: LightGoldenRodYellow; margin: 4px; border: 1px solid khaki\"> (<a href=\"codesystem-adverse-event-seriousness.html\">AdverseEventSeriousness</a>#Non-serious)</span></p><p><b>severity</b>: Mild <span style=\"background: LightGoldenRodYellow; margin: 4px; border: 1px solid khaki\"> (<a href=\"codesystem-adverse-event-severity.html\">AdverseEventSeverity</a>#mild)</span></p><p><b>recorder</b>: <a href=\"practitioner-example.html\">Practitioner/example</a> &quot;Adam CAREFUL&quot;</p><h3>SuspectEntities</h3><table class=\"grid\"><tr><td>-</td><td><b>Instance</b></td></tr><tr><td>*</td><td><a href=\"todo.html\">Medication/example</a></td></tr></table></div>"
  },
  "identifier": {
    "system": "http://acme.com/ids/patients/risks",
    "value": "49476534"
  },
  "actuality": "actual",
  "category": [
    {
      "coding": [
        {
          "system": "http://terminology.hl7.org/CodeSystem/adverse-event-category",
          "code": "product-use-error",
          "display": "Product Use Error"
        }
      ]
    }
  ],
  "event": {
    "coding": [
      {
        "system": "http://snomed.info/sct",
        "code": "304386008",
        "display": "O/E - itchy rash"
      }
    ],
    "text": "This was a mild rash on the left forearm"
  },
  "subject": {
    "reference": "Patient/example"
  },
  "date": "2017-01-29T12:34:56+00:00",
  "seriousness": {
    "coding": [
      {
        "system": "http://terminology.hl7.org/CodeSystem/adverse-event-seriousness",
        "code": "Non-serious",
        "display": "Non-serious"
      }
    ]
  },
  "severity": {
    "coding": [
      {
        "system": "http://terminology.hl7.org/CodeSystem/adverse-event-severity",
        "code": "mild",
        "display": "Mild"
      }
    ]
  },
  "recorder": {
    "reference": "Practitioner/example"
  },
  "suspectEntity": [
    {
      "instance": {
        "reference": "Medication/example"
      }
    }
  ]
}