{
    "fetus": {
        "summary": "This example demonstrates using the bodystructure resource to identify a fetus within systems that choose not to treat a fetus as a Patient", 
        "description": "This example demonstrates using the bodystructure resource to identify a fetus within systems that choose not to treat a fetus as a Patient", 
        "value": {
            "resourceType": "BodyStructure", 
            "id": "fetus", 
            "text": {
                "status": "generated", 
                "div": "<div xmlns=\"http://www.w3.org/1999/xhtml\"><p><b>Generated Narrative</b></p><div style=\"display: inline-block; background-color: #d9e0e7; padding: 6px; margin: 4px; border: 1px solid #8da1b4; border-radius: 5px; line-height: 60%\"><p style=\"margin-bottom: 0px\">Resource &quot;fetus&quot; </p></div><p><b>identifier</b>: id: 12345</p><p><b>location</b>: Fetus <span style=\"background: LightGoldenRodYellow; margin: 4px; border: 1px solid khaki\"> (<a href=\"https://browser.ihtsdotools.org/\">SNOMED CT</a>#83418008 &quot;Entire fetus (body structure)&quot;)</span></p><p><b>description</b>: EDD 1/1/2017 confirmation by LMP</p><p><b>patient</b>: <a href=\"patient-example.html\">Patient/example</a> &quot;Peter CHALMERS&quot;</p></div>"
            }, 
            "identifier": [
                {
                    "system": "http://goodhealth.org/bodystructure/identifiers", 
                    "value": "12345"
                }
            ], 
            "location": {
                "coding": [
                    {
                        "system": "http://snomed.info/sct", 
                        "code": "83418008", 
                        "display": "Entire fetus (body structure)"
                    }
                ], 
                "text": "Fetus"
            }, 
            "description": "EDD 1/1/2017 confirmation by LMP", 
            "patient": {
                "reference": "Patient/example"
            }
        }
    }, 
    "tumor": {
        "summary": "This example demonstrates using the bodystructure resource to identify a specific tumor or lesion that will have multiple observations and/or procedures performed on it over time", 
        "description": "This example demonstrates using the bodystructure resource to identify a specific tumor or lesion that will have multiple observations and/or procedures performed on it over time", 
        "externalValue": "https://hl7.org/fhir/R4B/bodystructure-example-tumor.json"
    }, 
    "skin-patch": {
        "summary": "This example demonstrates using the bodystructure resource to identify skin patches or other portions of a person or animal that are a focus of a clinical trial and that are subject to repeated observations and/or procedures over time", 
        "description": "This example demonstrates using the bodystructure resource to identify skin patches or other portions of a person or animal that are a focus of a clinical trial and that are subject to repeated observations and/or procedures over time", 
        "externalValue": "https://hl7.org/fhir/R4B/bodystructure-example-skin-patch.json"
    }
}