{
  "resourceType": "ClinicalUseDefinition",
  "id": "example",
  "text": {
    "status": "generated",
    "div": "<div xmlns=\"http://www.w3.org/1999/xhtml\"><p><b>Generated Narrative</b></p><div style=\"display: inline-block; background-color: #d9e0e7; padding: 6px; margin: 4px; border: 1px solid #8da1b4; border-radius: 5px; line-height: 60%\"><p style=\"margin-bottom: 0px\">Resource &quot;example&quot; </p></div><p><b>type</b>: contraindication</p><blockquote><p><b>contraindication</b></p></blockquote></div>"
  },
  "type": "contraindication",
  "contraindication": {
    "diseaseSymptomProcedure": {
      "concept": {
        "coding": [
          {
            "system": "http://ema.europa.eu/example/contraindicationsasdisease-symptom-procedure",
            "code": "Coagulopathiesandbleedingdiatheses(exclthrombocytopenic)"
          }
        ],
        "text": "Hepatic disease associated with coagulopathy and clinically relevant bleeding risk"
      }
    },
    "comorbidity": [
      {
        "concept": {
          "coding": [
            {
              "system": "http://ema.europa.eu/example/comorbidity",
              "code": "Hepaticdisease"
            }
          ]
        }
      }
    ]
  }
}