{
    "example": {
        "summary": "An example of an alert message", 
        "description": "An example of an alert message", 
        "value": {
            "resourceType": "CommunicationRequest", 
            "id": "example", 
            "text": {
                "status": "generated", 
                "div": "<div xmlns=\"http://www.w3.org/1999/xhtml\">To be filled out at a later time</div>"
            }, 
            "status": "active", 
            "subject": {
                "reference": "Patient/example"
            }, 
            "encounter": {
                "reference": "Encounter/example"
            }
        }
    }, 
    "fm-solicit": {
        "summary": "An example of a request for additional information", 
        "description": "An example of a request for additional information", 
        "externalValue": "https://hl7.org/fhir/R4B/communicationrequest-example-fm-solicit-attachment.json"
    }
}