{
    "patient": {
        "summary": "Full Patient Compartment", 
        "description": "Full Patient Compartment", 
        "value": {
            "resourceType": "CompartmentDefinition", 
            "id": "patient", 
            "text": {
                "status": "extensions", 
                "div": "<div xmlns=\"http://www.w3.org/1999/xhtml\"><p>\r\nThe following resources may be in this compartment:\r\n</p>\r\n<table class=\"grid\">\r\n <tr><td><b>Resource</b></td><td><b>Inclusion Criteria</b></td></tr>\r\n <tr><td><a href=\"account.html\">Account</a></td><td>subject</td></tr>\r\n <tr><td><a href=\"adverseevent.html\">AdverseEvent</a></td><td>subject</td></tr>\r\n <tr><td><a href=\"allergyintolerance.html\">AllergyIntolerance</a></td><td>patient, recorder, asserter</td></tr>\r\n <tr><td><a href=\"appointment.html\">Appointment</a></td><td>actor</td></tr>\r\n <tr><td><a href=\"appointmentresponse.html\">AppointmentResponse</a></td><td>actor</td></tr>\r\n <tr><td><a href=\"auditevent.html\">AuditEvent</a></td><td>patient</td></tr>\r\n <tr><td><a href=\"basic.html\">Basic</a></td><td>patient, author</td></tr>\r\n <tr><td><a href=\"bodystructure.html\">BodyStructure</a></td><td>patient</td></tr>\r\n <tr><td><a href=\"careplan.html\">CarePlan</a></td><td>patient, performer</td></tr>\r\n <tr><td><a href=\"careteam.html\">CareTeam</a></td><td>patient, participant</td></tr>\r\n <tr><td><a href=\"chargeitem.html\">ChargeItem</a></td><td>subject</td></tr>\r\n <tr><td><a href=\"claim.html\">Claim</a></td><td>patient, payee</td></tr>\r\n <tr><td><a href=\"claimresponse.html\">ClaimResponse</a></td><td>patient</td></tr>\r\n <tr><td><a href=\"clinicalimpression.html\">ClinicalImpression</a></td><td>subject</td></tr>\r\n <tr><td><a href=\"communication.html\">Communication</a></td><td>subject, sender, recipient</td></tr>\r\n <tr><td><a href=\"communicationrequest.html\">CommunicationRequest</a></td><td>subject, sender, recipient, requester</td></tr>\r\n <tr><td><a href=\"composition.html\">Composition</a></td><td>subject, author, attester</td></tr>\r\n <tr><td><a href=\"condition.html\">Condition</a></td><td>patient, asserter</td></tr>\r\n <tr><td><a href=\"consent.html\">Consent</a></td><td>patient</td></tr>\r\n <tr><td><a href=\"coverage.html\">Coverage</a></td><td>policy-holder, subscriber, beneficiary, payor</td></tr>\r\n <tr><td><a href=\"coverageeligibilityrequest.html\">CoverageEligibilityRequest</a></td><td>patient</td></tr>\r\n <tr><td><a href=\"coverageeligibilityresponse.html\">CoverageEligibilityResponse</a></td><td>patient</td></tr>\r\n <tr><td><a href=\"detectedissue.html\">DetectedIssue</a></td><td>patient</td></tr>\r\n <tr><td><a href=\"devicerequest.html\">DeviceRequest</a></td><td>subject, performer</td></tr>\r\n <tr><td><a href=\"deviceusestatement.html\">DeviceUseStatement</a></td><td>subject</td></tr>\r\n <tr><td><a href=\"diagnosticreport.html\">DiagnosticReport</a></td><td>subject</td></tr>\r\n <tr><td><a href=\"documentmanifest.html\">DocumentManifest</a></td><td>subject, author, recipient</td></tr>\r\n <tr><td><a href=\"documentreference.html\">DocumentReference</a></td><td>subject, author</td></tr>\r\n <tr><td><a href=\"encounter.html\">Encounter</a></td><td>patient</td></tr>\r\n <tr><td><a href=\"enrollmentrequest.html\">EnrollmentRequest</a></td><td>subject</td></tr>\r\n <tr><td><a href=\"episodeofcare.html\">EpisodeOfCare</a></td><td>patient</td></tr>\r\n <tr><td><a href=\"explanationofbenefit.html\">ExplanationOfBenefit</a></td><td>patient, payee</td></tr>\r\n <tr><td><a href=\"familymemberhistory.html\">FamilyMemberHistory</a></td><td>patient</td></tr>\r\n <tr><td><a href=\"flag.html\">Flag</a></td><td>patient</td></tr>\r\n <tr><td><a href=\"goal.html\">Goal</a></td><td>patient</td></tr>\r\n <tr><td><a href=\"group.html\">Group</a></td><td>member</td></tr>\r\n <tr><td><a href=\"imagingstudy.html\">ImagingStudy</a></td><td>patient</td></tr>\r\n <tr><td><a href=\"immunization.html\">Immunization</a></td><td>patient</td></tr>\r\n <tr><td><a href=\"immunizationevaluation.html\">ImmunizationEvaluation</a></td><td>patient</td></tr>\r\n <tr><td><a href=\"immunizationrecommendation.html\">ImmunizationRecommendation</a></td><td>patient</td></tr>\r\n <tr><td><a href=\"invoice.html\">Invoice</a></td><td>subject, patient, recipient</td></tr>\r\n <tr><td><a href=\"list.html\">List</a></td><td>subject, source</td></tr>\r\n <tr><td><a href=\"measurereport.html\">MeasureReport</a></td><td>patient</td></tr>\r\n <tr><td><a href=\"media.html\">Media</a></td><td>subject</td></tr>\r\n <tr><td><a href=\"medicationadministration.html\">MedicationAdministration</a></td><td>patient, performer, subject</td></tr>\r\n <tr><td><a href=\"medicationdispense.html\">MedicationDispense</a></td><td>subject, patient, receiver</td></tr>\r\n <tr><td><a href=\"medicationrequest.html\">MedicationRequest</a></td><td>subject</td></tr>\r\n <tr><td><a href=\"medicationstatement.html\">MedicationStatement</a></td><td>subject</td></tr>\r\n <tr><td><a href=\"molecularsequence.html\">MolecularSequence</a></td><td>patient</td></tr>\r\n <tr><td><a href=\"nutritionorder.html\">NutritionOrder</a></td><td>patient</td></tr>\r\n <tr><td><a href=\"observation.html\">Observation</a></td><td>subject, performer</td></tr>\r\n <tr><td><a href=\"patient.html\">Patient</a></td><td>link</td></tr>\r\n <tr><td><a href=\"person.html\">Person</a></td><td>patient</td></tr>\r\n <tr><td><a href=\"procedure.html\">Procedure</a></td><td>patient, performer</td></tr>\r\n <tr><td><a href=\"provenance.html\">Provenance</a></td><td>patient</td></tr>\r\n <tr><td><a href=\"questionnaireresponse.html\">QuestionnaireResponse</a></td><td>subject, author</td></tr>\r\n <tr><td><a href=\"relatedperson.html\">RelatedPerson</a></td><td>patient</td></tr>\r\n <tr><td><a href=\"requestgroup.html\">RequestGroup</a></td><td>subject, participant</td></tr>\r\n <tr><td><a href=\"researchsubject.html\">ResearchSubject</a></td><td>individual</td></tr>\r\n <tr><td><a href=\"riskassessment.html\">RiskAssessment</a></td><td>subject</td></tr>\r\n <tr><td><a href=\"schedule.html\">Schedule</a></td><td>actor</td></tr>\r\n <tr><td><a href=\"servicerequest.html\">ServiceRequest</a></td><td>subject, performer</td></tr>\r\n <tr><td><a href=\"specimen.html\">Specimen</a></td><td>subject</td></tr>\r\n <tr><td><a href=\"supplydelivery.html\">SupplyDelivery</a></td><td>patient</td></tr>\r\n <tr><td><a href=\"supplyrequest.html\">SupplyRequest</a></td><td>subject</td></tr>\r\n <tr><td><a href=\"visionprescription.html\">VisionPrescription</a></td><td>patient</td></tr>\r\n</table>\r\n<p>\r\nA resource is in this compartment if the nominated search parameter (or chain) refers to the patient resource that defines the compartment.\r\n</p>\r\n<p>\r\n\r\n</p>\r\n<p>\r\nThe following resources are never in this compartment:\r\n</p>\r\n<ul>\r\n <li><a href=\"activitydefinition.html\">ActivityDefinition</a></li>\r\n <li><a href=\"administrableproductdefinition.html\">AdministrableProductDefinition</a></li>\r\n <li><a href=\"binary.html\">Binary</a></li>\r\n <li><a href=\"biologicallyderivedproduct.html\">BiologicallyDerivedProduct</a></li>\r\n <li><a href=\"bundle.html\">Bundle</a></li>\r\n <li><a href=\"capabilitystatement.html\">CapabilityStatement</a></li>\r\n <li><a href=\"catalogentry.html\">CatalogEntry</a></li>\r\n <li><a href=\"chargeitemdefinition.html\">ChargeItemDefinition</a></li>\r\n <li><a href=\"citation.html\">Citation</a></li>\r\n <li><a href=\"clinicalusedefinition.html\">ClinicalUseDefinition</a></li>\r\n <li><a href=\"codesystem.html\">CodeSystem</a></li>\r\n <li><a href=\"compartmentdefinition.html\">CompartmentDefinition</a></li>\r\n <li><a href=\"conceptmap.html\">ConceptMap</a></li>\r\n <li><a href=\"contract.html\">Contract</a></li>\r\n <li><a href=\"device.html\">Device</a></li>\r\n <li><a href=\"devicedefinition.html\">DeviceDefinition</a></li>\r\n <li><a href=\"devicemetric.html\">DeviceMetric</a></li>\r\n <li><a href=\"endpoint.html\">Endpoint</a></li>\r\n <li><a href=\"enrollmentresponse.html\">EnrollmentResponse</a></li>\r\n <li><a href=\"eventdefinition.html\">EventDefinition</a></li>\r\n <li><a href=\"evidence.html\">Evidence</a></li>\r\n <li><a href=\"evidencereport.html\">EvidenceReport</a></li>\r\n <li><a href=\"evidencevariable.html\">EvidenceVariable</a></li>\r\n <li><a href=\"examplescenario.html\">ExampleScenario</a></li>\r\n <li><a href=\"graphdefinition.html\">GraphDefinition</a></li>\r\n <li><a href=\"guidanceresponse.html\">GuidanceResponse</a></li>\r\n <li><a href=\"healthcareservice.html\">HealthcareService</a></li>\r\n <li><a href=\"implementationguide.html\">ImplementationGuide</a></li>\r\n <li><a href=\"ingredient.html\">Ingredient</a></li>\r\n <li><a href=\"insuranceplan.html\">InsurancePlan</a></li>\r\n <li><a href=\"library.html\">Library</a></li>\r\n <li><a href=\"linkage.html\">Linkage</a></li>\r\n <li><a href=\"location.html\">Location</a></li>\r\n <li><a href=\"manufactureditemdefinition.html\">ManufacturedItemDefinition</a></li>\r\n <li><a href=\"measure.html\">Measure</a></li>\r\n <li><a href=\"medication.html\">Medication</a></li>\r\n <li><a href=\"medicationknowledge.html\">MedicationKnowledge</a></li>\r\n <li><a href=\"medicinalproductdefinition.html\">MedicinalProductDefinition</a></li>\r\n <li><a href=\"messagedefinition.html\">MessageDefinition</a></li>\r\n <li><a href=\"messageheader.html\">MessageHeader</a></li>\r\n <li><a href=\"namingsystem.html\">NamingSystem</a></li>\r\n <li><a href=\"nutritionproduct.html\">NutritionProduct</a></li>\r\n <li><a href=\"observationdefinition.html\">ObservationDefinition</a></li>\r\n <li><a href=\"operationdefinition.html\">OperationDefinition</a></li>\r\n <li><a href=\"operationoutcome.html\">OperationOutcome</a></li>\r\n <li><a href=\"organization.html\">Organization</a></li>\r\n <li><a href=\"organizationaffiliation.html\">OrganizationAffiliation</a></li>\r\n <li><a href=\"packagedproductdefinition.html\">PackagedProductDefinition</a></li>\r\n <li><a href=\"paymentnotice.html\">PaymentNotice</a></li>\r\n <li><a href=\"paymentreconciliation.html\">PaymentReconciliation</a></li>\r\n <li><a href=\"plandefinition.html\">PlanDefinition</a></li>\r\n <li><a href=\"practitioner.html\">Practitioner</a></li>\r\n <li><a href=\"practitionerrole.html\">PractitionerRole</a></li>\r\n <li><a href=\"questionnaire.html\">Questionnaire</a></li>\r\n <li><a href=\"regulatedauthorization.html\">RegulatedAuthorization</a></li>\r\n <li><a href=\"researchdefinition.html\">ResearchDefinition</a></li>\r\n <li><a href=\"researchelementdefinition.html\">ResearchElementDefinition</a></li>\r\n <li><a href=\"researchstudy.html\">ResearchStudy</a></li>\r\n <li><a href=\"searchparameter.html\">SearchParameter</a></li>\r\n <li><a href=\"slot.html\">Slot</a></li>\r\n <li><a href=\"specimendefinition.html\">SpecimenDefinition</a></li>\r\n <li><a href=\"structuredefinition.html\">StructureDefinition</a></li>\r\n <li><a href=\"structuremap.html\">StructureMap</a></li>\r\n <li><a href=\"subscription.html\">Subscription</a></li>\r\n <li><a href=\"subscriptionstatus.html\">SubscriptionStatus</a></li>\r\n <li><a href=\"subscriptiontopic.html\">SubscriptionTopic</a></li>\r\n <li><a href=\"substance.html\">Substance</a></li>\r\n <li><a href=\"substancedefinition.html\">SubstanceDefinition</a></li>\r\n <li><a href=\"task.html\">Task</a></li>\r\n <li><a href=\"terminologycapabilities.html\">TerminologyCapabilities</a></li>\r\n <li><a href=\"testreport.html\">TestReport</a></li>\r\n <li><a href=\"testscript.html\">TestScript</a></li>\r\n <li><a href=\"valueset.html\">ValueSet</a></li>\r\n <li><a href=\"verificationresult.html\">VerificationResult</a></li>\r\n</ul></div>"
            }, 
            "url": "http://hl7.org/fhir/CompartmentDefinition/patient", 
            "version": "4.3.0", 
            "name": "Base FHIR compartment definition for Patient", 
            "status": "draft", 
            "experimental": true, 
            "date": "2022-05-28T12:47:40+10:00", 
            "publisher": "FHIR Project Team", 
            "contact": [
                {
                    "telecom": [
                        {
                            "system": "url", 
                            "value": "http://hl7.org/fhir"
                        }
                    ]
                }
            ], 
            "description": "There is an instance of the patient compartment for each patient resource, and the identity of the compartment is the same as the patient. When a patient is linked to another patient, all the records associated with the linked patient are in the compartment associated with the target of the link.. The set of resources associated with a particular patient", 
            "code": "Patient", 
            "search": true, 
            "resource": [
                {
                    "code": "Account", 
                    "param": [
                        "subject"
                    ]
                }, 
                {
                    "code": "ActivityDefinition"
                }, 
                {
                    "code": "AdministrableProductDefinition"
                }, 
                {
                    "code": "AdverseEvent", 
                    "param": [
                        "subject"
                    ]
                }, 
                {
                    "code": "AllergyIntolerance", 
                    "param": [
                        "patient", 
                        "recorder", 
                        "asserter"
                    ]
                }, 
                {
                    "code": "Appointment", 
                    "param": [
                        "actor"
                    ]
                }, 
                {
                    "code": "AppointmentResponse", 
                    "param": [
                        "actor"
                    ]
                }, 
                {
                    "code": "AuditEvent", 
                    "param": [
                        "patient"
                    ]
                }, 
                {
                    "code": "Basic", 
                    "param": [
                        "patient", 
                        "author"
                    ]
                }, 
                {
                    "code": "Binary"
                }, 
                {
                    "code": "BiologicallyDerivedProduct"
                }, 
                {
                    "code": "BodyStructure", 
                    "param": [
                        "patient"
                    ]
                }, 
                {
                    "code": "Bundle"
                }, 
                {
                    "code": "CapabilityStatement"
                }, 
                {
                    "code": "CarePlan", 
                    "param": [
                        "patient", 
                        "performer"
                    ]
                }, 
                {
                    "code": "CareTeam", 
                    "param": [
                        "patient", 
                        "participant"
                    ]
                }, 
                {
                    "code": "CatalogEntry"
                }, 
                {
                    "code": "ChargeItem", 
                    "param": [
                        "subject"
                    ]
                }, 
                {
                    "code": "ChargeItemDefinition"
                }, 
                {
                    "code": "Citation"
                }, 
                {
                    "code": "Claim", 
                    "param": [
                        "patient", 
                        "payee"
                    ]
                }, 
                {
                    "code": "ClaimResponse", 
                    "param": [
                        "patient"
                    ]
                }, 
                {
                    "code": "ClinicalImpression", 
                    "param": [
                        "subject"
                    ]
                }, 
                {
                    "code": "ClinicalUseDefinition"
                }, 
                {
                    "code": "CodeSystem"
                }, 
                {
                    "code": "Communication", 
                    "param": [
                        "subject", 
                        "sender", 
                        "recipient"
                    ]
                }, 
                {
                    "code": "CommunicationRequest", 
                    "param": [
                        "subject", 
                        "sender", 
                        "recipient", 
                        "requester"
                    ]
                }, 
                {
                    "code": "CompartmentDefinition"
                }, 
                {
                    "code": "Composition", 
                    "param": [
                        "subject", 
                        "author", 
                        "attester"
                    ]
                }, 
                {
                    "code": "ConceptMap"
                }, 
                {
                    "code": "Condition", 
                    "param": [
                        "patient", 
                        "asserter"
                    ]
                }, 
                {
                    "code": "Consent", 
                    "param": [
                        "patient"
                    ]
                }, 
                {
                    "code": "Contract"
                }, 
                {
                    "code": "Coverage", 
                    "param": [
                        "policy-holder", 
                        "subscriber", 
                        "beneficiary", 
                        "payor"
                    ]
                }, 
                {
                    "code": "CoverageEligibilityRequest", 
                    "param": [
                        "patient"
                    ]
                }, 
                {
                    "code": "CoverageEligibilityResponse", 
                    "param": [
                        "patient"
                    ]
                }, 
                {
                    "code": "DetectedIssue", 
                    "param": [
                        "patient"
                    ]
                }, 
                {
                    "code": "Device"
                }, 
                {
                    "code": "DeviceDefinition"
                }, 
                {
                    "code": "DeviceMetric"
                }, 
                {
                    "code": "DeviceRequest", 
                    "param": [
                        "subject", 
                        "performer"
                    ]
                }, 
                {
                    "code": "DeviceUseStatement", 
                    "param": [
                        "subject"
                    ]
                }, 
                {
                    "code": "DiagnosticReport", 
                    "param": [
                        "subject"
                    ]
                }, 
                {
                    "code": "DocumentManifest", 
                    "param": [
                        "subject", 
                        "author", 
                        "recipient"
                    ]
                }, 
                {
                    "code": "DocumentReference", 
                    "param": [
                        "subject", 
                        "author"
                    ]
                }, 
                {
                    "code": "Encounter", 
                    "param": [
                        "patient"
                    ]
                }, 
                {
                    "code": "Endpoint"
                }, 
                {
                    "code": "EnrollmentRequest", 
                    "param": [
                        "subject"
                    ]
                }, 
                {
                    "code": "EnrollmentResponse"
                }, 
                {
                    "code": "EpisodeOfCare", 
                    "param": [
                        "patient"
                    ]
                }, 
                {
                    "code": "EventDefinition"
                }, 
                {
                    "code": "Evidence"
                }, 
                {
                    "code": "EvidenceReport"
                }, 
                {
                    "code": "EvidenceVariable"
                }, 
                {
                    "code": "ExampleScenario"
                }, 
                {
                    "code": "ExplanationOfBenefit", 
                    "param": [
                        "patient", 
                        "payee"
                    ]
                }, 
                {
                    "code": "FamilyMemberHistory", 
                    "param": [
                        "patient"
                    ]
                }, 
                {
                    "code": "Flag", 
                    "param": [
                        "patient"
                    ]
                }, 
                {
                    "code": "Goal", 
                    "param": [
                        "patient"
                    ]
                }, 
                {
                    "code": "GraphDefinition"
                }, 
                {
                    "code": "Group", 
                    "param": [
                        "member"
                    ]
                }, 
                {
                    "code": "GuidanceResponse"
                }, 
                {
                    "code": "HealthcareService"
                }, 
                {
                    "code": "ImagingStudy", 
                    "param": [
                        "patient"
                    ]
                }, 
                {
                    "code": "Immunization", 
                    "param": [
                        "patient"
                    ]
                }, 
                {
                    "code": "ImmunizationEvaluation", 
                    "param": [
                        "patient"
                    ]
                }, 
                {
                    "code": "ImmunizationRecommendation", 
                    "param": [
                        "patient"
                    ]
                }, 
                {
                    "code": "ImplementationGuide"
                }, 
                {
                    "code": "Ingredient"
                }, 
                {
                    "code": "InsurancePlan"
                }, 
                {
                    "code": "Invoice", 
                    "param": [
                        "subject", 
                        "patient", 
                        "recipient"
                    ]
                }, 
                {
                    "code": "Library"
                }, 
                {
                    "code": "Linkage"
                }, 
                {
                    "code": "List", 
                    "param": [
                        "subject", 
                        "source"
                    ]
                }, 
                {
                    "code": "Location"
                }, 
                {
                    "code": "ManufacturedItemDefinition"
                }, 
                {
                    "code": "Measure"
                }, 
                {
                    "code": "MeasureReport", 
                    "param": [
                        "patient"
                    ]
                }, 
                {
                    "code": "Media", 
                    "param": [
                        "subject"
                    ]
                }, 
                {
                    "code": "Medication"
                }, 
                {
                    "code": "MedicationAdministration", 
                    "param": [
                        "patient", 
                        "performer", 
                        "subject"
                    ]
                }, 
                {
                    "code": "MedicationDispense", 
                    "param": [
                        "subject", 
                        "patient", 
                        "receiver"
                    ]
                }, 
                {
                    "code": "MedicationKnowledge"
                }, 
                {
                    "code": "MedicationRequest", 
                    "param": [
                        "subject"
                    ]
                }, 
                {
                    "code": "MedicationStatement", 
                    "param": [
                        "subject"
                    ]
                }, 
                {
                    "code": "MedicinalProductDefinition"
                }, 
                {
                    "code": "MessageDefinition"
                }, 
                {
                    "code": "MessageHeader"
                }, 
                {
                    "code": "MolecularSequence", 
                    "param": [
                        "patient"
                    ]
                }, 
                {
                    "code": "NamingSystem"
                }, 
                {
                    "code": "NutritionOrder", 
                    "param": [
                        "patient"
                    ]
                }, 
                {
                    "code": "NutritionProduct"
                }, 
                {
                    "code": "Observation", 
                    "param": [
                        "subject", 
                        "performer"
                    ]
                }, 
                {
                    "code": "ObservationDefinition"
                }, 
                {
                    "code": "OperationDefinition"
                }, 
                {
                    "code": "OperationOutcome"
                }, 
                {
                    "code": "Organization"
                }, 
                {
                    "code": "OrganizationAffiliation"
                }, 
                {
                    "code": "PackagedProductDefinition"
                }, 
                {
                    "code": "Patient", 
                    "param": [
                        "link"
                    ]
                }, 
                {
                    "code": "PaymentNotice"
                }, 
                {
                    "code": "PaymentReconciliation"
                }, 
                {
                    "code": "Person", 
                    "param": [
                        "patient"
                    ]
                }, 
                {
                    "code": "PlanDefinition"
                }, 
                {
                    "code": "Practitioner"
                }, 
                {
                    "code": "PractitionerRole"
                }, 
                {
                    "code": "Procedure", 
                    "param": [
                        "patient", 
                        "performer"
                    ]
                }, 
                {
                    "code": "Provenance", 
                    "param": [
                        "patient"
                    ]
                }, 
                {
                    "code": "Questionnaire"
                }, 
                {
                    "code": "QuestionnaireResponse", 
                    "param": [
                        "subject", 
                        "author"
                    ]
                }, 
                {
                    "code": "RegulatedAuthorization"
                }, 
                {
                    "code": "RelatedPerson", 
                    "param": [
                        "patient"
                    ]
                }, 
                {
                    "code": "RequestGroup", 
                    "param": [
                        "subject", 
                        "participant"
                    ]
                }, 
                {
                    "code": "ResearchDefinition"
                }, 
                {
                    "code": "ResearchElementDefinition"
                }, 
                {
                    "code": "ResearchStudy"
                }, 
                {
                    "code": "ResearchSubject", 
                    "param": [
                        "individual"
                    ]
                }, 
                {
                    "code": "RiskAssessment", 
                    "param": [
                        "subject"
                    ]
                }, 
                {
                    "code": "Schedule", 
                    "param": [
                        "actor"
                    ]
                }, 
                {
                    "code": "SearchParameter"
                }, 
                {
                    "code": "ServiceRequest", 
                    "param": [
                        "subject", 
                        "performer"
                    ]
                }, 
                {
                    "code": "Slot"
                }, 
                {
                    "code": "Specimen", 
                    "param": [
                        "subject"
                    ]
                }, 
                {
                    "code": "SpecimenDefinition"
                }, 
                {
                    "code": "StructureDefinition"
                }, 
                {
                    "code": "StructureMap"
                }, 
                {
                    "code": "Subscription"
                }, 
                {
                    "code": "SubscriptionStatus"
                }, 
                {
                    "code": "SubscriptionTopic"
                }, 
                {
                    "code": "Substance"
                }, 
                {
                    "code": "SubstanceDefinition"
                }, 
                {
                    "code": "SupplyDelivery", 
                    "param": [
                        "patient"
                    ]
                }, 
                {
                    "code": "SupplyRequest", 
                    "param": [
                        "subject"
                    ]
                }, 
                {
                    "code": "Task"
                }, 
                {
                    "code": "TerminologyCapabilities"
                }, 
                {
                    "code": "TestReport"
                }, 
                {
                    "code": "TestScript"
                }, 
                {
                    "code": "ValueSet"
                }, 
                {
                    "code": "VerificationResult"
                }, 
                {
                    "code": "VisionPrescription", 
                    "param": [
                        "patient"
                    ]
                }
            ]
        }
    }, 
    "practitioner": {
        "summary": "Full Practitioner Compartment", 
        "description": "Full Practitioner Compartment", 
        "externalValue": "https://hl7.org/fhir/R4B/compartmentdefinition-practitioner.json"
    }, 
    "relatedperson": {
        "summary": "Full RelatedPerson Compartment", 
        "description": "Full RelatedPerson Compartment", 
        "externalValue": "https://hl7.org/fhir/R4B/compartmentdefinition-relatedperson.json"
    }, 
    "device": {
        "summary": "Full Device Compartment", 
        "description": "Full Device Compartment", 
        "externalValue": "https://hl7.org/fhir/R4B/compartmentdefinition-device.json"
    }, 
    "encounter": {
        "summary": "Full Encounter Compartment", 
        "description": "Full Encounter Compartment", 
        "externalValue": "https://hl7.org/fhir/R4B/compartmentdefinition-encounter.json"
    }, 
    "example": {
        "summary": "Example Compartment", 
        "description": "Example Compartment", 
        "externalValue": "https://hl7.org/fhir/R4B/compartmentdefinition-example.json"
    }
}