{
    "example": {
        "summary": "General Device Example", 
        "description": "General Device Example", 
        "value": {
            "resourceType": "Device", 
            "id": "example", 
            "text": {
                "status": "generated", 
                "div": "<div xmlns=\"http://www.w3.org/1999/xhtml\"><p><b>Generated Narrative</b></p><div style=\"display: inline-block; background-color: #d9e0e7; padding: 6px; margin: 4px; border: 1px solid #8da1b4; border-radius: 5px; line-height: 60%\"><p style=\"margin-bottom: 0px\">Resource &quot;example&quot; </p></div><p><b>identifier</b>: id: 345675</p></div>"
            }, 
            "identifier": [
                {
                    "system": "http://goodcare.org/devices/id", 
                    "value": "345675"
                }
            ]
        }
    }, 
    "f001": {
        "summary": "Feeding Tube", 
        "description": "Feeding Tube", 
        "externalValue": "https://hl7.org/fhir/R4B/device-example-f001-feedingtube.json"
    }
}