{
  "resourceType": "DeviceRequest",
  "id": "example",
  "text": {
    "status": "generated",
    "div": "<div xmlns=\"http://www.w3.org/1999/xhtml\"><p><b>Generated Narrative</b></p><div style=\"display: inline-block; background-color: #d9e0e7; padding: 6px; margin: 4px; border: 1px solid #8da1b4; border-radius: 5px; line-height: 60%\"><p style=\"margin-bottom: 0px\">Resource &quot;example&quot; </p></div><p><b>status</b>: completed</p><p><b>intent</b>: original-order</p><p><b>code</b>: <a href=\"device-example.html\">Device/example</a></p><p><b>subject</b>: <a href=\"patient-example.html\">Patient/example</a> &quot;Peter CHALMERS&quot;</p></div>"
  },
  "status": "completed",
  "intent": "original-order",
  "codeReference": {
    "reference": "Device/example"
  },
  "subject": {
    "reference": "Patient/example"
  }
}