{
    "example": {
        "summary": "Wheelchair assignment", 
        "description": "Wheelchair assignment", 
        "value": {
            "resourceType": "DeviceRequest", 
            "id": "example", 
            "text": {
                "status": "generated", 
                "div": "<div xmlns=\"http://www.w3.org/1999/xhtml\"><p><b>Generated Narrative</b></p><div style=\"display: inline-block; background-color: #d9e0e7; padding: 6px; margin: 4px; border: 1px solid #8da1b4; border-radius: 5px; line-height: 60%\"><p style=\"margin-bottom: 0px\">Resource &quot;example&quot; </p></div><p><b>status</b>: completed</p><p><b>intent</b>: original-order</p><p><b>code</b>: <a href=\"device-example.html\">Device/example</a></p><p><b>subject</b>: <a href=\"patient-example.html\">Patient/example</a> &quot;Peter CHALMERS&quot;</p></div>"
            }, 
            "status": "completed", 
            "intent": "original-order", 
            "codeReference": {
                "reference": "Device/example"
            }, 
            "subject": {
                "reference": "Patient/example"
            }
        }
    }, 
    "insulinpump": {
        "summary": "Insulin Pump request", 
        "description": "Insulin Pump request", 
        "externalValue": "https://hl7.org/fhir/R4B/devicerequest-example-insulinpump.json"
    }, 
    "right-lens": {
        "summary": "Right Lens prescription using the parameters element", 
        "description": "Right Lens prescription using the parameters element", 
        "externalValue": "https://hl7.org/fhir/R4B/devicerequest-right-lens.json"
    }, 
    "left-lens": {
        "summary": "Left Lens prescription using the parameters element", 
        "description": "Left Lens prescription using the parameters element", 
        "externalValue": "https://hl7.org/fhir/R4B/devicerequest-left-lens.json"
    }
}