{
    "example": {
        "summary": "The provision of a wheelchair to a patient", 
        "description": "The provision of a wheelchair to a patient", 
        "value": {
            "resourceType": "DeviceUseStatement", 
            "id": "example", 
            "text": {
                "status": "generated", 
                "div": "<div xmlns=\"http://www.w3.org/1999/xhtml\"><p><b>Generated Narrative</b></p><div style=\"display: inline-block; background-color: #d9e0e7; padding: 6px; margin: 4px; border: 1px solid #8da1b4; border-radius: 5px; line-height: 60%\"><p style=\"margin-bottom: 0px\">Resource &quot;example&quot; </p></div><p><b>identifier</b>: id: 51ebb7a9-4e3a-4360-9a05-0cc2d869086f</p><p><b>status</b>: active</p><p><b>subject</b>: <a href=\"patient-example.html\">Patient/example</a> &quot;Peter CHALMERS&quot;</p><p><b>device</b>: <a href=\"device-example.html\">Device/example</a></p><p><b>reasonReference</b>: <a href=\"condition-example.html\">Condition/example: PHx of Appendectomy (surgery)</a></p></div>"
            }, 
            "identifier": [
                {
                    "system": "http:goodhealth.org/identifiers", 
                    "value": "51ebb7a9-4e3a-4360-9a05-0cc2d869086f"
                }
            ], 
            "status": "active", 
            "subject": {
                "reference": "Patient/example"
            }, 
            "device": {
                "reference": "Device/example"
            }, 
            "reasonReference": [
                {
                    "reference": "Condition/example", 
                    "display": "PHx of Appendectomy (surgery)"
                }
            ]
        }
    }
}