{
  "resourceType" : "EventDefinition",
  "id" : "example",
  "text" : {
    "status" : "generated",
    "div" : "<div xmlns=\"http://www.w3.org/1999/xhtml\"><p><b>Generated Narrative</b></p><div style=\"display: inline-block; background-color: #d9e0e7; padding: 6px; margin: 4px; border: 1px solid #8da1b4; border-radius: 5px; line-height: 60%\"><p style=\"margin-bottom: 0px\">Resource &quot;example&quot; </p></div><p><b>status</b>: draft</p><p><b>purpose</b>: Monitor all admissions to Emergency</p></div>"
  },
  "status" : "draft",
  "experimental" : true,
  "purpose" : "Monitor all admissions to Emergency",
  "trigger" : [{
    "type" : "named-event",
    "name" : "monitor-emergency-admissions",
    "data" : [{
      "type" : "Encounter"
    }],
    "condition" : {
      "description" : "Encounter Location = emergency (active/completed encounters, current or previous)",
      "language" : "text/fhirpath",
      "expression" : "(this | %previous).location.where(location = 'Location/emergency' and status in {'active', 'completed'}).exists()"
    }
  }]
}