{
    "example-stroke-alteplase-fatalICH": {
        "summary": "Risk of fatal ICH with alteplase for stroke", 
        "description": "Risk of fatal ICH with alteplase for stroke", 
        "value": {
            "resourceType": "Evidence", 
            "id": "example-stroke-alteplase-fatalICH", 
            "text": {
                "status": "generated", 
                "div": "<div xmlns=\"http://www.w3.org/1999/xhtml\">\n      <p>\n        &quot;Risk of fatal ICH with alteplase for stroke&quot; is a univariate risk estimate.\n      </p>\n\t</div>"
            }, 
            "url": "http://hl7.org/fhir/Evidence/example-stroke-alteplase-fatalICH", 
            "title": "Risk of fatal ICH with alteplase for stroke", 
            "status": "draft", 
            "useContext": [
                {
                    "code": {
                        "system": "http://terminology.hl7.org/CodeSystem/usage-context-type", 
                        "code": "focus"
                    }, 
                    "valueCodeableConcept": {
                        "text": "Stroke"
                    }
                }, 
                {
                    "code": {
                        "system": "http://snomed.info/sct", 
                        "code": "1386000", 
                        "display": "Intracranial hemorrhage"
                    }, 
                    "valueRange": {
                        "low": {
                            "value": 0, 
                            "unit": "d"
                        }, 
                        "high": {
                            "value": 7, 
                            "unit": "d"
                        }
                    }
                }
            ], 
            "relatedArtifact": [
                {
                    "type": "citation", 
                    "label": "Emberson 2014", 
                    "display": "Effect of treatment delay, age, and stroke severity on the effects of intravenous thrombolysis with alteplase for acute ischaemic stroke: a meta-analysis of individual patient data from randomised trials.", 
                    "citation": "Emberson J, Lees KR, Lyden P, Blackwell L, Albers G, Bluhmki E, et al;Stroke Thrombolysis Trialists' Collaborative Group. Effect of treatment delay, age, and stroke severity on the effects of intravenous thrombolysis with alteplase for acute ischaemic stroke: a meta-analysis of individual patient data from randomised trials. Lancet 2014 Nov 29;384(9958):1929-35 PMID 25106063", 
                    "url": "https://doi.org/10.1016/S0140-6736(14)60584-5"
                }
            ], 
            "description": "2.7% incidence of fatal intracranial hemorrhage within 7 days with alteplase in patients with acute ischemic stroke", 
            "variableDefinition": [
                {
                    "variableRole": {
                        "coding": [
                            {
                                "system": "http://terminology.hl7.org/CodeSystem/variable-role", 
                                "code": "population", 
                                "display": "population"
                            }
                        ]
                    }, 
                    "observed": {
                        "reference": "Group/AcuteIschemicStroke", 
                        "type": "Group", 
                        "display": "adults with acute ischemic stroke"
                    }, 
                    "intended": {
                        "reference": "Group/AcuteIschemicStroke", 
                        "type": "Group", 
                        "display": "adults with acute ischemic stroke"
                    }
                }, 
                {
                    "variableRole": {
                        "coding": [
                            {
                                "system": "http://terminology.hl7.org/CodeSystem/variable-role", 
                                "code": "population", 
                                "display": "population"
                            }
                        ]
                    }, 
                    "observed": {
                        "reference": "Group/Emberson-2014-IPD-MA-Alteplase-Cohort", 
                        "type": "Group", 
                        "display": "Emberson 2014 IPD-MA Alteplase Cohort"
                    }, 
                    "intended": {
                        "reference": "Group/AcuteIschemicStrokeTreatedWithAlteplase", 
                        "type": "Group", 
                        "display": "adults with acute ischemic stroke treated with alteplase"
                    }
                }, 
                {
                    "variableRole": {
                        "coding": [
                            {
                                "system": "http://terminology.hl7.org/CodeSystem/variable-role", 
                                "code": "measuredVariable", 
                                "display": "measured variable"
                            }
                        ]
                    }, 
                    "observed": {
                        "reference": "EvidenceVariable/example-fatal-ICH-in-7-days", 
                        "type": "EvidenceVariable", 
                        "display": "fatal ICH"
                    }, 
                    "intended": {
                        "reference": "EvidenceVariable/example-fatal-ICH-in-7-days", 
                        "type": "EvidenceVariable", 
                        "display": "fatal ICH"
                    }
                }
            ], 
            "synthesisType": {
                "coding": [
                    {
                        "system": "http://terminology.hl7.org/CodeSystem/synthesis-type", 
                        "code": "IPD-MA", 
                        "display": "individual patient data meta-analysis"
                    }
                ]
            }, 
            "studyType": {
                "coding": [
                    {
                        "system": "http://terminology.hl7.org/CodeSystem/study-type", 
                        "code": "RCT", 
                        "display": "randomized trial"
                    }
                ]
            }, 
            "statistic": [
                {
                    "statisticType": {
                        "coding": [
                            {
                                "system": "http://terminology.hl7.org/CodeSystem/statistic-type", 
                                "code": "C44256", 
                                "display": "Proportion"
                            }
                        ]
                    }, 
                    "quantity": {
                        "value": 0.026835741669
                    }, 
                    "numberOfEvents": 91, 
                    "sampleSize": {
                        "numberOfStudies": 9, 
                        "numberOfParticipants": 3391
                    }
                }
            ]
        }
    }, 
    "example-stroke-no-alteplase-fatalICH": {
        "summary": "Risk of fatal ICH without alteplase for stroke", 
        "description": "Risk of fatal ICH without alteplase for stroke", 
        "externalValue": "https://hl7.org/fhir/R4B/evidence-example-stroke-no-alteplase-fatalICH.json"
    }, 
    "example-stroke-0-3-alteplase-vs-no-alteplase-mRS3-6": {
        "summary": "Effect of Alteplase vs No alteplase on mRS 3-6 at 90 days in Stroke 0-3 hours prior", 
        "description": "Effect of Alteplase vs No alteplase on mRS 3-6 at 90 days in Stroke 0-3 hours prior", 
        "externalValue": "https://hl7.org/fhir/R4B/evidence-example-stroke-0-3-alteplase-vs-no-alteplase-mRS3-6.json"
    }, 
    "example-stroke-3-4half-alteplase-vs-no-alteplase-mRS0-2": {
        "summary": "Effect of Alteplase vs No alteplase on mRS 0-2 at 90 days in Stroke 3-4.5 hours prior", 
        "description": "Effect of Alteplase vs No alteplase on mRS 0-2 at 90 days in Stroke 3-4.5 hours prior", 
        "externalValue": "https://hl7.org/fhir/R4B/evidence-example-stroke-3-4half-alteplase-vs-no-alteplase-mRS0-2.json"
    }, 
    "example-ASTRAL-12-alteplase-mRS3-6": {
        "summary": "Risk of mRS3-6 at 90 days after Alteplase for Stroke if ASTRAL score 12", 
        "description": "Risk of mRS3-6 at 90 days after Alteplase for Stroke if ASTRAL score 12", 
        "externalValue": "https://hl7.org/fhir/R4B/evidence-example-ASTRAL-12-alteplase-mRS3-6.json"
    }
}