{
  "resourceType": "EvidenceVariable",
  "id": "example-fatal-ICH-in-7-days",
  "text": {
    "status": "generated",
    "div": "<div xmlns=\"http://www.w3.org/1999/xhtml\">\n      <p>\n        &quot;Fatal Intracranial Hemorrhage Within Seven Days&quot; is an outcome used in expressing what an Evidence is about.\n      </p>\n\t</div>"
  },
  "title": "Fatal Intracranial Hemorrhage Within Seven Days",
  "status": "draft",
  "note": [
    {
      "text": "Death must be due to intracranial hemorrhage"
    }
  ],
  "useContext": [
    {
      "code": {
        "system": "http://terminology.hl7.org/CodeSystem/usage-context-type",
        "code": "focus"
      },
      "valueCodeableConcept": {
        "text": "Stroke"
      }
    },
    {
      "code": {
        "system": "http://snomed.info/sct",
        "code": "1386000",
        "display": "Intracranial hemorrhage"
      },
      "valueRange": {
        "low": {
          "value": 0,
          "unit": "d"
        },
        "high": {
          "value": 7,
          "unit": "d"
        }
      }
    }
  ],
  "actual": true,
  "characteristicCombination": "intersection",
  "characteristic": [
    {
      "description": "intracranial hemorrhage within 7 days",
      "definitionCodeableConcept": {
        "coding": [
          {
            "system": "http://snomed.info/sct",
            "code": "1386000",
            "display": "Intracranial hemorrhage (disorder)"
          }
        ]
      },
      "timeFromStart": {
        "description": "within 7 days",
        "range": {
          "low": {
            "value": 0,
            "unit": "day",
            "system": "http://unitsofmeasure.org",
            "code": "d"
          },
          "high": {
            "value": 7,
            "unit": "day",
            "system": "http://unitsofmeasure.org",
            "code": "d"
          }
        }
      }
    },
    {
      "description": "death within 7 days",
      "definitionCodeableConcept": {
        "coding": [
          {
            "system": "http://snomed.info/sct",
            "code": "419620001",
            "display": "Death (event)"
          }
        ]
      },
      "timeFromStart": {
        "description": "within 7 days",
        "range": {
          "low": {
            "value": 0,
            "unit": "day",
            "system": "http://unitsofmeasure.org",
            "code": "d"
          },
          "high": {
            "value": 7,
            "unit": "day",
            "system": "http://unitsofmeasure.org",
            "code": "d"
          }
        }
      }
    }
  ],
  "handling": "dichotomous"
}