{
    "example-placebo": {
        "summary": "Placebo", 
        "description": "Placebo", 
        "externalValue": "https://hl7.org/fhir/R4B/evidencevariable-example-placebo.json"
    }, 
    "example-no-alteplase": {
        "summary": "No Alteplase", 
        "description": "No Alteplase", 
        "externalValue": "https://hl7.org/fhir/R4B/evidencevariable-example-no-alteplase.json"
    }, 
    "example-alteplase-for-stroke": {
        "summary": "Alteplase for Stroke", 
        "description": "Alteplase for Stroke", 
        "externalValue": "https://hl7.org/fhir/R4B/evidencevariable-example-alteplase-for-stroke.json"
    }, 
    "example-alive-independent-90day": {
        "summary": "Alive and not functionally dependent 90 days", 
        "description": "Alive and not functionally dependent 90 days", 
        "externalValue": "https://hl7.org/fhir/R4B/evidencevariable-example-alive-independent-90day.json"
    }, 
    "example-dead-or-dependent-90day": {
        "summary": "Dead or functionally dependent at 90 days", 
        "description": "Dead or functionally dependent at 90 days", 
        "externalValue": "https://hl7.org/fhir/R4B/evidencevariable-example-dead-or-dependent-90day.json"
    }, 
    "example-mRS0-2-at-90days": {
        "summary": "Modified Rankin Scale score 0-2 at 90 days after treatment", 
        "description": "Modified Rankin Scale score 0-2 at 90 days after treatment", 
        "externalValue": "https://hl7.org/fhir/R4B/evidencevariable-example-mRS0-2-at-90days.json"
    }, 
    "example-mRS3-6-at-90days": {
        "summary": "Modified Rankin Scale score 3-6 at 90 days after treatment", 
        "description": "Modified Rankin Scale score 3-6 at 90 days after treatment", 
        "externalValue": "https://hl7.org/fhir/R4B/evidencevariable-example-mRS3-6-at-90days.json"
    }, 
    "example-Wardlaw2014Analysis1.16.3EvidenceSet": {
        "summary": "A grouping of six Evidence resources from six studies", 
        "description": "A grouping of six Evidence resources from six studies", 
        "externalValue": "https://hl7.org/fhir/R4B/evidencevariable-example-Wardlaw2014Analysis1.16.3EvidenceSet.json"
    }, 
    "example-Stroke-Thrombolysis-Trialists-2014-2016-IPD-MA-Cohort": {
        "summary": "Stroke Thrombolysis Trialists\u2019 Collaborators Group collection used for individual patient data meta-analysis", 
        "description": "Stroke Thrombolysis Trialists\u2019 Collaborators Group collection used for individual patient data meta-analysis", 
        "externalValue": "https://hl7.org/fhir/R4B/evidencevariable-example-Stroke-Thrombolysis-Trialists-2014-2016-IPD-MA-Cohort.json"
    }, 
    "example": {
        "summary": "Fatal Intracranial Hemorrhage Within Seven Days", 
        "description": "Fatal Intracranial Hemorrhage Within Seven Days", 
        "value": {
            "resourceType": "EvidenceVariable", 
            "id": "example-fatal-ICH-in-7-days", 
            "text": {
                "status": "generated", 
                "div": "<div xmlns=\"http://www.w3.org/1999/xhtml\">\n      <p>\n        &quot;Fatal Intracranial Hemorrhage Within Seven Days&quot; is an outcome used in expressing what an Evidence is about.\n      </p>\n\t</div>"
            }, 
            "title": "Fatal Intracranial Hemorrhage Within Seven Days", 
            "status": "draft", 
            "note": [
                {
                    "text": "Death must be due to intracranial hemorrhage"
                }
            ], 
            "useContext": [
                {
                    "code": {
                        "system": "http://terminology.hl7.org/CodeSystem/usage-context-type", 
                        "code": "focus"
                    }, 
                    "valueCodeableConcept": {
                        "text": "Stroke"
                    }
                }, 
                {
                    "code": {
                        "system": "http://snomed.info/sct", 
                        "code": "1386000", 
                        "display": "Intracranial hemorrhage"
                    }, 
                    "valueRange": {
                        "low": {
                            "value": 0, 
                            "unit": "d"
                        }, 
                        "high": {
                            "value": 7, 
                            "unit": "d"
                        }
                    }
                }
            ], 
            "actual": true, 
            "characteristicCombination": "intersection", 
            "characteristic": [
                {
                    "description": "intracranial hemorrhage within 7 days", 
                    "definitionCodeableConcept": {
                        "coding": [
                            {
                                "system": "http://snomed.info/sct", 
                                "code": "1386000", 
                                "display": "Intracranial hemorrhage (disorder)"
                            }
                        ]
                    }, 
                    "timeFromStart": {
                        "description": "within 7 days", 
                        "range": {
                            "low": {
                                "value": 0, 
                                "unit": "day", 
                                "system": "http://unitsofmeasure.org", 
                                "code": "d"
                            }, 
                            "high": {
                                "value": 7, 
                                "unit": "day", 
                                "system": "http://unitsofmeasure.org", 
                                "code": "d"
                            }
                        }
                    }
                }, 
                {
                    "description": "death within 7 days", 
                    "definitionCodeableConcept": {
                        "coding": [
                            {
                                "system": "http://snomed.info/sct", 
                                "code": "419620001", 
                                "display": "Death (event)"
                            }
                        ]
                    }, 
                    "timeFromStart": {
                        "description": "within 7 days", 
                        "range": {
                            "low": {
                                "value": 0, 
                                "unit": "day", 
                                "system": "http://unitsofmeasure.org", 
                                "code": "d"
                            }, 
                            "high": {
                                "value": 7, 
                                "unit": "day", 
                                "system": "http://unitsofmeasure.org", 
                                "code": "d"
                            }
                        }
                    }
                }
            ], 
            "handling": "dichotomous"
        }
    }
}