{
  "resourceType": "ManufacturedItemDefinition",
  "id": "example",
  "text": {
    "status": "generated",
    "div": "<div xmlns=\"http://www.w3.org/1999/xhtml\"><p><b>Generated Narrative</b></p><div style=\"display: inline-block; background-color: #d9e0e7; padding: 6px; margin: 4px; border: 1px solid #8da1b4; border-radius: 5px; line-height: 60%\"><p style=\"margin-bottom: 0px\">Resource &quot;example&quot; </p></div><p><b>status</b>: active</p><p><b>manufacturedDoseForm</b>: Film-coatedtablet <span style=\"background: LightGoldenRodYellow; margin: 4px; border: 1px solid khaki\"> (manufactureddoseform#Film-coatedtablet)</span></p><p><b>unitOfPresentation</b>: Tablet <span style=\"background: LightGoldenRodYellow; margin: 4px; border: 1px solid khaki\"> (unitofpresentation#Tablet)</span></p><p><b>manufacturer</b>: <a href=\"todo.html\">Organization/example</a></p><blockquote><p><b>property</b></p><p><b>type</b>: shape <span style=\"background: LightGoldenRodYellow; margin: 4px; border: 1px solid khaki\"> ([not stated]#shape)</span></p><p><b>value</b>: Oval <span style=\"background: LightGoldenRodYellow; margin: 4px; border: 1px solid khaki\"> ()</span></p></blockquote><blockquote><p><b>property</b></p><p><b>type</b>: color <span style=\"background: LightGoldenRodYellow; margin: 4px; border: 1px solid khaki\"> ([not stated]#color)</span></p><p><b>value</b>: pink <span style=\"background: LightGoldenRodYellow; margin: 4px; border: 1px solid khaki\"> ()</span></p></blockquote><blockquote><p><b>property</b></p><p><b>type</b>: imprint <span style=\"background: LightGoldenRodYellow; margin: 4px; border: 1px solid khaki\"> ([not stated]#imprint)</span></p><p><b>value</b>: 894 <span style=\"background: LightGoldenRodYellow; margin: 4px; border: 1px solid khaki\"> ()</span></p></blockquote></div>"
  },
  "status": "active",
  "manufacturedDoseForm": {
    "coding": [
      {
        "system": "http://ema.europa.eu/example/manufactureddoseform",
        "code": "Film-coatedtablet"
      }
    ]
  },
  "unitOfPresentation": {
    "coding": [
      {
        "system": "http://ema.europa.eu/example/unitofpresentation",
        "code": "Tablet"
      }
    ]
  },
  "manufacturer": [
    {
      "reference": "Organization/example"
    }
  ],
  "property": [
    {
      "type": {
        "coding": [
          {
            "code": "shape"
          }
        ]
      },
      "valueCodeableConcept": {
        "text": "Oval"
      }
    },
    {
      "type": {
        "coding": [
          {
            "code": "color"
          }
        ]
      },
      "valueCodeableConcept": {
        "text": "pink"
      }
    },
    {
      "type": {
        "coding": [
          {
            "code": "imprint"
          }
        ]
      },
      "valueCodeableConcept": {
        "text": "894"
      }
    }
  ]
}