{
    "medadminexample03": {
        "summary": "Example of an IV administration not given with a note - Alemtuzumab", 
        "description": "Example of an IV administration not given with a note - Alemtuzumab", 
        "externalValue": "https://hl7.org/fhir/R4B/medicationadministrationexample3.json"
    }, 
    "medadmin0301": {
        "summary": "Intravenous Antibiotic - Vancomycin", 
        "description": "Intravenous Antibiotic - Vancomycin", 
        "externalValue": "https://hl7.org/fhir/R4B/medicationadministration0301.json"
    }, 
    "medadmin0303": {
        "summary": "Intravenous Antibiotic with a Dosage Rate - Piperacillin", 
        "description": "Intravenous Antibiotic with a Dosage Rate - Piperacillin", 
        "externalValue": "https://hl7.org/fhir/R4B/medicationadministration0303.json"
    }, 
    "medadmin0304": {
        "summary": "Intravenous Chemotherapy (Inpatient order) - Alemtuzumab - completed", 
        "description": "Intravenous Chemotherapy (Inpatient order) - Alemtuzumab - completed", 
        "externalValue": "https://hl7.org/fhir/R4B/medicationadministration0304.json"
    }, 
    "medadmin0305": {
        "summary": "Intravenous Chemotherapy (Inpatient order) - Brentuximab Vedotin", 
        "description": "Intravenous Chemotherapy (Inpatient order) - Brentuximab Vedotin", 
        "externalValue": "https://hl7.org/fhir/R4B/medicationadministration0305.json"
    }, 
    "medadmin0306": {
        "summary": "Oral Antibiotic - Azithromycin", 
        "description": "Oral Antibiotic - Azithromycin", 
        "externalValue": "https://hl7.org/fhir/R4B/medicationadministration0306.json"
    }, 
    "medadmin0307": {
        "summary": "Lorazepam with a Device", 
        "description": "Lorazepam with a Device", 
        "externalValue": "https://hl7.org/fhir/R4B/medicationadministration0307.json"
    }, 
    "medadmin0308": {
        "summary": "Subcutaneous Injection - Insulin - Lantus", 
        "description": "Subcutaneous Injection - Insulin - Lantus", 
        "externalValue": "https://hl7.org/fhir/R4B/medicationadministration0308.json"
    }, 
    "medadmin0309": {
        "summary": "TPN Solution with a Device", 
        "description": "TPN Solution with a Device", 
        "externalValue": "https://hl7.org/fhir/R4B/medicationadministration0309.json"
    }, 
    "medadmin0310": {
        "summary": "Oral Chemotherapy - Myleran", 
        "description": "Oral Chemotherapy - Myleran", 
        "externalValue": "https://hl7.org/fhir/R4B/medicationadministration0310.json"
    }, 
    "medadmin0311": {
        "summary": "Dosage with a Pre-Condition - Alprazolam", 
        "description": "Dosage with a Pre-Condition - Alprazolam", 
        "externalValue": "https://hl7.org/fhir/R4B/medicationadministration0311.json"
    }, 
    "medadmin0312": {
        "summary": "Medication Code - Patch - Fentanyl", 
        "description": "Medication Code - Patch - Fentanyl", 
        "externalValue": "https://hl7.org/fhir/R4B/medicationadministration0312.json"
    }, 
    "medadmin0313": {
        "summary": "Medication Code - Rectal Suppository - Acetaminophen", 
        "description": "Medication Code - Rectal Suppository - Acetaminophen", 
        "externalValue": "https://hl7.org/fhir/R4B/medicationadministration0313.json"
    }, 
    "example": {
        "summary": "Intravenous Admixture - Potassium Chloride in D5W", 
        "description": "Intravenous Admixture - Potassium Chloride in D5W", 
        "value": {
            "resourceType": "MedicationAdministration", 
            "id": "medadmin0302", 
            "text": {
                "status": "generated", 
                "div": "<div xmlns=\"http://www.w3.org/1999/xhtml\"><p><b>Generated Narrative</b></p><div style=\"display: inline-block; background-color: #d9e0e7; padding: 6px; margin: 4px; border: 1px solid #8da1b4; border-radius: 5px; line-height: 60%\"><p style=\"margin-bottom: 0px\">Resource &quot;medadmin0302&quot; </p></div><p><b>partOf</b>: <a href=\"procedure-biopsy.html\">Procedure/biopsy</a></p><p><b>status</b>: completed</p><p><b>category</b>: Inpatient <span style=\"background: LightGoldenRodYellow; margin: 4px; border: 1px solid khaki\"> (<a href=\"codesystem-medication-admin-category.html\">MedicationAdministration Category Codes</a>#inpatient)</span></p><p><b>medication</b>: <a name=\"med0317\"> </a></p><blockquote><div style=\"display: inline-block; background-color: #d9e0e7; padding: 6px; margin: 4px; border: 1px solid #8da1b4; border-radius: 5px; line-height: 60%\"><p style=\"margin-bottom: 0px\">Resource &quot;med0317&quot; </p></div><p><b>form</b>: Injection Solution (qualifier value) <span style=\"background: LightGoldenRodYellow; margin: 4px; border: 1px solid khaki\"> (<a href=\"https://browser.ihtsdotools.org/\">SNOMED CT</a>#385219001)</span></p><blockquote><p><b>ingredient</b></p><p><b>item</b>: Potassium Chloride <span style=\"background: LightGoldenRodYellow; margin: 4px; border: 1px solid khaki\"> (<a href=\"http://terminology.hl7.org/3.1.0/CodeSystem-v3-rxNorm.html\">RxNorm</a>#204520)</span></p><p><b>strength</b>: 2 meq<span style=\"background: LightGoldenRodYellow\"> (Details: UCUM code meq = 'meq')</span>/1 mL<span style=\"background: LightGoldenRodYellow\"> (Details: UCUM code mL = 'mL')</span></p></blockquote><blockquote><p><b>ingredient</b></p><p><b>item</b>: Sodium Chloride 0.9% injectable solution <span style=\"background: LightGoldenRodYellow; margin: 4px; border: 1px solid khaki\"> (<a href=\"http://terminology.hl7.org/3.1.0/CodeSystem-v3-rxNorm.html\">RxNorm</a>#313002)</span></p><p><b>strength</b>: 0.9 g<span style=\"background: LightGoldenRodYellow\"> (Details: UCUM code g = 'g')</span>/100 mL<span style=\"background: LightGoldenRodYellow\"> (Details: UCUM code mL = 'mL')</span></p></blockquote></blockquote><p><b>subject</b>: <a href=\"patient-pat1.html\">Patient/pat1: Donald Duck</a> &quot;Duck DONALD&quot;</p><p><b>context</b>: <a href=\"encounter-f001.html\">Encounter/f001: encounter who leads to this prescription</a></p><p><b>effective</b>: 2015-01-15T04:30:00+01:00 --&gt; 2015-01-15T14:30:00+01:00</p><h3>Performers</h3><table class=\"grid\"><tr><td>-</td><td><b>Actor</b></td></tr><tr><td>*</td><td><a href=\"practitioner-f007.html\">Practitioner/f007: Patrick Pump</a> &quot;Simone HEPS&quot;</td></tr></table><p><b>reasonCode</b>: Given as Ordered <span style=\"background: LightGoldenRodYellow; margin: 4px; border: 1px solid khaki\"> (<a href=\"codesystem-reason-medication-given-codes.html\">Reason Medication Given Codes</a>#b)</span></p><p><b>request</b>: <a href=\"medicationrequest-medrx0322.html\">MedicationRequest/medrx0322</a></p><h3>Dosages</h3><table class=\"grid\"><tr><td>-</td><td><b>Text</b></td><td><b>Site</b></td><td><b>Route</b></td><td><b>Method</b></td><td><b>Dose</b></td><td><b>Rate[x]</b></td></tr><tr><td>*</td><td>KCl 20 mEq in 1 L 0.9%NS IV at 100 ml/hr</td><td>Structure of ligament of left superior vena cava <span style=\"background: LightGoldenRodYellow; margin: 4px; border: 1px solid khaki\"> (<a href=\"https://browser.ihtsdotools.org/\">SNOMED CT</a>#6073002)</span></td><td>Intravenous route (qualifier value) <span style=\"background: LightGoldenRodYellow; margin: 4px; border: 1px solid khaki\"> (<a href=\"https://browser.ihtsdotools.org/\">SNOMED CT</a>#47625008)</span></td><td>Continuous infusion <span style=\"background: LightGoldenRodYellow; margin: 4px; border: 1px solid khaki\"> ()</span></td><td>20 meq<span style=\"background: LightGoldenRodYellow\"> (Details: UCUM code meq = 'meq')</span></td><td>100 mL<span style=\"background: LightGoldenRodYellow\"> (Details: UCUM code mL = 'mL')</span>/1 h<span style=\"background: LightGoldenRodYellow\"> (Details: UCUM code h = 'h')</span></td></tr></table></div>"
            }, 
            "contained": [
                {
                    "resourceType": "Medication", 
                    "id": "med0317", 
                    "form": {
                        "coding": [
                            {
                                "system": "http://snomed.info/sct", 
                                "code": "385219001", 
                                "display": "Injection Solution (qualifier value)"
                            }
                        ], 
                        "text": "Injection Solution (qualifier value)"
                    }, 
                    "ingredient": [
                        {
                            "itemCodeableConcept": {
                                "coding": [
                                    {
                                        "system": "http://www.nlm.nih.gov/research/umls/rxnorm", 
                                        "code": "204520", 
                                        "display": "Potassium Chloride"
                                    }
                                ]
                            }, 
                            "strength": {
                                "numerator": {
                                    "value": 2, 
                                    "system": "http://unitsofmeasure.org", 
                                    "code": "meq"
                                }, 
                                "denominator": {
                                    "value": 1, 
                                    "system": "http://unitsofmeasure.org", 
                                    "code": "mL"
                                }
                            }
                        }, 
                        {
                            "itemCodeableConcept": {
                                "coding": [
                                    {
                                        "system": "http://www.nlm.nih.gov/research/umls/rxnorm", 
                                        "code": "313002", 
                                        "display": "Sodium Chloride 0.9% injectable solution"
                                    }
                                ]
                            }, 
                            "strength": {
                                "numerator": {
                                    "value": 0.9, 
                                    "system": "http://unitsofmeasure.org", 
                                    "code": "g"
                                }, 
                                "denominator": {
                                    "value": 100, 
                                    "system": "http://unitsofmeasure.org", 
                                    "code": "mL"
                                }
                            }
                        }
                    ]
                }
            ], 
            "partOf": [
                {
                    "reference": "Procedure/biopsy"
                }
            ], 
            "status": "completed", 
            "category": {
                "coding": [
                    {
                        "system": "http://terminology.hl7.org/CodeSystem/medication-admin-category", 
                        "code": "inpatient", 
                        "display": "Inpatient"
                    }
                ]
            }, 
            "medicationReference": {
                "reference": "#med0317"
            }, 
            "subject": {
                "reference": "Patient/pat1", 
                "display": "Donald Duck"
            }, 
            "context": {
                "reference": "Encounter/f001", 
                "display": "encounter who leads to this prescription"
            }, 
            "effectivePeriod": {
                "start": "2015-01-15T04:30:00+01:00", 
                "end": "2015-01-15T14:30:00+01:00"
            }, 
            "performer": [
                {
                    "actor": {
                        "reference": "Practitioner/f007", 
                        "display": "Patrick Pump"
                    }
                }
            ], 
            "reasonCode": [
                {
                    "coding": [
                        {
                            "system": "http://terminology.hl7.org/CodeSystem/reason-medication-given", 
                            "code": "b", 
                            "display": "Given as Ordered"
                        }
                    ]
                }
            ], 
            "request": {
                "reference": "MedicationRequest/medrx0322"
            }, 
            "dosage": {
                "text": "KCl 20 mEq in 1 L 0.9%NS IV at 100 ml/hr", 
                "site": {
                    "coding": [
                        {
                            "system": "http://snomed.info/sct", 
                            "code": "6073002", 
                            "display": "Structure of ligament of left superior vena cava"
                        }
                    ]
                }, 
                "route": {
                    "coding": [
                        {
                            "system": "http://snomed.info/sct", 
                            "code": "47625008", 
                            "display": "Intravenous route (qualifier value)"
                        }
                    ]
                }, 
                "method": {
                    "text": "Continuous infusion"
                }, 
                "dose": {
                    "value": 20, 
                    "unit": "meq", 
                    "system": "http://unitsofmeasure.org", 
                    "code": "meq"
                }, 
                "rateRatio": {
                    "numerator": {
                        "value": 100, 
                        "system": "http://unitsofmeasure.org", 
                        "code": "mL"
                    }, 
                    "denominator": {
                        "value": 1, 
                        "system": "http://unitsofmeasure.org", 
                        "code": "h"
                    }
                }
            }
        }
    }
}