{
    "meddisp008": {
        "summary": "Dispense for Oral Chemotherapy - Capecitabine (RxNorm code)", 
        "description": "Dispense for Oral Chemotherapy - Capecitabine (RxNorm code)", 
        "externalValue": "https://hl7.org/fhir/R4B/medicationdispenseexample8.json"
    }, 
    "meddisp0301": {
        "summary": "Dispense for IV Antibiotic - in progress - Vancomycin IV (NDC Code) - in-progress", 
        "description": "Dispense for IV Antibiotic - in progress - Vancomycin IV (NDC Code) - in-progress", 
        "externalValue": "https://hl7.org/fhir/R4B/medicationdispense0301.json"
    }, 
    "meddisp0303": {
        "summary": "Dispense for Oxycodone (RxNorm code) - PRN dose with dose range, coded additional instructions and PRN coded pre-condition", 
        "description": "Dispense for Oxycodone (RxNorm code) - PRN dose with dose range, coded additional instructions and PRN coded pre-condition", 
        "externalValue": "https://hl7.org/fhir/R4B/medicationdispense0303.json"
    }, 
    "meddisp0304": {
        "summary": "Dispense for Intravenous Antibiotic with a Dosage Rate - Piperacillin (NDC code) - completed with a coded site and route of administration and a rate expressed as a ratio", 
        "description": "Dispense for Intravenous Antibiotic with a Dosage Rate - Piperacillin (NDC code) - completed with a coded site and route of administration and a rate expressed as a ratio", 
        "externalValue": "https://hl7.org/fhir/R4B/medicationdispense0304.json"
    }, 
    "meddisp0305": {
        "summary": "Dispense for Prednisone (RxNorm code) Tapering Dose - entered-in-error with multiple Dosage lines that include coded additionalInstructions and multiple EventHistory elements", 
        "description": "Dispense for Prednisone (RxNorm code) Tapering Dose - entered-in-error with multiple Dosage lines that include coded additionalInstructions and multiple EventHistory elements", 
        "externalValue": "https://hl7.org/fhir/R4B/medicationdispense0305.json"
    }, 
    "meddisp0306": {
        "summary": "Dispense for Intravenous Chemotherapy (inpatient order) - Alemtuzumab (RxNorm Code) - completed with multiple dosageInstruction lines", 
        "description": "Dispense for Intravenous Chemotherapy (inpatient order) - Alemtuzumab (RxNorm Code) - completed with multiple dosageInstruction lines", 
        "externalValue": "https://hl7.org/fhir/R4B/medicationdispense0306.json"
    }, 
    "meddisp0307": {
        "summary": "Dispense for Busulfan (Myleran) - completed", 
        "description": "Dispense for Busulfan (Myleran) - completed", 
        "externalValue": "https://hl7.org/fhir/R4B/medicationdispense0307.json"
    }, 
    "meddisp0308": {
        "summary": "Dispense for Timoptic Opthalmic Drops - (NDC code) - completed", 
        "description": "Dispense for Timoptic Opthalmic Drops - (NDC code) - completed", 
        "externalValue": "https://hl7.org/fhir/R4B/medicationdispense0308.json"
    }, 
    "meddisp0309": {
        "summary": "Dispense for Nystatin drops (Snomed Code) - entered-in-error", 
        "description": "Dispense for Nystatin drops (Snomed Code) - entered-in-error", 
        "externalValue": "https://hl7.org/fhir/R4B/medicationdispense0309.json"
    }, 
    "meddisp0310": {
        "summary": "Dispense for Percocet (NDC Code) - in-progress with additionalInstructions, and as needed dosage with condition", 
        "description": "Dispense for Percocet (NDC Code) - in-progress with additionalInstructions, and as needed dosage with condition", 
        "externalValue": "https://hl7.org/fhir/R4B/medicationdispense0310.json"
    }, 
    "meddisp0311": {
        "summary": "Dispense for Paracetamol Suppositories - completed", 
        "description": "Dispense for Paracetamol Suppositories - completed", 
        "externalValue": "https://hl7.org/fhir/R4B/medicationdispense0311.json"
    }, 
    "meddisp0312": {
        "summary": "Dispense for Over the Counter medication - Tylenol PM (NDC code) - on hold with  as needed dosage with a condition, a dose Range and an Event History", 
        "description": "Dispense for Over the Counter medication - Tylenol PM (NDC code) - on hold with  as needed dosage with a condition, a dose Range and an Event History", 
        "externalValue": "https://hl7.org/fhir/R4B/medicationdispense0312.json"
    }, 
    "meddisp0313": {
        "summary": "Dispense for Potassium Chloride Admixture - stopped - with eventHistory and rate range for dosage", 
        "description": "Dispense for Potassium Chloride Admixture - stopped - with eventHistory and rate range for dosage", 
        "externalValue": "https://hl7.org/fhir/R4B/medicationdispense0313.json"
    }, 
    "meddisp0314": {
        "summary": "Dispense for Lorazepam (Rx norm code) - completed with rate range", 
        "description": "Dispense for Lorazepam (Rx norm code) - completed with rate range", 
        "externalValue": "https://hl7.org/fhir/R4B/medicationdispense0314.json"
    }, 
    "meddisp0315": {
        "summary": "Dispense for Alprazolam (Rx Norm code) - in progress", 
        "description": "Dispense for Alprazolam (Rx Norm code) - in progress", 
        "externalValue": "https://hl7.org/fhir/R4B/medicationdispense0315.json"
    }, 
    "meddisp0316": {
        "summary": "Dispense for Insulin (Lantus) (NDC code) - in-progress with SC dosage", 
        "description": "Dispense for Insulin (Lantus) (NDC code) - in-progress with SC dosage", 
        "externalValue": "https://hl7.org/fhir/R4B/medicationdispense0316.json"
    }, 
    "meddisp0317": {
        "summary": "Dispense for Brentuximab Vedotin (NDC code)  - IV Chemo - stopped", 
        "description": "Dispense for Brentuximab Vedotin (NDC code)  - IV Chemo - stopped", 
        "externalValue": "https://hl7.org/fhir/R4B/medicationdispense0317.json"
    }, 
    "meddisp0318": {
        "summary": "Dispense for Levothyroxine (NDC code) in-progress with authorizing prescription", 
        "description": "Dispense for Levothyroxine (NDC code) in-progress with authorizing prescription", 
        "externalValue": "https://hl7.org/fhir/R4B/medicationdispense0318.json"
    }, 
    "meddisp0319": {
        "summary": "Dispense for Azithromycin (NDC code) - completed with multiple dosage lines", 
        "description": "Dispense for Azithromycin (NDC code) - completed with multiple dosage lines", 
        "externalValue": "https://hl7.org/fhir/R4B/medicationdispense0319.json"
    }, 
    "meddisp0320": {
        "summary": "Dispense for a TPN solution - completed", 
        "description": "Dispense for a TPN solution - completed", 
        "externalValue": "https://hl7.org/fhir/R4B/medicationdispense0320.json"
    }, 
    "meddisp0321": {
        "summary": "Dispense for Vicodin - in progress - PRN with pre-condition", 
        "description": "Dispense for Vicodin - in progress - PRN with pre-condition", 
        "externalValue": "https://hl7.org/fhir/R4B/medicationdispense0321.json"
    }, 
    "meddisp0322": {
        "summary": "Dispense for Dilantin Oral Suspension (NDC code) - completed", 
        "description": "Dispense for Dilantin Oral Suspension (NDC code) - completed", 
        "externalValue": "https://hl7.org/fhir/R4B/medicationdispense0322.json"
    }, 
    "meddisp0324": {
        "summary": "Dispense for Nystatin Topical Ointment  (RxNorm code) - completed", 
        "description": "Dispense for Nystatin Topical Ointment  (RxNorm code) - completed", 
        "externalValue": "https://hl7.org/fhir/R4B/medicationdispense0324.json"
    }, 
    "meddisp0325": {
        "summary": "Dispense for Fentanyl Patch (NDC code) - in progress", 
        "description": "Dispense for Fentanyl Patch (NDC code) - in progress", 
        "externalValue": "https://hl7.org/fhir/R4B/medicationdispense0325.json"
    }, 
    "meddisp0326": {
        "summary": "Dispense for Azithromycin (RxNorm Code) - in-progress with coded additionalInstructions", 
        "description": "Dispense for Azithromycin (RxNorm Code) - in-progress with coded additionalInstructions", 
        "externalValue": "https://hl7.org/fhir/R4B/medicationdispense0326.json"
    }, 
    "meddisp0327": {
        "summary": "Dispense for Proventil (RxNorm Code) - completed - with additionalInstructions as text", 
        "description": "Dispense for Proventil (RxNorm Code) - completed - with additionalInstructions as text", 
        "externalValue": "https://hl7.org/fhir/R4B/medicationdispense0327.json"
    }, 
    "meddisp0328": {
        "summary": "Dispense for Nasonex Inhaler (RxNorm Code) - in progress with additionalInstructions as text", 
        "description": "Dispense for Nasonex Inhaler (RxNorm Code) - in progress with additionalInstructions as text", 
        "externalValue": "https://hl7.org/fhir/R4B/medicationdispense0328.json"
    }, 
    "meddisp0329": {
        "summary": "Dispense for compounded ointment - completed with additionalInstructions as text and a coded site in dosageInstructions", 
        "description": "Dispense for compounded ointment - completed with additionalInstructions as text and a coded site in dosageInstructions", 
        "externalValue": "https://hl7.org/fhir/R4B/medicationdispense0329.json"
    }, 
    "meddisp0330": {
        "summary": "Dispense for Warfarin 5mg (NDC Code) where the product is dispensed as multiple strengths based on prescribe dosage", 
        "description": "Dispense for Warfarin 5mg (NDC Code) where the product is dispensed as multiple strengths based on prescribe dosage", 
        "externalValue": "https://hl7.org/fhir/R4B/medicationdispense0330.json"
    }, 
    "meddisp0331": {
        "summary": "Dispense for Warfarin 2mg (NDC Code) where the product is dispensed as multiple strengths based on prescribe dosage", 
        "description": "Dispense for Warfarin 2mg (NDC Code) where the product is dispensed as multiple strengths based on prescribe dosage", 
        "externalValue": "https://hl7.org/fhir/R4B/medicationdispense0331.json"
    }, 
    "example": {
        "summary": "Dispense for Subcutaneous injection with multiple dosage lines - Insulin - Novolog (NDC Code) - active - includes Destination, Receiver, note.  Dosage includes additionalInstructions as text", 
        "description": "Dispense for Subcutaneous injection with multiple dosage lines - Insulin - Novolog (NDC Code) - active - includes Destination, Receiver, note.  Dosage includes additionalInstructions as text", 
        "value": {
            "resourceType": "MedicationDispense", 
            "id": "meddisp0302", 
            "text": {
                "status": "generated", 
                "div": "<div xmlns=\"http://www.w3.org/1999/xhtml\"><p><b>Generated Narrative</b></p><div style=\"display: inline-block; background-color: #d9e0e7; padding: 6px; margin: 4px; border: 1px solid #8da1b4; border-radius: 5px; line-height: 60%\"><p style=\"margin-bottom: 0px\">Resource &quot;meddisp0302&quot; </p></div><p><b>status</b>: in-progress</p><p><b>medication</b>: <a name=\"med0360\"> </a></p><blockquote><div style=\"display: inline-block; background-color: #d9e0e7; padding: 6px; margin: 4px; border: 1px solid #8da1b4; border-radius: 5px; line-height: 60%\"><p style=\"margin-bottom: 0px\">Resource &quot;med0360&quot; </p></div><p><b>code</b>: Novolog 100u/ml <span style=\"background: LightGoldenRodYellow; margin: 4px; border: 1px solid khaki\"> (<a href=\"http://terminology.hl7.org/3.1.0/CodeSystem-v3-ndc.html\">National drug codes</a>#0169-7501-11)</span></p><p><b>form</b>: Injection solution (qualifier value) <span style=\"background: LightGoldenRodYellow; margin: 4px; border: 1px solid khaki\"> (<a href=\"https://browser.ihtsdotools.org/\">SNOMED CT</a>#385219001)</span></p><h3>Ingredients</h3><table class=\"grid\"><tr><td>-</td><td><b>Item[x]</b></td><td><b>Strength</b></td></tr><tr><td>*</td><td>Insulin Aspart (substance) <span style=\"background: LightGoldenRodYellow; margin: 4px; border: 1px solid khaki\"> (<a href=\"https://browser.ihtsdotools.org/\">SNOMED CT</a>#325072002)</span></td><td>100 U<span style=\"background: LightGoldenRodYellow\"> (Details: UCUM code U = 'U')</span>/1 mL<span style=\"background: LightGoldenRodYellow\"> (Details: UCUM code mL = 'mL')</span></td></tr></table><h3>Batches</h3><table class=\"grid\"><tr><td>-</td><td><b>LotNumber</b></td><td><b>ExpirationDate</b></td></tr><tr><td>*</td><td>12345</td><td>2019-10-31</td></tr></table></blockquote><p><b>subject</b>: <a href=\"patient-pat1.html\">Patient/pat1: Donald Duck</a> &quot;Duck DONALD&quot;</p><h3>Performers</h3><table class=\"grid\"><tr><td>-</td><td><b>Function</b></td><td><b>Actor</b></td></tr><tr><td>*</td><td>Final Checker <span style=\"background: LightGoldenRodYellow; margin: 4px; border: 1px solid khaki\"> (<a href=\"codesystem-medicationdispense-performer-function.html\">Medication Dispense Performer Function Codes</a>#finalchecker)</span></td><td><a href=\"practitioner-f006.html\">Practitioner/f006</a> &quot;Rob VAN DEN BERK&quot;</td></tr></table><p><b>authorizingPrescription</b>: <a href=\"medicationrequest-medrx0321.html\">MedicationRequest/medrx0321</a></p><p><b>type</b>: Refill - Part Fill <span style=\"background: LightGoldenRodYellow; margin: 4px; border: 1px solid khaki\"> (<a href=\"http://terminology.hl7.org/3.1.0/CodeSystem-v3-ActCode.html\">ActCode</a>#RFP)</span></p><p><b>quantity</b>: 10 ml<span style=\"background: LightGoldenRodYellow\"> (Details: UCUM code ml = 'ml')</span></p><p><b>daysSupply</b>: 30 Day<span style=\"background: LightGoldenRodYellow\"> (Details: UCUM code d = 'd')</span></p><p><b>whenPrepared</b>: 2015-01-15T10:20:00Z</p><p><b>whenHandedOver</b>: 2015-01-15T16:20:00Z</p></div>"
            }, 
            "contained": [
                {
                    "resourceType": "Medication", 
                    "id": "med0360", 
                    "code": {
                        "coding": [
                            {
                                "system": "http://hl7.org/fhir/sid/ndc", 
                                "code": "0169-7501-11", 
                                "display": "Novolog 100u/ml"
                            }
                        ]
                    }, 
                    "form": {
                        "coding": [
                            {
                                "system": "http://snomed.info/sct", 
                                "code": "385219001", 
                                "display": "Injection solution (qualifier value)"
                            }
                        ]
                    }, 
                    "ingredient": [
                        {
                            "itemCodeableConcept": {
                                "coding": [
                                    {
                                        "system": "http://snomed.info/sct", 
                                        "code": "325072002", 
                                        "display": "Insulin Aspart (substance)"
                                    }
                                ]
                            }, 
                            "strength": {
                                "numerator": {
                                    "value": 100, 
                                    "system": "http://unitsofmeasure.org", 
                                    "code": "U"
                                }, 
                                "denominator": {
                                    "value": 1, 
                                    "system": "http://unitsofmeasure.org", 
                                    "code": "mL"
                                }
                            }
                        }
                    ], 
                    "batch": {
                        "lotNumber": "12345", 
                        "expirationDate": "2019-10-31"
                    }
                }
            ], 
            "status": "in-progress", 
            "medicationReference": {
                "reference": "#med0360", 
                "display": "Novolog 100u/ml"
            }, 
            "subject": {
                "reference": "Patient/pat1", 
                "display": "Donald Duck"
            }, 
            "performer": [
                {
                    "function": {
                        "coding": [
                            {
                                "system": "http://terminology.hl7.org/CodeSystem/medicationdispense-performer-function", 
                                "code": "finalchecker", 
                                "display": "Final Checker"
                            }
                        ]
                    }, 
                    "actor": {
                        "reference": "Practitioner/f006"
                    }
                }
            ], 
            "authorizingPrescription": [
                {
                    "reference": "MedicationRequest/medrx0321"
                }
            ], 
            "type": {
                "coding": [
                    {
                        "system": "http://terminology.hl7.org/CodeSystem/v3-ActCode", 
                        "code": "RFP", 
                        "display": "Refill - Part Fill"
                    }
                ]
            }, 
            "quantity": {
                "value": 10, 
                "system": "http://unitsofmeasure.org", 
                "code": "ml"
            }, 
            "daysSupply": {
                "value": 30, 
                "unit": "Day", 
                "system": "http://unitsofmeasure.org", 
                "code": "d"
            }, 
            "whenPrepared": "2015-01-15T10:20:00Z", 
            "whenHandedOver": "2015-01-15T16:20:00Z", 
            "dosageInstruction": [
                {
                    "sequence": 1, 
                    "text": "Before Breakfast", 
                    "additionalInstruction": [
                        {
                            "text": "Check sugar level before taking Novolog"
                        }
                    ], 
                    "timing": {
                        "repeat": {
                            "frequency": 1, 
                            "period": 1, 
                            "periodUnit": "d"
                        }
                    }, 
                    "doseAndRate": [
                        {
                            "type": {
                                "coding": [
                                    {
                                        "system": "http://terminology.hl7.org/CodeSystem/dose-rate-type", 
                                        "code": "ordered", 
                                        "display": "Ordered"
                                    }
                                ]
                            }, 
                            "doseQuantity": {
                                "value": 10, 
                                "unit": "U", 
                                "system": "http://unitsofmeasure.org", 
                                "code": "U"
                            }
                        }
                    ]
                }, 
                {
                    "sequence": 1, 
                    "text": "15 units before lunch", 
                    "additionalInstruction": [
                        {
                            "text": "Check sugar level before taking Novolog"
                        }
                    ], 
                    "timing": {
                        "repeat": {
                            "frequency": 1, 
                            "period": 1, 
                            "periodUnit": "d"
                        }
                    }, 
                    "doseAndRate": [
                        {
                            "type": {
                                "coding": [
                                    {
                                        "system": "http://terminology.hl7.org/CodeSystem/dose-rate-type", 
                                        "code": "ordered", 
                                        "display": "Ordered"
                                    }
                                ]
                            }, 
                            "doseQuantity": {
                                "value": 15, 
                                "unit": "U", 
                                "system": "http://unitsofmeasure.org", 
                                "code": "U"
                            }
                        }
                    ]
                }, 
                {
                    "sequence": 1, 
                    "text": "20 units before dinner", 
                    "additionalInstruction": [
                        {
                            "text": "Check sugar level before taking Novolog"
                        }
                    ], 
                    "timing": {
                        "repeat": {
                            "frequency": 1, 
                            "period": 1, 
                            "periodUnit": "d"
                        }
                    }, 
                    "doseAndRate": [
                        {
                            "type": {
                                "coding": [
                                    {
                                        "system": "http://terminology.hl7.org/CodeSystem/dose-rate-type", 
                                        "code": "ordered", 
                                        "display": "Ordered"
                                    }
                                ]
                            }, 
                            "doseQuantity": {
                                "value": 20, 
                                "unit": "U", 
                                "system": "http://unitsofmeasure.org", 
                                "code": "U"
                            }
                        }
                    ]
                }
            ]
        }
    }
}