{
    "example": {
        "summary": "Example of medicationknowledge", 
        "description": "Example of medicationknowledge", 
        "value": {
            "resourceType": "MedicationKnowledge", 
            "id": "example", 
            "text": {
                "status": "generated", 
                "div": "<div xmlns=\"http://www.w3.org/1999/xhtml\"><p><b>Generated Narrative</b></p><div style=\"display: inline-block; background-color: #d9e0e7; padding: 6px; margin: 4px; border: 1px solid #8da1b4; border-radius: 5px; line-height: 60%\"><p style=\"margin-bottom: 0px\">Resource &quot;example&quot; </p></div><p><b>code</b>: Vancomycin Hydrochloride (VANCOMYCIN HYDROCHLORIDE) <span style=\"background: LightGoldenRodYellow; margin: 4px; border: 1px solid khaki\"> (<a href=\"http://terminology.hl7.org/3.1.0/CodeSystem-v3-ndc.html\">National drug codes</a>#0409-6531-02)</span></p><p><b>status</b>: active</p><p><b>manufacturer</b>: <a name=\"org4\"> </a></p><blockquote><div style=\"display: inline-block; background-color: #d9e0e7; padding: 6px; margin: 4px; border: 1px solid #8da1b4; border-radius: 5px; line-height: 60%\"><p style=\"margin-bottom: 0px\">Resource &quot;org4&quot; </p></div><p><b>name</b>: Pfizer Laboratories Div Pfizer Inc</p></blockquote><p><b>doseForm</b>: Oral Dose Form (qualifier value) <span style=\"background: LightGoldenRodYellow; margin: 4px; border: 1px solid khaki\"> (<a href=\"https://browser.ihtsdotools.org/\">SNOMED CT</a>#385268001)</span></p><p><b>amount</b>: 50 mg/ml</p><p><b>synonym</b>: Vancomycin Hydrochloride (VANCOMYCIN HYDROCHLORIDE)</p></div>"
            }, 
            "contained": [
                {
                    "resourceType": "Organization", 
                    "id": "org4", 
                    "name": "Pfizer Laboratories Div Pfizer Inc"
                }
            ], 
            "code": {
                "coding": [
                    {
                        "system": "http://hl7.org/fhir/sid/ndc", 
                        "code": "0409-6531-02", 
                        "display": "Vancomycin Hydrochloride (VANCOMYCIN HYDROCHLORIDE)"
                    }
                ]
            }, 
            "status": "active", 
            "manufacturer": {
                "reference": "#org4"
            }, 
            "doseForm": {
                "coding": [
                    {
                        "system": "http://snomed.info/sct", 
                        "code": "385268001", 
                        "display": "Oral Dose Form (qualifier value)"
                    }
                ]
            }, 
            "amount": {
                "value": 50, 
                "unit": "mg/ml"
            }, 
            "synonym": [
                "Vancomycin Hydrochloride (VANCOMYCIN HYDROCHLORIDE)"
            ]
        }
    }
}