{
    "example": {
        "summary": "Example of observationdefinition", 
        "description": "Example of observationdefinition", 
        "value": {
            "resourceType": "ObservationDefinition", 
            "id": "example", 
            "text": {
                "status": "generated", 
                "div": "<div xmlns=\"http://www.w3.org/1999/xhtml\"><p><b>Generated Narrative</b></p><div style=\"display: inline-block; background-color: #d9e0e7; padding: 6px; margin: 4px; border: 1px solid #8da1b4; border-radius: 5px; line-height: 60%\"><p style=\"margin-bottom: 0px\">Resource &quot;example&quot; </p></div><p><b>code</b>: Glucose [Moles/volume] in Blood <span style=\"background: LightGoldenRodYellow; margin: 4px; border: 1px solid khaki\"> (<a href=\"https://loinc.org/\">LOINC</a>#15074-8)</span></p></div>"
            }, 
            "code": {
                "coding": [
                    {
                        "system": "http://loinc.org", 
                        "code": "15074-8", 
                        "display": "Glucose [Moles/volume] in Blood"
                    }
                ]
            }
        }
    }
}