{
  "resourceType": "Parameters",
  "id": "example",
  "parameter": [
    {
      "name": "exact",
      "valueBoolean": true
    },
    {
      "name": "property",
      "part": [
        {
          "name": "code",
          "valueCode": "focus"
        },
        {
          "name": "value",
          "valueCode": "top"
        }
      ]
    },
    {
      "name": "patient",
      "resource": {
        "resourceType": "Patient",
        "id": "example",
        "name": [
          {
            "use": "official",
            "family": "Chalmers",
            "given": [
              "Peter",
              "James"
            ]
          }
        ]
      }
    }
  ]
}