{
    "example": {
        "summary": "Example of researchdefinition", 
        "description": "Example of researchdefinition", 
        "value": {
            "resourceType": "ResearchDefinition", 
            "id": "example", 
            "text": {
                "status": "generated", 
                "div": "<div xmlns=\"http://www.w3.org/1999/xhtml\">[Put rendering here]</div>"
            }, 
            "status": "draft", 
            "population": {
                "reference": "ResearchElementDefinition/example"
            }
        }
    }
}