{
    "lipid": {
        "summary": "Lipid Panel Order", 
        "description": "Lipid Panel Order", 
        "value": {
            "resourceType": "ServiceRequest", 
            "id": "lipid", 
            "text": {
                "status": "generated", 
                "div": "<div xmlns=\"http://www.w3.org/1999/xhtml\"><p><b>Generated Narrative</b></p><div style=\"display: inline-block; background-color: #d9e0e7; padding: 6px; margin: 4px; border: 1px solid #8da1b4; border-radius: 5px; line-height: 60%\"><p style=\"margin-bottom: 0px\">Resource &quot;lipid&quot; </p></div><p><b>identifier</b>: Placer: 2345234234234</p><p><b>status</b>: active</p><p><b>intent</b>: original-order</p><p><b>code</b>: Lipid Panel <span style=\"background: LightGoldenRodYellow; margin: 4px; border: 1px solid khaki\"> (tests#LIPID)</span></p><p><b>subject</b>: <a href=\"patient-example.html\">Patient/example</a> &quot;Peter CHALMERS&quot;</p><p><b>encounter</b>: <a href=\"encounter-example.html\">Encounter/example</a></p><p><b>occurrence</b>: 2013-05-02T16:16:00-07:00</p><p><b>requester</b>: <a href=\"practitioner-example.html\">Practitioner/example</a> &quot;Adam CAREFUL&quot;</p><p><b>performer</b>: <a href=\"practitioner-f202.html\">Practitioner/f202</a> &quot;Luigi Maas&quot;</p><p><b>reasonCode</b>: Fam hx-ischem heart dis <span style=\"background: LightGoldenRodYellow; margin: 4px; border: 1px solid khaki\"> (ICD-9#V173)</span></p><p><b>supportingInfo</b>: <a name=\"fasting\"> </a></p><blockquote><div style=\"display: inline-block; background-color: #d9e0e7; padding: 6px; margin: 4px; border: 1px solid #8da1b4; border-radius: 5px; line-height: 60%\"><p style=\"margin-bottom: 0px\">Resource &quot;fasting&quot; </p></div><p><b>status</b>: final</p><p><b>code</b>: Fasting status - Reported <span style=\"background: LightGoldenRodYellow; margin: 4px; border: 1px solid khaki\"> (<a href=\"https://loinc.org/\">LOINC</a>#49541-6)</span></p><p><b>subject</b>: <a href=\"patient-example.html\">Patient/example</a> &quot;Peter CHALMERS&quot;</p><p><b>value</b>: Yes <span style=\"background: LightGoldenRodYellow; margin: 4px; border: 1px solid khaki\"> (v2-0136#Y)</span></p></blockquote><p><b>specimen</b>: <a name=\"serum\"> </a></p><blockquote><div style=\"display: inline-block; background-color: #d9e0e7; padding: 6px; margin: 4px; border: 1px solid #8da1b4; border-radius: 5px; line-height: 60%\"><p style=\"margin-bottom: 0px\">Resource &quot;serum&quot; </p></div><p><b>identifier</b>: id: 20150107-0012</p><p><b>type</b>: Serum sample <span style=\"background: LightGoldenRodYellow; margin: 4px; border: 1px solid khaki\"> (<a href=\"https://browser.ihtsdotools.org/\">SNOMED CT</a>#119364003)</span></p><p><b>subject</b>: <a href=\"patient-example.html\">Patient/example</a> &quot;Peter CHALMERS&quot;</p><h3>Collections</h3><table class=\"grid\"><tr><td>-</td><td><b>Collected[x]</b></td></tr><tr><td>*</td><td>2015-08-16T06:40:17Z</td></tr></table></blockquote><p><b>note</b>: patient is afraid of needles</p></div>"
            }, 
            "contained": [
                {
                    "resourceType": "Observation", 
                    "id": "fasting", 
                    "status": "final", 
                    "code": {
                        "coding": [
                            {
                                "system": "http://loinc.org", 
                                "code": "49541-6", 
                                "display": "Fasting status - Reported"
                            }
                        ]
                    }, 
                    "subject": {
                        "reference": "Patient/example"
                    }, 
                    "valueCodeableConcept": {
                        "coding": [
                            {
                                "system": "http://terminology.hl7.org/CodeSystem/v2-0136", 
                                "code": "Y", 
                                "display": "Yes"
                            }
                        ]
                    }
                }, 
                {
                    "resourceType": "Specimen", 
                    "id": "serum", 
                    "identifier": [
                        {
                            "system": "http://acme.org/specimens", 
                            "value": "20150107-0012"
                        }
                    ], 
                    "type": {
                        "coding": [
                            {
                                "system": "http://snomed.info/sct", 
                                "code": "119364003", 
                                "display": "Serum sample"
                            }
                        ]
                    }, 
                    "subject": {
                        "reference": "Patient/example"
                    }, 
                    "collection": {
                        "collectedDateTime": "2015-08-16T06:40:17Z"
                    }
                }
            ], 
            "identifier": [
                {
                    "type": {
                        "coding": [
                            {
                                "system": "http://terminology.hl7.org/CodeSystem/v2-0203", 
                                "code": "PLAC"
                            }
                        ], 
                        "text": "Placer"
                    }, 
                    "system": "urn:oid:1.3.4.5.6.7", 
                    "value": "2345234234234"
                }
            ], 
            "status": "active", 
            "intent": "original-order", 
            "code": {
                "coding": [
                    {
                        "system": "http://acme.org/tests", 
                        "code": "LIPID"
                    }
                ], 
                "text": "Lipid Panel"
            }, 
            "subject": {
                "reference": "Patient/example"
            }, 
            "encounter": {
                "reference": "Encounter/example"
            }, 
            "occurrenceDateTime": "2013-05-02T16:16:00-07:00", 
            "requester": {
                "reference": "Practitioner/example"
            }, 
            "performer": [
                {
                    "reference": "Practitioner/f202"
                }
            ], 
            "reasonCode": [
                {
                    "coding": [
                        {
                            "system": "http://hl7.org/fhir/sid/icd-9", 
                            "code": "V173", 
                            "display": "Fam hx-ischem heart dis"
                        }
                    ]
                }
            ], 
            "supportingInfo": [
                {
                    "reference": "#fasting", 
                    "display": "Fasting status"
                }
            ], 
            "specimen": [
                {
                    "reference": "#serum", 
                    "display": "Serum specimen"
                }
            ], 
            "note": [
                {
                    "text": "patient is afraid of needles"
                }
            ]
        }
    }, 
    "di": {
        "summary": "CT Scan order", 
        "description": "CT Scan order", 
        "externalValue": "https://hl7.org/fhir/R4B/servicerequest-example-di.json"
    }, 
    "ft4": {
        "summary": "Free T4 Add on Order", 
        "description": "Free T4 Add on Order", 
        "externalValue": "https://hl7.org/fhir/R4B/servicerequest-example-ft4.json"
    }, 
    "example": {
        "summary": "An example of a Head CT procedure", 
        "description": "An example of a Head CT procedure", 
        "externalValue": "https://hl7.org/fhir/R4B/servicerequest-example.json"
    }, 
    "subrequest": {
        "summary": "Example with sub-requests derived from the request", 
        "description": "Example with sub-requests derived from the request", 
        "externalValue": "https://hl7.org/fhir/R4B/servicerequest-example-subrequest.json"
    }, 
    "physiotherapy": {
        "summary": "An example of an order for home physiotherapy", 
        "description": "An example of an order for home physiotherapy", 
        "externalValue": "https://hl7.org/fhir/R4B/servicerequest-example2.json"
    }, 
    "do-not-turn": {
        "summary": "An example of an order to not turn a patient", 
        "description": "An example of an order to not turn a patient", 
        "externalValue": "https://hl7.org/fhir/R4B/servicerequest-example3.json"
    }, 
    "benchpress": {
        "summary": "Part of an exercise plan", 
        "description": "Part of an exercise plan", 
        "externalValue": "https://hl7.org/fhir/R4B/servicerequest-example4.json"
    }, 
    "example-implant": {
        "summary": "Example of an order for an implant", 
        "description": "Example of an order for an implant", 
        "externalValue": "https://hl7.org/fhir/R4B/servicerequest-example-implant.json"
    }, 
    "ambulation": {
        "summary": "Example of an order for anambulation procedure", 
        "description": "Example of an order for anambulation procedure", 
        "externalValue": "https://hl7.org/fhir/R4B/servicerequest-example-ambulation.json"
    }, 
    "colon-biopsy": {
        "summary": "Example of an order for a biopsy procedure that was part of a colonoscopy", 
        "description": "Example of an order for a biopsy procedure that was part of a colonoscopy", 
        "externalValue": "https://hl7.org/fhir/R4B/servicerequest-example-colonoscopy-bx.json"
    }, 
    "colonoscopy": {
        "summary": "Example of an order for a colonoscopy procedure with complication", 
        "description": "Example of an order for a colonoscopy procedure with complication", 
        "externalValue": "https://hl7.org/fhir/R4B/servicerequest-example-colonoscopy.json"
    }, 
    "appendectomy-narrative": {
        "summary": "Example of an order for an appendectomy procedure that is primarily narrative", 
        "description": "Example of an order for an appendectomy procedure that is primarily narrative", 
        "externalValue": "https://hl7.org/fhir/R4B/servicerequest-example-appendectomy.json"
    }, 
    "ob": {
        "summary": "Example of an order for an obstetric procedure", 
        "description": "Example of an order for an obstetric procedure", 
        "externalValue": "https://hl7.org/fhir/R4B/servicerequest-example-ob.json"
    }, 
    "physical-therapy": {
        "summary": "Example of an order for an physical therapy evaluation procedure", 
        "description": "Example of an order for an physical therapy evaluation procedure", 
        "externalValue": "https://hl7.org/fhir/R4B/servicerequest-example-pt.json"
    }, 
    "education": {
        "summary": "Example of an order for patient education", 
        "description": "Example of an order for patient education", 
        "externalValue": "https://hl7.org/fhir/R4B/servicerequest-example-edu.json"
    }, 
    "myringotomy": {
        "summary": "An example of a Myringotomy referral request", 
        "description": "An example of a Myringotomy referral request", 
        "externalValue": "https://hl7.org/fhir/R4B/servicerequest-example-myringotomy.json"
    }, 
    "vent": {
        "summary": "Order for mechanical ventilation with order details", 
        "description": "Order for mechanical ventilation with order details", 
        "externalValue": "https://hl7.org/fhir/R4B/servicerequest-example-ventilation.json"
    }, 
    "example-pgx": {
        "summary": "PGx Phenotype example", 
        "description": "PGx Phenotype example", 
        "externalValue": "https://hl7.org/fhir/R4B/servicerequest-example-pgx.json"
    }, 
    "genetics-example-1": {
        "summary": "Order for ABCB4 gene mutation analysis", 
        "description": "Order for ABCB4 gene mutation analysis", 
        "externalValue": "https://hl7.org/fhir/R4B/servicerequest-genetics-example-1.json"
    }
}