{
    "example": {
        "summary": "Example of an available slot (no appointments allocated)", 
        "description": "Example of an available slot (no appointments allocated)", 
        "value": {
            "resourceType": "Slot", 
            "id": "example", 
            "text": {
                "status": "generated", 
                "div": "<div xmlns=\"http://www.w3.org/1999/xhtml\">\n\t\t\t25 Dec 2013 9:15am - 9:30am: <b>Busy</b> Physiotherapy\n\t\t</div>"
            }, 
            "serviceCategory": [
                {
                    "coding": [
                        {
                            "code": "17", 
                            "display": "General Practice"
                        }
                    ]
                }
            ], 
            "serviceType": [
                {
                    "coding": [
                        {
                            "code": "57", 
                            "display": "Immunization"
                        }
                    ]
                }
            ], 
            "specialty": [
                {
                    "coding": [
                        {
                            "code": "408480009", 
                            "display": "Clinical immunology"
                        }
                    ]
                }
            ], 
            "appointmentType": {
                "coding": [
                    {
                        "system": "http://terminology.hl7.org/CodeSystem/v2-0276", 
                        "code": "WALKIN", 
                        "display": "A previously unscheduled walk-in visit"
                    }
                ]
            }, 
            "schedule": {
                "reference": "Schedule/example"
            }, 
            "status": "free", 
            "start": "2013-12-25T09:15:00Z", 
            "end": "2013-12-25T09:30:00Z", 
            "comment": "Assessments should be performed before requesting appointments in this slot."
        }
    }, 
    "1": {
        "summary": "Example for a slot that has an appointment allocated to it", 
        "description": "Example for a slot that has an appointment allocated to it", 
        "externalValue": "https://hl7.org/fhir/R4B/slot-example-busy.json"
    }, 
    "2": {
        "summary": "Example for tentatively occupied slot", 
        "description": "Example for tentatively occupied slot", 
        "externalValue": "https://hl7.org/fhir/R4B/slot-example-tentative.json"
    }, 
    "3": {
        "summary": "Example of a slot that has been marked as unavailable", 
        "description": "Example of a slot that has been marked as unavailable", 
        "externalValue": "https://hl7.org/fhir/R4B/slot-example-unavailable.json"
    }
}