{
    "example": {
        "summary": "Example of substancedefinition", 
        "description": "Example of substancedefinition", 
        "value": {
            "resourceType": "SubstanceDefinition", 
            "id": "example", 
            "text": {
                "status": "generated", 
                "div": "<div xmlns=\"http://www.w3.org/1999/xhtml\"><p><b>Generated Narrative</b></p><div style=\"display: inline-block; background-color: #d9e0e7; padding: 6px; margin: 4px; border: 1px solid #8da1b4; border-radius: 5px; line-height: 60%\"><p style=\"margin-bottom: 0px\">Resource &quot;example&quot; </p></div><p><b>identifier</b>: id: 100000099270</p><p><b>status</b>: Current <span style=\"background: LightGoldenRodYellow; margin: 4px; border: 1px solid khaki\"> (Status#200000005004)</span></p><p><b>classification</b>: Chemical <span style=\"background: LightGoldenRodYellow; margin: 4px; border: 1px solid khaki\"> (SubstanceType#100000075670)</span></p><p><b>domain</b>: Human use <span style=\"background: LightGoldenRodYellow; margin: 4px; border: 1px solid khaki\"> (Domain#100000000012)</span></p><h3>Codes</h3><table class=\"grid\"><tr><td>-</td><td><b>Code</b></td></tr><tr><td>*</td><td>SUB99611MIG <span style=\"background: LightGoldenRodYellow; margin: 4px; border: 1px solid khaki\"> (Substance#SUB99611MIG)</span></td></tr></table><blockquote><p><b>name</b></p><p><b>name</b>: PARACETAMOL</p><p><b>status</b>: Current <span style=\"background: LightGoldenRodYellow; margin: 4px; border: 1px solid khaki\"> (Status#200000005004)</span></p><p><b>preferred</b>: true</p><p><b>language</b>: English <span style=\"background: LightGoldenRodYellow; margin: 4px; border: 1px solid khaki\"> (Language#100000072147)</span></p></blockquote><blockquote><p><b>name</b></p><p><b>name</b>: \u03a0\u0391\u03a1\u0391\u039a\u0395\u03a4\u0391\u039c\u038c\u039b\u0397</p><p><b>status</b>: Current <span style=\"background: LightGoldenRodYellow; margin: 4px; border: 1px solid khaki\"> (Status#200000005004)</span></p><p><b>preferred</b>: false</p><p><b>language</b>: Greek, Modern (1453-) <span style=\"background: LightGoldenRodYellow; margin: 4px; border: 1px solid khaki\"> (Language#100000072181)</span></p></blockquote><blockquote><p><b>name</b></p><p><b>name</b>: \u041f\u0410\u0420\u0410\u0426\u0415\u0422\u0410\u041c\u041e\u041b</p><p><b>status</b>: Current <span style=\"background: LightGoldenRodYellow; margin: 4px; border: 1px solid khaki\"> (Status#200000005004)</span></p><p><b>preferred</b>: false</p><p><b>language</b>: Bulgarian <span style=\"background: LightGoldenRodYellow; margin: 4px; border: 1px solid khaki\"> (Language#100000072142)</span></p></blockquote><blockquote><p><b>name</b></p><p><b>name</b>: ACETAMINOPHEN</p><p><b>status</b>: Current <span style=\"background: LightGoldenRodYellow; margin: 4px; border: 1px solid khaki\"> (Status#200000005004)</span></p><p><b>preferred</b>: false</p><p><b>language</b>: English <span style=\"background: LightGoldenRodYellow; margin: 4px; border: 1px solid khaki\"> (Language#100000072147)</span></p></blockquote></div>"
            }, 
            "identifier": [
                {
                    "system": "http://example.europa.eu/fhir/SMSId", 
                    "value": "100000099270"
                }
            ], 
            "status": {
                "coding": [
                    {
                        "system": "http://example.europa.eu/fhir/Status", 
                        "code": "200000005004", 
                        "display": "Current"
                    }
                ]
            }, 
            "classification": [
                {
                    "coding": [
                        {
                            "system": "http://example.europa.eu/fhir/SubstanceType", 
                            "code": "100000075670", 
                            "display": "Chemical"
                        }
                    ]
                }
            ], 
            "domain": {
                "coding": [
                    {
                        "system": "http://example.europa.eu/fhir/Domain", 
                        "code": "100000000012", 
                        "display": "Human use"
                    }
                ]
            }, 
            "code": [
                {
                    "code": {
                        "coding": [
                            {
                                "system": "http://example.europa.eu/fhir/Substance", 
                                "code": "SUB99611MIG"
                            }
                        ]
                    }
                }
            ], 
            "name": [
                {
                    "name": "PARACETAMOL", 
                    "status": {
                        "coding": [
                            {
                                "system": "http://example.europa.eu/fhir/Status", 
                                "code": "200000005004", 
                                "display": "Current"
                            }
                        ]
                    }, 
                    "preferred": true, 
                    "language": [
                        {
                            "coding": [
                                {
                                    "system": "http://example.europa.eu/fhir/Language", 
                                    "code": "100000072147", 
                                    "display": "English"
                                }
                            ]
                        }
                    ]
                }, 
                {
                    "name": "\u03a0\u0391\u03a1\u0391\u039a\u0395\u03a4\u0391\u039c\u038c\u039b\u0397", 
                    "status": {
                        "coding": [
                            {
                                "system": "http://example.europa.eu/fhir/Status", 
                                "code": "200000005004", 
                                "display": "Current"
                            }
                        ]
                    }, 
                    "preferred": false, 
                    "language": [
                        {
                            "coding": [
                                {
                                    "system": "http://example.europa.eu/fhir/Language", 
                                    "code": "100000072181", 
                                    "display": "Greek, Modern (1453-)"
                                }
                            ]
                        }
                    ]
                }, 
                {
                    "name": "\u041f\u0410\u0420\u0410\u0426\u0415\u0422\u0410\u041c\u041e\u041b", 
                    "status": {
                        "coding": [
                            {
                                "system": "http://example.europa.eu/fhir/Status", 
                                "code": "200000005004", 
                                "display": "Current"
                            }
                        ]
                    }, 
                    "preferred": false, 
                    "language": [
                        {
                            "coding": [
                                {
                                    "system": "http://example.europa.eu/fhir/Language", 
                                    "code": "100000072142", 
                                    "display": "Bulgarian"
                                }
                            ]
                        }
                    ]
                }, 
                {
                    "name": "ACETAMINOPHEN", 
                    "status": {
                        "coding": [
                            {
                                "system": "http://example.europa.eu/fhir/Status", 
                                "code": "200000005004", 
                                "display": "Current"
                            }
                        ]
                    }, 
                    "preferred": false, 
                    "language": [
                        {
                            "coding": [
                                {
                                    "system": "http://example.europa.eu/fhir/Language", 
                                    "code": "100000072147", 
                                    "display": "English"
                                }
                            ]
                        }
                    ]
                }
            ]
        }
    }
}