{
  "resourceType" : "AdverseEvent",
  "id" : "example",
  "identifier" : {
    "system" : "http://acme.com/ids/patients/risks",
    "value" : "49476534"
  },
  "status" : "completed",
  "actuality" : "actual",
  "category" : [
    {
      "coding" : [
        {
          "system" : "http://terminology.hl7.org/CodeSystem/adverse-event-category",
          "code" : "medication-mishap",
          "display" : "Medication Mishap"
        }
      ]
    }
  ],
  "subject" : {
    "reference" : "Patient/example"
  },
  "occurrenceDateTime" : "2017-01-29T12:34:56+00:00",
  "seriousness" : {
    "coding" : [
      {
        "system" : "http://terminology.hl7.org/CodeSystem/adverse-event-seriousness",
        "code" : "Non-serious",
        "display" : "Non-serious"
      }
    ]
  },
  "recorder" : {
    "reference" : "Practitioner/example"
  },
  "suspectEntity" : [
    {
      "instance" : {
        "reference" : "Medication/example"
      }
    }
  ]
}