{
  "resourceType" : "Citation",
  "id" : "citation-example-research-doi",
  "text" : {
    "status" : "generated",
    "div" : "<div xmlns=\"http://www.w3.org/1999/xhtml\"><p><b>Generated Narrative: Citation</b><a name=\"citation-example-research-doi\"> </a></p><div style=\"display: inline-block; background-color: #d9e0e7; padding: 6px; margin: 4px; border: 1px solid #8da1b4; border-radius: 5px; line-height: 60%\"><p style=\"margin-bottom: 0px\">Resource Citation &quot;citation-example-research-doi&quot; </p></div><p><b>identifier</b>: FEvIR Object Identifier:\u00a060</p><p><b>name</b>: NInFEACitation</p><p><b>title</b>: NInFEA Citation</p><p><b>status</b>: active</p><p><b>date</b>: 2021-09-24T10:41:01.74Z</p><p><b>publisher</b>: Computable Publishing LLC</p><p><b>contact</b>: <a href=\"mailto:support@computablepublishing.com\">support@computablepublishing.com</a></p><p><b>description</b>: A citation of a dataset</p><p><b>copyright</b>: https://creativecommons.org/licenses/by-nc-sa/4.0/</p><blockquote><p><b>summary</b></p><p><b>style</b>: as reported on PhysioNet <span style=\"background: LightGoldenRodYellow; margin: 4px; border: 1px solid khaki\"> ()</span></p><p><b>text</b>: Pani, D., Sulas, E., Urru, M., Sameni, R., Raffo, L., &amp; Tumbarello, R. (2020). NInFEA: Non-Invasive Multimodal Foetal ECG-Doppler Dataset for Antenatal Cardiology Research (version 1.0.0). PhysioNet. https://doi.org/10.13026/c4n5-3b04.</p></blockquote><blockquote><p><b>summary</b></p><p><b>style</b>: Computable Publishing <span style=\"background: LightGoldenRodYellow; margin: 4px; border: 1px solid khaki\"> (citation-summary-style#comppub)</span></p><p><b>text</b>: NInFEA: Non-Invasive Multimodal Foetal ECG-Doppler Dataset for Antenatal Cardiology Research [Dataset], version 1.0.0. Contributors: Danilo Pani, Eleonora Sulas, Monica Urru, Reza Sameni, Luigi Raffo, Roberto Tumbarello. In: PhysioNet, DOI 10.13026/c4n5-3b04. Published November 12, 2020. Accessed March 17, 2021. Available at: https://physionet.org/content/ninfea/1.0.0/.</p></blockquote><blockquote><p><b>citedArtifact</b></p><p><b>identifier</b>: id:\u00a010.13026/c4n5-3b04</p><p><b>relatedIdentifier</b>: id:\u00a010.1038/s41597-021-00811-3</p><p><b>dateAccessed</b>: 2021-03-17</p><h3>Versions</h3><table class=\"grid\"><tr><td>-</td><td><b>Value</b></td></tr><tr><td>*</td><td>1.0.0</td></tr></table><h3>Titles</h3><table class=\"grid\"><tr><td>-</td><td><b>Type</b></td><td><b>Language</b></td><td><b>Text</b></td></tr><tr><td>*</td><td>primary-human-use <span style=\"background: LightGoldenRodYellow; margin: 4px; border: 1px solid khaki\"> ()</span></td><td>English <span style=\"background: LightGoldenRodYellow; margin: 4px; border: 1px solid khaki\"> (Tags for the Identification of Languages[4.0.1]#en)</span></td><td>NInFEA: Non-Invasive Multimodal Foetal ECG-Doppler Dataset for Antenatal Cardiology Research</td></tr></table><h3>Abstracts</h3><table class=\"grid\"><tr><td>-</td><td><b>Type</b></td><td><b>Language</b></td><td><b>Text</b></td></tr><tr><td>*</td><td>Primary human use <span style=\"background: LightGoldenRodYellow; margin: 4px; border: 1px solid khaki\"> (<a href=\"codesystem-cited-artifact-abstract-type.html\">Cited Artifact Abstract Type</a>#primary-human-use)</span></td><td>English <span style=\"background: LightGoldenRodYellow; margin: 4px; border: 1px solid khaki\"> (<a href=\"http://terminology.hl7.org/5.1.0/CodeSystem-v3-ietf3066.html\">Tags for the Identification of Languages</a>#en)</span></td><td>The development of algorithms for the extraction of the foetal ECG (fECG) from non-invasive recordings is hampered by the lack of publicly-available reference datasets, which could be used to benchmark different algorithms while providing a ground truth on the foetal heart activity when an invasive scalp lead is unavailable. By enriching the electrophysiological recordings with simultaneous multimodal signals, these datasets could also help the investigation of the foetal cardiac physiology, providing ground truth for the analysis in early pregnancy, when the fECG is not directly accessible.  The Non-Invasive Multimodal Foetal ECG-Doppler Dataset for Antenatal Cardiology Research (NInFEA) is the first open-access dataset featuring simultaneous non-invasive electrophysiological recordings, fetal pulsed-wave Doppler (PWD) and maternal respiration signals. The dataset includes 60 entries from 39 voluntary pregnant women, between the 21st and the 27th week of gestation. Every entry is composed of 27 electrophysiological channels (2048 Hz, 22 bits, acquired by means of the TMSi Porti7 system), maternal respiration signal (through a resistive thoracic belt), synchronised foetal trans-abdominal PWD and clinical annotations provided by expert clinicians at the time of the signal collection.</td></tr></table><blockquote><p><b>relatesTo</b></p><p><b>type</b>: derived-from</p><p><b>classifier</b>: original publication <span style=\"background: LightGoldenRodYellow; margin: 4px; border: 1px solid khaki\"> ()</span></p><p><b>citation</b>: Sulas, E., Urru, M., Tumbarello, R., Raffo, L., Sameni, R., Pani, D., A non-invasive multimodal foetal ECG–Doppler dataset for antenatal cardiology research. Sci Data 8, 30 (2021). https://doi.org/10.1038/s41597-021-00811-3</p><h3>Documents</h3><table class=\"grid\"><tr><td>-</td><td><b>Url</b></td></tr><tr><td>*</td><td><a href=\"https://doi.org/10.1038/s41597-021-00811-3\">https://doi.org/10.1038/s41597-021-00811-3</a></td></tr></table></blockquote><blockquote><p><b>relatesTo</b></p><p><b>type</b>: depends-on</p><p><b>classifier</b>: ontology <span style=\"background: LightGoldenRodYellow; margin: 4px; border: 1px solid khaki\"> ()</span></p><p><b>display</b>: Experimental Factor Ontology</p><h3>Documents</h3><table class=\"grid\"><tr><td>-</td><td><b>Url</b></td></tr><tr><td>*</td><td><a href=\"http://data.bioontology.org/ontologies/EFO\">http://data.bioontology.org/ontologies/EFO</a></td></tr></table></blockquote><blockquote><p><b>publicationForm</b></p><h3>PublishedIns</h3><table class=\"grid\"><tr><td>-</td><td><b>Type</b></td><td><b>Title</b></td><td><b>Publisher</b></td></tr><tr><td>*</td><td>Database <span style=\"background: LightGoldenRodYellow; margin: 4px; border: 1px solid khaki\"> (<a href=\"codesystem-published-in-type.html\">Published In Type[5.0.0]</a>#D019991)</span></td><td>PhysioNet</td><td><span>: MIT Laboratory for Computational Physiology</span></td></tr></table><p><b>articleDate</b>: 2020-11-12</p><p><b>language</b>: English <span style=\"background: LightGoldenRodYellow; margin: 4px; border: 1px solid khaki\"> (Tags for the Identification of Languages[4.0.1]#en)</span></p><p><b>copyright</b>: https://physionet.org/content/ninfea/view-license/1.0.0/ and https://physionet.org/content/ninfea/1.0.0/LICENSE.txt</p></blockquote><blockquote><p><b>webLocation</b></p><p><b>classifier</b>: Webpage <span style=\"background: LightGoldenRodYellow; margin: 4px; border: 1px solid khaki\"> (<a href=\"codesystem-artifact-url-classifier.html\">Artifact Url Classifier[5.0.0]</a>#webpage)</span></p><p><b>url</b>: <a href=\"https://physionet.org/content/ninfea/1.0.0/\">https://physionet.org/content/ninfea/1.0.0/</a></p></blockquote><blockquote><p><b>webLocation</b></p><p><b>classifier</b>: DOI Based <span style=\"background: LightGoldenRodYellow; margin: 4px; border: 1px solid khaki\"> (<a href=\"codesystem-artifact-url-classifier.html\">Artifact Url Classifier[5.0.0]</a>#doi-based)</span></p><p><b>url</b>: <a href=\"https://doi.org/10.13026/c4n5-3b04\">https://doi.org/10.13026/c4n5-3b04</a></p></blockquote><blockquote><p><b>webLocation</b></p><p><b>classifier</b>: original publication <span style=\"background: LightGoldenRodYellow; margin: 4px; border: 1px solid khaki\"> (<a href=\"codesystem-artifact-url-classifier.html\">Artifact Url Classifier[5.0.0]</a>#doi-based &quot;DOI Based&quot;)</span></p><p><b>url</b>: <a href=\"https://doi.org/10.1038/s41597-021-00811-3\">https://doi.org/10.1038/s41597-021-00811-3</a></p></blockquote><blockquote><p><b>webLocation</b></p><p><b>classifier</b>: Compressed file <span style=\"background: LightGoldenRodYellow; margin: 4px; border: 1px solid khaki\"> (<a href=\"codesystem-artifact-url-classifier.html\">Artifact Url Classifier[5.0.0]</a>#compressed-file)</span></p><p><b>url</b>: <a href=\"https://physionet.org/static/published-projects/ninfea/ninfea-non-invasive-multimodal-foetal-ecg-doppler-dataset-for-antenatal-cardiology-research-1.0.0.zip\">https://physionet.org/static/published-projects/ninfea/ninfea-non-invasive-multimodal-foetal-ecg-doppler-dataset-for-antenatal-cardiology-research-1.0.0.zip</a></p></blockquote><blockquote><p><b>webLocation</b></p><p><b>classifier</b>: DOI-for-metadata <span style=\"background: LightGoldenRodYellow; margin: 4px; border: 1px solid khaki\"> ()</span></p><p><b>url</b>: <a href=\"https://doi.org/10.6084/m9.figshare.13283492\">https://doi.org/10.6084/m9.figshare.13283492</a></p></blockquote><blockquote><p><b>classification</b></p><p><b>classifier</b>: Knowledge Artifact Type <span style=\"background: LightGoldenRodYellow; margin: 4px; border: 1px solid khaki\"> (<a href=\"codesystem-cited-artifact-classification-type.html\">Cited Artifact Classification Type</a>#knowledge-artifact-type)</span>, Dataset <span style=\"background: LightGoldenRodYellow; margin: 4px; border: 1px solid khaki\"> (<a href=\"codesystem-citation-artifact-classifier.html\">Citation Artifact Classifier[5.0.0]</a>#D064886)</span></p></blockquote><blockquote><p><b>classification</b></p><p><b>type</b>: topic <span style=\"background: LightGoldenRodYellow; margin: 4px; border: 1px solid khaki\"> ()</span></p><p><b>classifier</b>: ecg <span style=\"background: LightGoldenRodYellow; margin: 4px; border: 1px solid khaki\"> (efo#EFO_0004327 &quot;electrocardiography&quot;)</span></p></blockquote><blockquote><p><b>classification</b></p><p><b>type</b>: topic <span style=\"background: LightGoldenRodYellow; margin: 4px; border: 1px solid khaki\"> ()</span></p><p><b>classifier</b>: foetus <span style=\"background: LightGoldenRodYellow; margin: 4px; border: 1px solid khaki\"> (obo#FMA_63919)</span></p></blockquote><blockquote><p><b>classification</b></p><p><b>type</b>: topic <span style=\"background: LightGoldenRodYellow; margin: 4px; border: 1px solid khaki\"> ()</span></p><p><b>classifier</b>: pwd <span style=\"background: LightGoldenRodYellow; margin: 4px; border: 1px solid khaki\"> ()</span></p></blockquote><blockquote><p><b>classification</b></p><p><b>type</b>: topic <span style=\"background: LightGoldenRodYellow; margin: 4px; border: 1px solid khaki\"> ()</span></p><p><b>classifier</b>: doppler <span style=\"background: LightGoldenRodYellow; margin: 4px; border: 1px solid khaki\"> ()</span></p></blockquote><blockquote><p><b>classification</b></p><p><b>type</b>: topic <span style=\"background: LightGoldenRodYellow; margin: 4px; border: 1px solid khaki\"> ()</span></p><p><b>classifier</b>: foetal ecg <span style=\"background: LightGoldenRodYellow; margin: 4px; border: 1px solid khaki\"> ()</span></p></blockquote><blockquote><p><b>classification</b></p><p><b>type</b>: topic <span style=\"background: LightGoldenRodYellow; margin: 4px; border: 1px solid khaki\"> ()</span></p><p><b>classifier</b>: maternal ecg <span style=\"background: LightGoldenRodYellow; margin: 4px; border: 1px solid khaki\"> ()</span></p></blockquote><blockquote><p><b>classification</b></p><p><b>type</b>: topic <span style=\"background: LightGoldenRodYellow; margin: 4px; border: 1px solid khaki\"> ()</span></p><p><b>classifier</b>: pwd envelope <span style=\"background: LightGoldenRodYellow; margin: 4px; border: 1px solid khaki\"> ()</span></p></blockquote><blockquote><p><b>classification</b></p><p><b>type</b>: topic <span style=\"background: LightGoldenRodYellow; margin: 4px; border: 1px solid khaki\"> ()</span></p><p><b>classifier</b>: non-invasive <span style=\"background: LightGoldenRodYellow; margin: 4px; border: 1px solid khaki\"> ()</span></p></blockquote><blockquote><p><b>classification</b></p><p><b>type</b>: topic <span style=\"background: LightGoldenRodYellow; margin: 4px; border: 1px solid khaki\"> ()</span></p><p><b>classifier</b>: cardiology <span style=\"background: LightGoldenRodYellow; margin: 4px; border: 1px solid khaki\"> (<a href=\"https://browser.ihtsdotools.org/\">SNOMED CT</a>#394579002 &quot;Cardiology (qualifier value)&quot;)</span></p></blockquote><blockquote><p><b>classification</b></p><p><b>type</b>: topic <span style=\"background: LightGoldenRodYellow; margin: 4px; border: 1px solid khaki\"> ()</span></p><p><b>classifier</b>: early pregnancy <span style=\"background: LightGoldenRodYellow; margin: 4px; border: 1px solid khaki\"> (<a href=\"https://browser.ihtsdotools.org/\">SNOMED CT</a>#314204000 &quot;Early stage of pregnancy (finding)&quot;)</span></p></blockquote><blockquote><p><b>classification</b></p><p><b>type</b>: topic <span style=\"background: LightGoldenRodYellow; margin: 4px; border: 1px solid khaki\"> ()</span></p><p><b>classifier</b>: antenatal <span style=\"background: LightGoldenRodYellow; margin: 4px; border: 1px solid khaki\"> ()</span></p></blockquote><blockquote><p><b>classification</b></p><p><b>type</b>: topic <span style=\"background: LightGoldenRodYellow; margin: 4px; border: 1px solid khaki\"> ()</span></p><p><b>classifier</b>: fecg <span style=\"background: LightGoldenRodYellow; margin: 4px; border: 1px solid khaki\"> (<a href=\"https://browser.ihtsdotools.org/\">SNOMED CT</a>#75444003 &quot;Fetal electrocardiogram (procedure)&quot;)</span></p></blockquote><blockquote><p><b>classification</b></p><p><b>type</b>: subject type <span style=\"background: LightGoldenRodYellow; margin: 4px; border: 1px solid khaki\"> ()</span></p><p><b>classifier</b>: Homo sapiens <span style=\"background: LightGoldenRodYellow; margin: 4px; border: 1px solid khaki\"> (NCBITAXON#9606)</span></p></blockquote><blockquote><p><b>classification</b></p><p><b>type</b>: use context <span style=\"background: LightGoldenRodYellow; margin: 4px; border: 1px solid khaki\"> ()</span></p><p><b>classifier</b>: gestational age <span style=\"background: LightGoldenRodYellow; margin: 4px; border: 1px solid khaki\"> (efo#EFO_0005112)</span></p></blockquote><blockquote><p><b>classification</b></p><p><b>type</b>: use context <span style=\"background: LightGoldenRodYellow; margin: 4px; border: 1px solid khaki\"> ()</span></p><p><b>classifier</b>: electrocardiography <span style=\"background: LightGoldenRodYellow; margin: 4px; border: 1px solid khaki\"> (efo#EFO_0004327)</span></p></blockquote><blockquote><p><b>classification</b></p><p><b>type</b>: use context <span style=\"background: LightGoldenRodYellow; margin: 4px; border: 1px solid khaki\"> ()</span></p><p><b>classifier</b>: heart electrical impulse conduction trait <span style=\"background: LightGoldenRodYellow; margin: 4px; border: 1px solid khaki\"> (obo#VT_2000017)</span></p></blockquote><blockquote><p><b>contributorship</b></p><blockquote><p><b>summary</b></p><p><b>type</b>: Author string <span style=\"background: LightGoldenRodYellow; margin: 4px; border: 1px solid khaki\"> (<a href=\"codesystem-contributor-summary-type.html\">Contributor Summary Type[5.0.0]</a>#author-string)</span></p><p><b>source</b>: copied-from-article <span style=\"background: LightGoldenRodYellow; margin: 4px; border: 1px solid khaki\"> ()</span></p><p><b>value</b>: Danilo Pani, Eleonora Sulas, Monica Urru, Reza Sameni, Luigi Raffo, Roberto Tumbarello</p></blockquote><blockquote><p><b>summary</b></p><p><b>type</b>: acknowledgements <span style=\"background: LightGoldenRodYellow; margin: 4px; border: 1px solid khaki\"> ()</span></p><p><b>source</b>: copied-from-article <span style=\"background: LightGoldenRodYellow; margin: 4px; border: 1px solid khaki\"> ()</span></p><p><b>value</b>: The authors wish to thank the Pediatric Cardiology and Congenital Heart Disease Unit, Brotzu Hospital (Cagliari, Italy), where the dataset was collected, and all the voluntary pregnant women for their kindness in giving their signals for this research. The authors gratefully thank Alessandra Cadoni, Graziella Secchi, Luisa Aru, Elisa Farris, Chiara Fenu, Elisa Gusai, Giulia Baldazzi, Giulia Pili for their support in the recording of the signals included in this dataset.  Part of this research was supported by the Italian Government—Progetti di InteresseNazionale (PRIN) under the grant agreement 2017RR5EW3 - ICT4MOMs project.  Eleonora Sulas is grateful to Sardinia Regional Government for supporting her PhD scholarship (P.O.R.F.S.E., European Social Fund 2014-2020).  Reza Sameni acknowledges the funding from the European Research Council Advanced Grant Number 320684, on Challenges in the Extraction and Separation of Sources (CHESS) for his contribution in this research, provided during his appointment at GIPSA-lab, Grenoble Alpes University, Grenoble, France.</p></blockquote></blockquote></blockquote></div>"
  },
  "identifier" : [{
    "type" : {
      "text" : "FEvIR Object Identifier"
    },
    "system" : "https://fevir.net",
    "value" : "60",
    "assigner" : {
      "display" : "Computable Publishing LLC"
    }
  }],
  "name" : "NInFEACitation",
  "title" : "NInFEA Citation",
  "status" : "active",
  "date" : "2021-09-24T10:41:01.740Z",
  "publisher" : "Computable Publishing LLC",
  "contact" : [{
    "telecom" : [{
      "system" : "email",
      "value" : "support@computablepublishing.com"
    }]
  }],
  "description" : "A citation of a dataset",
  "copyright" : "https://creativecommons.org/licenses/by-nc-sa/4.0/",
  "summary" : [{
    "style" : {
      "text" : "as reported on PhysioNet"
    },
    "text" : "Pani, D., Sulas, E., Urru, M., Sameni, R., Raffo, L., & Tumbarello, R. (2020). NInFEA: Non-Invasive Multimodal Foetal ECG-Doppler Dataset for Antenatal Cardiology Research (version 1.0.0). PhysioNet. https://doi.org/10.13026/c4n5-3b04."
  },
  {
    "style" : {
      "coding" : [{
        "system" : "http://terminology.hl7.org/ValueSet/citation-summary-style",
        "code" : "comppub",
        "display" : "Computable Publishing"
      }]
    },
    "text" : "NInFEA: Non-Invasive Multimodal Foetal ECG-Doppler Dataset for Antenatal Cardiology Research [Dataset], version 1.0.0. Contributors: Danilo Pani, Eleonora Sulas, Monica Urru, Reza Sameni, Luigi Raffo, Roberto Tumbarello. In: PhysioNet, DOI 10.13026/c4n5-3b04. Published November 12, 2020. Accessed March 17, 2021. Available at: https://physionet.org/content/ninfea/1.0.0/."
  }],
  "citedArtifact" : {
    "identifier" : [{
      "system" : "https://doi.org",
      "value" : "10.13026/c4n5-3b04"
    }],
    "relatedIdentifier" : [{
      "system" : "https://doi.org",
      "value" : "10.1038/s41597-021-00811-3"
    }],
    "dateAccessed" : "2021-03-17",
    "version" : {
      "value" : "1.0.0"
    },
    "title" : [{
      "type" : [{
        "text" : "primary-human-use"
      }],
      "language" : {
        "coding" : [{
          "system" : "urn:ietf:bcp:47",
          "version" : "4.0.1",
          "code" : "en",
          "display" : "English"
        }]
      },
      "text" : "NInFEA: Non-Invasive Multimodal Foetal ECG-Doppler Dataset for Antenatal Cardiology Research"
    }],
    "abstract" : [{
      "type" : {
        "coding" : [{
          "system" : "http://hl7.org/fhir/cited-artifact-abstract-type",
          "code" : "primary-human-use",
          "display" : "Primary human use"
        }]
      },
      "language" : {
        "coding" : [{
          "system" : "urn:ietf:bcp:47",
          "code" : "en",
          "display" : "English"
        }]
      },
      "text" : "The development of algorithms for the extraction of the foetal ECG (fECG) from non-invasive recordings is hampered by the lack of publicly-available reference datasets, which could be used to benchmark different algorithms while providing a ground truth on the foetal heart activity when an invasive scalp lead is unavailable. By enriching the electrophysiological recordings with simultaneous multimodal signals, these datasets could also help the investigation of the foetal cardiac physiology, providing ground truth for the analysis in early pregnancy, when the fECG is not directly accessible.  The Non-Invasive Multimodal Foetal ECG-Doppler Dataset for Antenatal Cardiology Research (NInFEA) is the first open-access dataset featuring simultaneous non-invasive electrophysiological recordings, fetal pulsed-wave Doppler (PWD) and maternal respiration signals. The dataset includes 60 entries from 39 voluntary pregnant women, between the 21st and the 27th week of gestation. Every entry is composed of 27 electrophysiological channels (2048 Hz, 22 bits, acquired by means of the TMSi Porti7 system), maternal respiration signal (through a resistive thoracic belt), synchronised foetal trans-abdominal PWD and clinical annotations provided by expert clinicians at the time of the signal collection."
    }],
    "relatesTo" : [{
      "type" : "derived-from",
      "classifier" : [{
        "text" : "original publication"
      }],
      "citation" : "Sulas, E., Urru, M., Tumbarello, R., Raffo, L., Sameni, R., Pani, D., A non-invasive multimodal foetal ECG–Doppler dataset for antenatal cardiology research. Sci Data 8, 30 (2021). https://doi.org/10.1038/s41597-021-00811-3",
      "document" : {
        "url" : "https://doi.org/10.1038/s41597-021-00811-3"
      }
    },
    {
      "type" : "depends-on",
      "classifier" : [{
        "text" : "ontology"
      }],
      "display" : "Experimental Factor Ontology",
      "document" : {
        "url" : "http://data.bioontology.org/ontologies/EFO"
      }
    }],
    "publicationForm" : [{
      "publishedIn" : {
        "type" : {
          "coding" : [{
            "system" : "http://hl7.org/fhir/published-in-type",
            "version" : "5.0.0",
            "code" : "D019991",
            "display" : "Database"
          }]
        },
        "title" : "PhysioNet",
        "publisher" : {
          "display" : "MIT Laboratory for Computational Physiology"
        }
      },
      "articleDate" : "2020-11-12",
      "language" : [{
        "coding" : [{
          "system" : "urn:ietf:bcp:47",
          "version" : "4.0.1",
          "code" : "en",
          "display" : "English"
        }]
      }],
      "copyright" : "https://physionet.org/content/ninfea/view-license/1.0.0/ and https://physionet.org/content/ninfea/1.0.0/LICENSE.txt"
    }],
    "webLocation" : [{
      "classifier" : [{
        "coding" : [{
          "system" : "http://hl7.org/fhir/artifact-url-classifier",
          "version" : "5.0.0",
          "code" : "webpage",
          "display" : "Webpage"
        }]
      }],
      "url" : "https://physionet.org/content/ninfea/1.0.0/"
    },
    {
      "classifier" : [{
        "coding" : [{
          "system" : "http://hl7.org/fhir/artifact-url-classifier",
          "version" : "5.0.0",
          "code" : "doi-based",
          "display" : "DOI Based"
        }]
      }],
      "url" : "https://doi.org/10.13026/c4n5-3b04"
    },
    {
      "classifier" : [{
        "coding" : [{
          "system" : "http://hl7.org/fhir/artifact-url-classifier",
          "version" : "5.0.0",
          "code" : "doi-based",
          "display" : "DOI Based"
        }],
        "text" : "original publication"
      }],
      "url" : "https://doi.org/10.1038/s41597-021-00811-3"
    },
    {
      "classifier" : [{
        "coding" : [{
          "system" : "http://hl7.org/fhir/artifact-url-classifier",
          "version" : "5.0.0",
          "code" : "compressed-file",
          "display" : "Compressed file"
        }]
      }],
      "url" : "https://physionet.org/static/published-projects/ninfea/ninfea-non-invasive-multimodal-foetal-ecg-doppler-dataset-for-antenatal-cardiology-research-1.0.0.zip"
    },
    {
      "classifier" : [{
        "text" : "DOI-for-metadata"
      }],
      "url" : "https://doi.org/10.6084/m9.figshare.13283492"
    }],
    "classification" : [{
      "classifier" : [{
        "coding" : [{
          "system" : "http://hl7.org/fhir/cited-artifact-classification-type",
          "code" : "knowledge-artifact-type",
          "display" : "Knowledge Artifact Type"
        }]
      },
      {
        "coding" : [{
          "system" : "http://hl7.org/fhir/citation-artifact-classifier",
          "version" : "5.0.0",
          "code" : "D064886",
          "display" : "Dataset"
        }]
      }]
    },
    {
      "type" : {
        "text" : "topic"
      },
      "classifier" : [{
        "coding" : [{
          "system" : "http://www.ebi.ac.uk/efo",
          "code" : "EFO_0004327",
          "display" : "electrocardiography"
        }],
        "text" : "ecg"
      }]
    },
    {
      "type" : {
        "text" : "topic"
      },
      "classifier" : [{
        "coding" : [{
          "system" : "http://purl.obolibrary.org/obo",
          "code" : "FMA_63919",
          "display" : "foetus"
        }],
        "text" : "foetus"
      }]
    },
    {
      "type" : {
        "text" : "topic"
      },
      "classifier" : [{
        "text" : "pwd"
      }]
    },
    {
      "type" : {
        "text" : "topic"
      },
      "classifier" : [{
        "text" : "doppler"
      }]
    },
    {
      "type" : {
        "text" : "topic"
      },
      "classifier" : [{
        "text" : "foetal ecg"
      }]
    },
    {
      "type" : {
        "text" : "topic"
      },
      "classifier" : [{
        "text" : "maternal ecg"
      }]
    },
    {
      "type" : {
        "text" : "topic"
      },
      "classifier" : [{
        "text" : "pwd envelope"
      }]
    },
    {
      "type" : {
        "text" : "topic"
      },
      "classifier" : [{
        "text" : "non-invasive"
      }]
    },
    {
      "type" : {
        "text" : "topic"
      },
      "classifier" : [{
        "coding" : [{
          "system" : "http://snomed.info/sct",
          "code" : "394579002",
          "display" : "Cardiology (qualifier value)"
        }],
        "text" : "cardiology"
      }]
    },
    {
      "type" : {
        "text" : "topic"
      },
      "classifier" : [{
        "coding" : [{
          "system" : "http://snomed.info/sct",
          "code" : "314204000",
          "display" : "Early stage of pregnancy (finding)"
        }],
        "text" : "early pregnancy"
      }]
    },
    {
      "type" : {
        "text" : "topic"
      },
      "classifier" : [{
        "text" : "antenatal"
      }]
    },
    {
      "type" : {
        "text" : "topic"
      },
      "classifier" : [{
        "coding" : [{
          "system" : "http://snomed.info/sct",
          "code" : "75444003",
          "display" : "Fetal electrocardiogram (procedure)"
        }],
        "text" : "fecg"
      }]
    },
    {
      "type" : {
        "text" : "subject type"
      },
      "classifier" : [{
        "coding" : [{
          "system" : "http://purl.bioontology.org/ontology/NCBITAXON",
          "code" : "9606",
          "display" : "Homo sapiens"
        }]
      }]
    },
    {
      "type" : {
        "text" : "use context"
      },
      "classifier" : [{
        "coding" : [{
          "system" : "http://www.ebi.ac.uk/efo",
          "code" : "EFO_0005112",
          "display" : "gestational age"
        }]
      }]
    },
    {
      "type" : {
        "text" : "use context"
      },
      "classifier" : [{
        "coding" : [{
          "system" : "http://www.ebi.ac.uk/efo",
          "code" : "EFO_0004327",
          "display" : "electrocardiography"
        }]
      }]
    },
    {
      "type" : {
        "text" : "use context"
      },
      "classifier" : [{
        "coding" : [{
          "system" : "http://purl.obolibrary.org/obo",
          "code" : "VT_2000017",
          "display" : "heart electrical impulse conduction trait"
        }]
      }]
    }],
    "contributorship" : {
      "summary" : [{
        "type" : {
          "coding" : [{
            "system" : "http://hl7.org/fhir/contributor-summary-type",
            "version" : "5.0.0",
            "code" : "author-string",
            "display" : "Author string"
          }]
        },
        "source" : {
          "text" : "copied-from-article"
        },
        "value" : "Danilo Pani, Eleonora Sulas, Monica Urru, Reza Sameni, Luigi Raffo, Roberto Tumbarello"
      },
      {
        "type" : {
          "text" : "acknowledgements"
        },
        "source" : {
          "text" : "copied-from-article"
        },
        "value" : "The authors wish to thank the Pediatric Cardiology and Congenital Heart Disease Unit, Brotzu Hospital (Cagliari, Italy), where the dataset was collected, and all the voluntary pregnant women for their kindness in giving their signals for this research. The authors gratefully thank Alessandra Cadoni, Graziella Secchi, Luisa Aru, Elisa Farris, Chiara Fenu, Elisa Gusai, Giulia Baldazzi, Giulia Pili for their support in the recording of the signals included in this dataset.  Part of this research was supported by the Italian Government—Progetti di InteresseNazionale (PRIN) under the grant agreement 2017RR5EW3 - ICT4MOMs project.  Eleonora Sulas is grateful to Sardinia Regional Government for supporting her PhD scholarship (P.O.R.F.S.E., European Social Fund 2014-2020).  Reza Sameni acknowledges the funding from the European Research Council Advanced Grant Number 320684, on Challenges in the Extraction and Separation of Sources (CHESS) for his contribution in this research, provided during his appointment at GIPSA-lab, Grenoble Alpes University, Grenoble, France."
      }]
    }
  }
}