{
  "resourceType" : "Consent",
  "id" : "consent-example-basic",
  "text" : {
    "status" : "generated",
    "div" : "<div xmlns=\"http://www.w3.org/1999/xhtml\">\n      <p>\n\t      Authorize Normal access for Treatment\n\t\t\t</p>\n      <p>\n      Patient &quot;Peter James Chalmers (&quot;Jim&quot;)&quot; wishes to have all of the PHI collected at the Burgers University Medical Center available for normal treatment use.\n\t\t\t</p>\n    </div>"
  },
  "status" : "active",
  "category" : [{
    "coding" : [{
      "system" : "http://loinc.org",
      "code" : "59284-0"
    }]
  }],
  "subject" : {
    "reference" : "Patient/example",
    "display" : "Peter James Chalmers"
  },
  "date" : "2018-12-28",
  "controller" : [{
    "reference" : "Organization/f001"
  }],
  "sourceAttachment" : [{
    "title" : "The terms of the consent in lawyer speak."
  }],
  "regulatoryBasis" : [{
    "coding" : [{
      "system" : "http://terminology.hl7.org/CodeSystem/v3-ActCode",
      "code" : "INFA"
    }]
  }],
  "decision" : "deny",
  "provision" : [{
    "period" : {
      "start" : "1964-01-01",
      "end" : "2019-01-01"
    }
  }]
}