{
  "resourceType" : "Encounter",
  "id" : "example",
  "text" : {
    "status" : "generated",
    "div" : "<div xmlns=\"http://www.w3.org/1999/xhtml\">Encounter with patient @example</div>"
  },
  "status" : "in-progress",
  "class" : [{
    "coding" : [{
      "system" : "http://terminology.hl7.org/CodeSystem/v3-ActCode",
      "code" : "IMP",
      "display" : "inpatient encounter"
    }]
  }],
  "subject" : {
    "reference" : "Patient/example"
  },
  "subjectStatus" : {
    "coding" : [{
      "system" : "http://terminology.hl7.org/CodeSystem/encounter-subject-status",
      "code" : "receiving-care"
    }]
  },
  "careTeam" : [{
    "reference" : "Encounter/example"
  }]
}