{
  "resourceType" : "EncounterHistory",
  "id" : "example",
  "text" : {
    "status" : "generated",
    "div" : "<div xmlns=\"http://www.w3.org/1999/xhtml\">Encounter with patient @example</div>"
  },
  "encounter" : {
    "reference" : "Encounter/example"
  },
  "identifier" : [{
    "use" : "official",
    "system" : "http://www.amc.nl/zorgportal/identifiers/visits",
    "value" : "v2452"
  }],
  "status" : "in-progress",
  "class" : {
    "coding" : [{
      "system" : "http://terminology.hl7.org/CodeSystem/v3-ActCode",
      "code" : "IMP",
      "display" : "inpatient encounter"
    }]
  },
  "subject" : {
    "reference" : "Patient/example"
  }
}