{
  "resourceType" : "FormularyItem",
  "id" : "formularyitemexample01",
  "text" : {
    "status" : "generated",
    "div" : "<div xmlns=\"http://www.w3.org/1999/xhtml\"><p><b>Generated Narrative: FormularyItem</b><a name=\"formularyitemexample01\"> </a></p><div style=\"display: inline-block; background-color: #d9e0e7; padding: 6px; margin: 4px; border: 1px solid #8da1b4; border-radius: 5px; line-height: 60%\"><p style=\"margin-bottom: 0px\">Resource FormularyItem &quot;formularyitemexample01&quot; </p></div><p><b>code</b>: <span title=\"  insert contents here  \">Phenoxymethylpenicillin 125mg/5mL oral solution (product) <span style=\"background: LightGoldenRodYellow; margin: 4px; border: 1px solid khaki\"> (<a href=\"https://browser.ihtsdotools.org/\">SNOMED CT</a>#323418000; v2#22571011000036102 &quot;phenoxymethylpenicillin 125 mg / 5 mL oral liquid, 5 mL measure&quot;)</span></span></p></div>"
  },
  "code" : {
    "coding" : [{
      "system" : "http://snomed.info/sct",
      "code" : "323418000",
      "display" : "Phenoxymethylpenicillin 125mg/5mL oral solution (product)"
    },
    {
      "system" : "http://nehta.gov.au/amt/v2",
      "code" : "22571011000036102",
      "display" : "phenoxymethylpenicillin 125 mg / 5 mL oral liquid, 5 mL measure"
    }]
  }
}