{
  "resourceType" : "MeasureReport",
  "id" : "measurereport-cms146-cat1-example",
  "text" : {
    "status" : "generated",
    "div" : "<div xmlns=\"http://www.w3.org/1999/xhtml\">\n         <table class=\"grid dict\">\n            <tr>\n               <td>\n                  <b>Id: </b>\n               </td>\n            </tr>\n            <tr>\n               <td style=\"padding-left: 25px; padding-right: 25px;\">MeasureReport/measurereport-cms146-cat1-example</td>\n            </tr>\n         </table>\n         <p/>\n         <table class=\"grid dict\">\n            <tr>\n               <td>\n                  <b>Measure: </b>\n               </td>\n            </tr>\n            <tr>\n               <td style=\"padding-left: 25px; padding-right: 25px;\">\n                  <span style=\"padding-left: 25px;\">\n                     <b>reference: </b>\n                     <span>Measure/CMS146</span>\n                     <br/>\n                  </span>\n               </td>\n            </tr>\n         </table>\n         <p/>\n         <table class=\"grid dict\">\n            <tr>\n               <td>\n                  <b>Type: </b>\n               </td>\n            </tr>\n            <tr>\n               <td style=\"padding-left: 25px; padding-right: 25px;\">individual</td>\n            </tr>\n         </table>\n         <p/>\n         <table class=\"grid dict\">\n            <tr>\n               <td>\n                  <b>Patient: </b>\n               </td>\n            </tr>\n            <tr>\n               <td style=\"padding-left: 25px; padding-right: 25px;\">\n                  <span style=\"padding-left: 25px;\">\n                     <b>reference: </b>\n                     <span>Patient/123</span>\n                     <br/>\n                  </span>\n               </td>\n            </tr>\n         </table>\n         <p/>\n         <table class=\"grid dict\">\n            <tr>\n               <td>\n                  <b>Period: </b>\n               </td>\n            </tr>\n            <tr>\n               <td style=\"padding-left: 25px; padding-right: 25px;\">\n                  <b>start: </b>\n                  <span>Wed Jan 01 00:00:00 MST 2014</span>\n               </td>\n            </tr>\n            <tr>\n               <td style=\"padding-left: 25px; padding-right: 25px;\">\n                  <b>end: </b>\n                  <span>Mon Mar 31 00:00:00 MDT 2014</span>\n               </td>\n            </tr>\n         </table>\n         <p/>\n         <table class=\"grid dict\">\n            <tr>\n               <td>\n                  <b>Status: </b>\n               </td>\n            </tr>\n            <tr>\n               <td style=\"padding-left: 25px; padding-right: 25px;\">complete</td>\n            </tr>\n         </table>\n         <p/>\n         <table class=\"grid dict\">\n            <tr>\n               <td>\n                  <b>Reporting Organization: </b>\n               </td>\n            </tr>\n            <tr>\n               <td style=\"padding-left: 25px; padding-right: 25px;\">\n                  <p style=\"margin-bottom: 5px;\">\n                     <span>\n                        <b>name: </b>\n                        <span>Good Health Hospital</span>\n                     </span>\n                  </p>\n               </td>\n            </tr>\n         </table>\n         <table class=\"grid dict\">\n            <tr>\n               <td>\n                  <b>Group:</b>\n               </td>\n            </tr>\n            <tr>\n               <td style=\"padding-left: 25px;\">\n                  <p style=\"margin-bottom: 5px;\">\n                     <b>value: </b>\n                     <span>CMS146-group-1</span>\n                  </p>\n               </td>\n            </tr>\n            <tr>\n               <td style=\"padding-left: 25px;\">\n                  <b>Population:</b>\n                  <p style=\"padding-left: 25px; margin-bottom: 5px;\">\n                     <b>type: </b>\n                     <span>initial-population</span>\n                  </p>\n                  <p style=\"padding-left: 25px; margin-bottom: 5px;\">\n                     <b>count: </b>\n                     <span>1</span>\n                  </p>\n               </td>\n            </tr>\n            <tr>\n               <td style=\"padding-left: 25px;\">\n                  <b>Population:</b>\n                  <p style=\"padding-left: 25px; margin-bottom: 5px;\">\n                     <b>type: </b>\n                     <span>numerator</span>\n                  </p>\n                  <p style=\"padding-left: 25px; margin-bottom: 5px;\">\n                     <b>count: </b>\n                     <span>1</span>\n                  </p>\n               </td>\n            </tr>\n            <tr>\n               <td style=\"padding-left: 25px;\">\n                  <b>Population:</b>\n                  <p style=\"padding-left: 25px; margin-bottom: 5px;\">\n                     <b>type: </b>\n                     <span>denominator</span>\n                  </p>\n                  <p style=\"padding-left: 25px; margin-bottom: 5px;\">\n                     <b>count: </b>\n                     <span>1</span>\n                  </p>\n               </td>\n            </tr>\n            <tr>\n               <td style=\"padding-left: 25px;\">\n                  <b>Population:</b>\n                  <p style=\"padding-left: 25px; margin-bottom: 5px;\">\n                     <b>type: </b>\n                     <span>denominator-exclusion</span>\n                  </p>\n                  <p style=\"padding-left: 25px; margin-bottom: 5px;\">\n                     <b>count: </b>\n                     <span>0</span>\n                  </p>\n               </td>\n            </tr>\n            <tr>\n               <td style=\"padding-left: 25px; padding-right: 25px;\">\n                  <b>Stratifier:</b>\n                  <p style=\"padding-left: 25px; margin-bottom: 5px;\">\n                     <span>\n                        <b>value: </b>\n                        <span>CMS146-group-1</span>\n                     </span>\n                  </p>\n                  <p style=\"padding-left: 25px; margin-bottom: 5px;\">\n                     <b>Group:</b>\n                     <br/>\n                     <span style=\"padding-left: 25px;\">\n                        <b>value: </b>\n                     </span>\n                     <span>true</span>\n                     <br/>\n                     <span>\n                        <span style=\"padding-left: 25px;\">\n                           <b>Population:</b>\n                        </span>\n                        <br/>\n                        <span style=\"padding-left: 50px;\">\n                           <b>type: </b>\n                        </span>\n                        <span>initial-population</span>\n                        <span>\n                           <br/>\n                           <span style=\"padding-left: 50px;\">\n                              <b>count: </b>\n                           </span>\n                           <span>1</span>\n                        </span>\n                        <br/>\n                     </span>\n                     <span>\n                        <span style=\"padding-left: 25px;\">\n                           <b>Population:</b>\n                        </span>\n                        <br/>\n                        <span style=\"padding-left: 50px;\">\n                           <b>type: </b>\n                        </span>\n                        <span>numerator</span>\n                        <span>\n                           <br/>\n                           <span style=\"padding-left: 50px;\">\n                              <b>count: </b>\n                           </span>\n                           <span>1</span>\n                        </span>\n                        <br/>\n                     </span>\n                     <span>\n                        <span style=\"padding-left: 25px;\">\n                           <b>Population:</b>\n                        </span>\n                        <br/>\n                        <span style=\"padding-left: 50px;\">\n                           <b>type: </b>\n                        </span>\n                        <span>denominator</span>\n                        <span>\n                           <br/>\n                           <span style=\"padding-left: 50px;\">\n                              <b>count: </b>\n                           </span>\n                           <span>1</span>\n                        </span>\n                        <br/>\n                     </span>\n                     <span>\n                        <span style=\"padding-left: 25px;\">\n                           <b>Population:</b>\n                        </span>\n                        <br/>\n                        <span style=\"padding-left: 50px;\">\n                           <b>type: </b>\n                        </span>\n                        <span>denominator-exclusion</span>\n                        <span>\n                           <br/>\n                           <span style=\"padding-left: 50px;\">\n                              <b>count: </b>\n                           </span>\n                           <span>0</span>\n                        </span>\n                        <br/>\n                     </span>\n                  </p>\n                  <p style=\"padding-left: 25px; margin-bottom: 5px;\">\n                     <b>Group:</b>\n                     <br/>\n                     <span style=\"padding-left: 25px;\">\n                        <b>value: </b>\n                     </span>\n                     <span>false</span>\n                     <br/>\n                     <span>\n                        <span style=\"padding-left: 25px;\">\n                           <b>Population:</b>\n                        </span>\n                        <br/>\n                        <span style=\"padding-left: 50px;\">\n                           <b>type: </b>\n                        </span>\n                        <span>initial-population</span>\n                        <span>\n                           <br/>\n                           <span style=\"padding-left: 50px;\">\n                              <b>count: </b>\n                           </span>\n                           <span>0</span>\n                        </span>\n                        <br/>\n                     </span>\n                     <span>\n                        <span style=\"padding-left: 25px;\">\n                           <b>Population:</b>\n                        </span>\n                        <br/>\n                        <span style=\"padding-left: 50px;\">\n                           <b>type: </b>\n                        </span>\n                        <span>numerator</span>\n                        <span>\n                           <br/>\n                           <span style=\"padding-left: 50px;\">\n                              <b>count: </b>\n                           </span>\n                           <span>0</span>\n                        </span>\n                        <br/>\n                     </span>\n                     <span>\n                        <span style=\"padding-left: 25px;\">\n                           <b>Population:</b>\n                        </span>\n                        <br/>\n                        <span style=\"padding-left: 50px;\">\n                           <b>type: </b>\n                        </span>\n                        <span>denominator</span>\n                        <span>\n                           <br/>\n                           <span style=\"padding-left: 50px;\">\n                              <b>count: </b>\n                           </span>\n                           <span>0</span>\n                        </span>\n                        <br/>\n                     </span>\n                     <span>\n                        <span style=\"padding-left: 25px;\">\n                           <b>Population:</b>\n                        </span>\n                        <br/>\n                        <span style=\"padding-left: 50px;\">\n                           <b>type: </b>\n                        </span>\n                        <span>denominator-exclusion</span>\n                        <span>\n                           <br/>\n                           <span style=\"padding-left: 50px;\">\n                              <b>count: </b>\n                           </span>\n                           <span>0</span>\n                        </span>\n                        <br/>\n                     </span>\n                  </p>\n               </td>\n            </tr>\n            <tr>\n               <td style=\"padding-left: 25px; padding-right: 25px;\">\n                  <b>Stratifier:</b>\n                  <p style=\"padding-left: 25px; margin-bottom: 5px;\">\n                     <span>\n                        <b>value: </b>\n                        <span>CMS146-group-1</span>\n                     </span>\n                  </p>\n                  <p style=\"padding-left: 25px; margin-bottom: 5px;\">\n                     <b>Group:</b>\n                     <br/>\n                     <span style=\"padding-left: 25px;\">\n                        <b>value: </b>\n                     </span>\n                     <span>true</span>\n                     <br/>\n                     <span>\n                        <span style=\"padding-left: 25px;\">\n                           <b>Population:</b>\n                        </span>\n                        <br/>\n                        <span style=\"padding-left: 50px;\">\n                           <b>type: </b>\n                        </span>\n                        <span>initial-population</span>\n                        <span>\n                           <br/>\n                           <span style=\"padding-left: 50px;\">\n                              <b>count: </b>\n                           </span>\n                           <span>0</span>\n                        </span>\n                        <br/>\n                     </span>\n                     <span>\n                        <span style=\"padding-left: 25px;\">\n                           <b>Population:</b>\n                        </span>\n                        <br/>\n                        <span style=\"padding-left: 50px;\">\n                           <b>type: </b>\n                        </span>\n                        <span>numerator</span>\n                        <span>\n                           <br/>\n                           <span style=\"padding-left: 50px;\">\n                              <b>count: </b>\n                           </span>\n                           <span>0</span>\n                        </span>\n                        <br/>\n                     </span>\n                     <span>\n                        <span style=\"padding-left: 25px;\">\n                           <b>Population:</b>\n                        </span>\n                        <br/>\n                        <span style=\"padding-left: 50px;\">\n                           <b>type: </b>\n                        </span>\n                        <span>denominator</span>\n                        <span>\n                           <br/>\n                           <span style=\"padding-left: 50px;\">\n                              <b>count: </b>\n                           </span>\n                           <span>0</span>\n                        </span>\n                        <br/>\n                     </span>\n                     <span>\n                        <span style=\"padding-left: 25px;\">\n                           <b>Population:</b>\n                        </span>\n                        <br/>\n                        <span style=\"padding-left: 50px;\">\n                           <b>type: </b>\n                        </span>\n                        <span>denominator-exclusion</span>\n                        <span>\n                           <br/>\n                           <span style=\"padding-left: 50px;\">\n                              <b>count: </b>\n                           </span>\n                           <span>0</span>\n                        </span>\n                        <br/>\n                     </span>\n                  </p>\n                  <p style=\"padding-left: 25px; margin-bottom: 5px;\">\n                     <b>Group:</b>\n                     <br/>\n                     <span style=\"padding-left: 25px;\">\n                        <b>value: </b>\n                     </span>\n                     <span>false</span>\n                     <br/>\n                     <span>\n                        <span style=\"padding-left: 25px;\">\n                           <b>Population:</b>\n                        </span>\n                        <br/>\n                        <span style=\"padding-left: 50px;\">\n                           <b>type: </b>\n                        </span>\n                        <span>initial-population</span>\n                        <span>\n                           <br/>\n                           <span style=\"padding-left: 50px;\">\n                              <b>count: </b>\n                           </span>\n                           <span>1</span>\n                        </span>\n                        <br/>\n                     </span>\n                     <span>\n                        <span style=\"padding-left: 25px;\">\n                           <b>Population:</b>\n                        </span>\n                        <br/>\n                        <span style=\"padding-left: 50px;\">\n                           <b>type: </b>\n                        </span>\n                        <span>numerator</span>\n                        <span>\n                           <br/>\n                           <span style=\"padding-left: 50px;\">\n                              <b>count: </b>\n                           </span>\n                           <span>1</span>\n                        </span>\n                        <br/>\n                     </span>\n                     <span>\n                        <span style=\"padding-left: 25px;\">\n                           <b>Population:</b>\n                        </span>\n                        <br/>\n                        <span style=\"padding-left: 50px;\">\n                           <b>type: </b>\n                        </span>\n                        <span>denominator</span>\n                        <span>\n                           <br/>\n                           <span style=\"padding-left: 50px;\">\n                              <b>count: </b>\n                           </span>\n                           <span>1</span>\n                        </span>\n                        <br/>\n                     </span>\n                     <span>\n                        <span style=\"padding-left: 25px;\">\n                           <b>Population:</b>\n                        </span>\n                        <br/>\n                        <span style=\"padding-left: 50px;\">\n                           <b>type: </b>\n                        </span>\n                        <span>denominator-exclusion</span>\n                        <span>\n                           <br/>\n                           <span style=\"padding-left: 50px;\">\n                              <b>count: </b>\n                           </span>\n                           <span>0</span>\n                        </span>\n                        <br/>\n                     </span>\n                  </p>\n               </td>\n            </tr>\n            <tr>\n               <td style=\"padding-left: 25px; padding-right: 25px;\">\n                  <b>Stratifier:</b>\n                  <p style=\"padding-left: 25px; margin-bottom: 5px;\">\n                     <span>\n                        <b>value: </b>\n                        <span>CMS146-group-1</span>\n                     </span>\n                  </p>\n                  <p style=\"padding-left: 25px; margin-bottom: 5px;\">\n                     <b>Group:</b>\n                     <br/>\n                     <span style=\"padding-left: 25px;\">\n                        <b>value: </b>\n                     </span>\n                     <span>male</span>\n                     <br/>\n                     <span>\n                        <span style=\"padding-left: 25px;\">\n                           <b>Population:</b>\n                        </span>\n                        <br/>\n                        <span style=\"padding-left: 50px;\">\n                           <b>type: </b>\n                        </span>\n                        <span>initial-population</span>\n                        <span>\n                           <br/>\n                           <span style=\"padding-left: 50px;\">\n                              <b>count: </b>\n                           </span>\n                           <span>1</span>\n                        </span>\n                        <br/>\n                     </span>\n                     <span>\n                        <span style=\"padding-left: 25px;\">\n                           <b>Population:</b>\n                        </span>\n                        <br/>\n                        <span style=\"padding-left: 50px;\">\n                           <b>type: </b>\n                        </span>\n                        <span>numerator</span>\n                        <span>\n                           <br/>\n                           <span style=\"padding-left: 50px;\">\n                              <b>count: </b>\n                           </span>\n                           <span>1</span>\n                        </span>\n                        <br/>\n                     </span>\n                     <span>\n                        <span style=\"padding-left: 25px;\">\n                           <b>Population:</b>\n                        </span>\n                        <br/>\n                        <span style=\"padding-left: 50px;\">\n                           <b>type: </b>\n                        </span>\n                        <span>denominator</span>\n                        <span>\n                           <br/>\n                           <span style=\"padding-left: 50px;\">\n                              <b>count: </b>\n                           </span>\n                           <span>1</span>\n                        </span>\n                        <br/>\n                     </span>\n                     <span>\n                        <span style=\"padding-left: 25px;\">\n                           <b>Population:</b>\n                        </span>\n                        <br/>\n                        <span style=\"padding-left: 50px;\">\n                           <b>type: </b>\n                        </span>\n                        <span>denominator-exclusion</span>\n                        <span>\n                           <br/>\n                           <span style=\"padding-left: 50px;\">\n                              <b>count: </b>\n                           </span>\n                           <span>0</span>\n                        </span>\n                        <br/>\n                     </span>\n                  </p>\n                  <p style=\"padding-left: 25px; margin-bottom: 5px;\">\n                     <b>Group:</b>\n                     <br/>\n                     <span style=\"padding-left: 25px;\">\n                        <b>value: </b>\n                     </span>\n                     <span>female</span>\n                     <br/>\n                     <span>\n                        <span style=\"padding-left: 25px;\">\n                           <b>Population:</b>\n                        </span>\n                        <br/>\n                        <span style=\"padding-left: 50px;\">\n                           <b>type: </b>\n                        </span>\n                        <span>initial-population</span>\n                        <span>\n                           <br/>\n                           <span style=\"padding-left: 50px;\">\n                              <b>count: </b>\n                           </span>\n                           <span>0</span>\n                        </span>\n                        <br/>\n                     </span>\n                     <span>\n                        <span style=\"padding-left: 25px;\">\n                           <b>Population:</b>\n                        </span>\n                        <br/>\n                        <span style=\"padding-left: 50px;\">\n                           <b>type: </b>\n                        </span>\n                        <span>numerator</span>\n                        <span>\n                           <br/>\n                           <span style=\"padding-left: 50px;\">\n                              <b>count: </b>\n                           </span>\n                           <span>0</span>\n                        </span>\n                        <br/>\n                     </span>\n                     <span>\n                        <span style=\"padding-left: 25px;\">\n                           <b>Population:</b>\n                        </span>\n                        <br/>\n                        <span style=\"padding-left: 50px;\">\n                           <b>type: </b>\n                        </span>\n                        <span>denominator</span>\n                        <span>\n                           <br/>\n                           <span style=\"padding-left: 50px;\">\n                              <b>count: </b>\n                           </span>\n                           <span>0</span>\n                        </span>\n                        <br/>\n                     </span>\n                     <span>\n                        <span style=\"padding-left: 25px;\">\n                           <b>Population:</b>\n                        </span>\n                        <br/>\n                        <span style=\"padding-left: 50px;\">\n                           <b>type: </b>\n                        </span>\n                        <span>denominator-exclusion</span>\n                        <span>\n                           <br/>\n                           <span style=\"padding-left: 50px;\">\n                              <b>count: </b>\n                           </span>\n                           <span>0</span>\n                        </span>\n                        <br/>\n                     </span>\n                  </p>\n                  <p style=\"padding-left: 25px; margin-bottom: 5px;\">\n                     <b>Group:</b>\n                     <br/>\n                     <span style=\"padding-left: 25px;\">\n                        <b>value: </b>\n                     </span>\n                     <span>other</span>\n                     <br/>\n                     <span>\n                        <span style=\"padding-left: 25px;\">\n                           <b>Population:</b>\n                        </span>\n                        <br/>\n                        <span style=\"padding-left: 50px;\">\n                           <b>type: </b>\n                        </span>\n                        <span>initial-population</span>\n                        <span>\n                           <br/>\n                           <span style=\"padding-left: 50px;\">\n                              <b>count: </b>\n                           </span>\n                           <span>0</span>\n                        </span>\n                        <br/>\n                     </span>\n                     <span>\n                        <span style=\"padding-left: 25px;\">\n                           <b>Population:</b>\n                        </span>\n                        <br/>\n                        <span style=\"padding-left: 50px;\">\n                           <b>type: </b>\n                        </span>\n                        <span>numerator</span>\n                        <span>\n                           <br/>\n                           <span style=\"padding-left: 50px;\">\n                              <b>count: </b>\n                           </span>\n                           <span>0</span>\n                        </span>\n                        <br/>\n                     </span>\n                     <span>\n                        <span style=\"padding-left: 25px;\">\n                           <b>Population:</b>\n                        </span>\n                        <br/>\n                        <span style=\"padding-left: 50px;\">\n                           <b>type: </b>\n                        </span>\n                        <span>denominator</span>\n                        <span>\n                           <br/>\n                           <span style=\"padding-left: 50px;\">\n                              <b>count: </b>\n                           </span>\n                           <span>0</span>\n                        </span>\n                        <br/>\n                     </span>\n                     <span>\n                        <span style=\"padding-left: 25px;\">\n                           <b>Population:</b>\n                        </span>\n                        <br/>\n                        <span style=\"padding-left: 50px;\">\n                           <b>type: </b>\n                        </span>\n                        <span>denominator-exclusion</span>\n                        <span>\n                           <br/>\n                           <span style=\"padding-left: 50px;\">\n                              <b>count: </b>\n                           </span>\n                           <span>0</span>\n                        </span>\n                        <br/>\n                     </span>\n                  </p>\n                  <p style=\"padding-left: 25px; margin-bottom: 5px;\">\n                     <b>Group:</b>\n                     <br/>\n                     <span style=\"padding-left: 25px;\">\n                        <b>value: </b>\n                     </span>\n                     <span>unknown</span>\n                     <br/>\n                     <span>\n                        <span style=\"padding-left: 25px;\">\n                           <b>Population:</b>\n                        </span>\n                        <br/>\n                        <span style=\"padding-left: 50px;\">\n                           <b>type: </b>\n                        </span>\n                        <span>initial-population</span>\n                        <span>\n                           <br/>\n                           <span style=\"padding-left: 50px;\">\n                              <b>count: </b>\n                           </span>\n                           <span>0</span>\n                        </span>\n                        <br/>\n                     </span>\n                     <span>\n                        <span style=\"padding-left: 25px;\">\n                           <b>Population:</b>\n                        </span>\n                        <br/>\n                        <span style=\"padding-left: 50px;\">\n                           <b>type: </b>\n                        </span>\n                        <span>numerator</span>\n                        <span>\n                           <br/>\n                           <span style=\"padding-left: 50px;\">\n                              <b>count: </b>\n                           </span>\n                           <span>0</span>\n                        </span>\n                        <br/>\n                     </span>\n                     <span>\n                        <span style=\"padding-left: 25px;\">\n                           <b>Population:</b>\n                        </span>\n                        <br/>\n                        <span style=\"padding-left: 50px;\">\n                           <b>type: </b>\n                        </span>\n                        <span>denominator</span>\n                        <span>\n                           <br/>\n                           <span style=\"padding-left: 50px;\">\n                              <b>count: </b>\n                           </span>\n                           <span>0</span>\n                        </span>\n                        <br/>\n                     </span>\n                     <span>\n                        <span style=\"padding-left: 25px;\">\n                           <b>Population:</b>\n                        </span>\n                        <br/>\n                        <span style=\"padding-left: 50px;\">\n                           <b>type: </b>\n                        </span>\n                        <span>denominator-exclusion</span>\n                        <span>\n                           <br/>\n                           <span style=\"padding-left: 50px;\">\n                              <b>count: </b>\n                           </span>\n                           <span>0</span>\n                        </span>\n                        <br/>\n                     </span>\n                  </p>\n               </td>\n            </tr>\n            <tr>\n               <td style=\"padding-left: 25px; padding-right: 25px;\">\n                  <b>Supplemental:</b>\n                  <p style=\"padding-left: 25px; margin-bottom: 5px;\">\n                     <span>\n                        <b>value: </b>\n                        <span>supplemental-data-gender</span>\n                     </span>\n                  </p>\n                  <p style=\"padding-left: 25px; margin-bottom: 5px;\">\n                     <b>Group:</b>\n                     <br/>\n                     <span style=\"padding-left: 25px;\">\n                        <b>value: </b>\n                     </span>\n                     <span>male</span>\n                     <span>\n                        <br/>\n                        <span style=\"padding-left: 25px;\">\n                           <b>count: </b>\n                        </span>\n                        <span>1</span>\n                     </span>\n                  </p>\n                  <p style=\"padding-left: 25px; margin-bottom: 5px;\">\n                     <b>Group:</b>\n                     <br/>\n                     <span style=\"padding-left: 25px;\">\n                        <b>value: </b>\n                     </span>\n                     <span>female</span>\n                     <span>\n                        <br/>\n                        <span style=\"padding-left: 25px;\">\n                           <b>count: </b>\n                        </span>\n                        <span>0</span>\n                     </span>\n                  </p>\n                  <p style=\"padding-left: 25px; margin-bottom: 5px;\">\n                     <b>Group:</b>\n                     <br/>\n                     <span style=\"padding-left: 25px;\">\n                        <b>value: </b>\n                     </span>\n                     <span>other</span>\n                     <span>\n                        <br/>\n                        <span style=\"padding-left: 25px;\">\n                           <b>count: </b>\n                        </span>\n                        <span>0</span>\n                     </span>\n                  </p>\n                  <p style=\"padding-left: 25px; margin-bottom: 5px;\">\n                     <b>Group:</b>\n                     <br/>\n                     <span style=\"padding-left: 25px;\">\n                        <b>value: </b>\n                     </span>\n                     <span>unknown</span>\n                     <span>\n                        <br/>\n                        <span style=\"padding-left: 25px;\">\n                           <b>count: </b>\n                        </span>\n                        <span>0</span>\n                     </span>\n                  </p>\n               </td>\n            </tr>\n            <tr>\n               <td style=\"padding-left: 25px; padding-right: 25px;\">\n                  <b>Supplemental:</b>\n                  <p style=\"padding-left: 25px; margin-bottom: 5px;\">\n                     <span>\n                        <b>value: </b>\n                        <span>supplemental-data-deceased</span>\n                     </span>\n                  </p>\n                  <p style=\"padding-left: 25px; margin-bottom: 5px;\">\n                     <b>Group:</b>\n                     <br/>\n                     <span style=\"padding-left: 25px;\">\n                        <b>value: </b>\n                     </span>\n                     <span>true</span>\n                     <span>\n                        <br/>\n                        <span style=\"padding-left: 25px;\">\n                           <b>count: </b>\n                        </span>\n                        <span>0</span>\n                     </span>\n                  </p>\n                  <p style=\"padding-left: 25px; margin-bottom: 5px;\">\n                     <b>Group:</b>\n                     <br/>\n                     <span style=\"padding-left: 25px;\">\n                        <b>value: </b>\n                     </span>\n                     <span>false</span>\n                     <span>\n                        <br/>\n                        <span style=\"padding-left: 25px;\">\n                           <b>count: </b>\n                        </span>\n                        <span>1</span>\n                     </span>\n                  </p>\n               </td>\n            </tr>\n         </table>\n         <p/>\n         <table class=\"grid dict\">\n            <tr>\n               <td>\n                  <b>Evaluated Resources: </b>\n               </td>\n            </tr>\n            <tr>\n               <td style=\"padding-right: 25px;\">\n                  <span style=\"padding-left: 25px;\">\n                     <b>reference: </b>\n                     <span>Bundle/456</span>\n                     <br/>\n                  </span>\n               </td>\n            </tr>\n         </table>\n         <p/>\n         <table class=\"grid dict\">\n            <tr>\n               <td>\n                  <b>Evaluated Resource: </b>\n               </td>\n            </tr>\n            <tr>\n               <td style=\"padding-left: 25px; padding-right: 25px;\">\n                  <span style=\"padding-left: 25px;\">\n                     <b>reference: </b>\n                     <span>Condition/example</span>\n                     <br/>\n                  </span>\n               </td>\n            </tr>\n         </table>\n      </div>"
  },
  "contained" : [{
    "resourceType" : "Organization",
    "id" : "reporter",
    "name" : "Good Health Hospital"
  }],
  "identifier" : [{
    "value" : "measurereport-cms146-cat1-example-2017-03-13"
  }],
  "status" : "complete",
  "type" : "individual",
  "measure" : "http://example.org/fhir/Measure/CMS146",
  "subject" : {
    "reference" : "Patient/123"
  },
  "date" : "2014-04-01",
  "reporter" : {
    "reference" : "#reporter"
  },
  "period" : {
    "start" : "2014-01-01",
    "end" : "2014-03-31"
  },
  "group" : [{
    "id" : "CMS146-group-1",
    "population" : [{
      "code" : {
        "coding" : [{
          "code" : "initial-population"
        }]
      },
      "count" : 1
    },
    {
      "code" : {
        "coding" : [{
          "code" : "numerator"
        }]
      },
      "count" : 1
    },
    {
      "code" : {
        "coding" : [{
          "code" : "denominator"
        }]
      },
      "count" : 1
    },
    {
      "code" : {
        "coding" : [{
          "code" : "denominator-exclusion"
        }]
      },
      "count" : 0
    }],
    "stratifier" : [{
      "code" : {
        "text" : "stratifier-ages-up-to-9"
      },
      "stratum" : [{
        "valueBoolean" : true,
        "population" : [{
          "code" : {
            "coding" : [{
              "code" : "initial-population"
            }]
          },
          "count" : 1
        },
        {
          "code" : {
            "coding" : [{
              "code" : "numerator"
            }]
          },
          "count" : 1
        },
        {
          "code" : {
            "coding" : [{
              "code" : "denominator"
            }]
          },
          "count" : 1
        },
        {
          "code" : {
            "coding" : [{
              "code" : "denominator-exclusion"
            }]
          },
          "count" : 0
        }]
      },
      {
        "valueBoolean" : false,
        "population" : [{
          "code" : {
            "coding" : [{
              "code" : "initial-population"
            }]
          },
          "count" : 0
        },
        {
          "code" : {
            "coding" : [{
              "code" : "numerator"
            }]
          },
          "count" : 0
        },
        {
          "code" : {
            "coding" : [{
              "code" : "denominator"
            }]
          },
          "count" : 0
        },
        {
          "code" : {
            "coding" : [{
              "code" : "denominator-exclusion"
            }]
          },
          "count" : 0
        }]
      }]
    },
    {
      "code" : {
        "text" : "stratifier-ages-10-plus"
      },
      "stratum" : [{
        "valueBoolean" : true,
        "population" : [{
          "code" : {
            "coding" : [{
              "code" : "initial-population"
            }]
          },
          "count" : 0
        },
        {
          "code" : {
            "coding" : [{
              "code" : "numerator"
            }]
          },
          "count" : 0
        },
        {
          "code" : {
            "coding" : [{
              "code" : "denominator"
            }]
          },
          "count" : 0
        },
        {
          "code" : {
            "coding" : [{
              "code" : "denominator-exclusion"
            }]
          },
          "count" : 0
        }]
      },
      {
        "valueBoolean" : true,
        "population" : [{
          "code" : {
            "coding" : [{
              "code" : "initial-population"
            }]
          },
          "count" : 1
        },
        {
          "code" : {
            "coding" : [{
              "code" : "numerator"
            }]
          },
          "count" : 1
        },
        {
          "code" : {
            "coding" : [{
              "code" : "denominator"
            }]
          },
          "count" : 1
        },
        {
          "code" : {
            "coding" : [{
              "code" : "denominator-exclusion"
            }]
          },
          "count" : 0
        }]
      }]
    },
    {
      "code" : {
        "text" : "stratifier-gender"
      },
      "stratum" : [{
        "valueCodeableConcept" : {
          "text" : "male"
        },
        "population" : [{
          "code" : {
            "coding" : [{
              "code" : "initial-population"
            }]
          },
          "count" : 1
        },
        {
          "code" : {
            "coding" : [{
              "code" : "numerator"
            }]
          },
          "count" : 1
        },
        {
          "code" : {
            "coding" : [{
              "code" : "denominator"
            }]
          },
          "count" : 1
        },
        {
          "code" : {
            "coding" : [{
              "code" : "denominator-exclusion"
            }]
          },
          "count" : 0
        }]
      },
      {
        "valueCodeableConcept" : {
          "text" : "female"
        },
        "population" : [{
          "code" : {
            "coding" : [{
              "code" : "initial-population"
            }]
          },
          "count" : 0
        },
        {
          "code" : {
            "coding" : [{
              "code" : "numerator"
            }]
          },
          "count" : 0
        },
        {
          "code" : {
            "coding" : [{
              "code" : "denominator"
            }]
          },
          "count" : 0
        },
        {
          "code" : {
            "coding" : [{
              "code" : "denominator-exclusion"
            }]
          },
          "count" : 0
        }]
      },
      {
        "valueCodeableConcept" : {
          "text" : "other"
        },
        "population" : [{
          "code" : {
            "coding" : [{
              "code" : "initial-population"
            }]
          },
          "count" : 0
        },
        {
          "code" : {
            "coding" : [{
              "code" : "numerator"
            }]
          },
          "count" : 0
        },
        {
          "code" : {
            "coding" : [{
              "code" : "denominator"
            }]
          },
          "count" : 0
        },
        {
          "code" : {
            "coding" : [{
              "code" : "denominator-exclusion"
            }]
          },
          "count" : 0
        }]
      },
      {
        "valueCodeableConcept" : {
          "text" : "unknown"
        },
        "population" : [{
          "code" : {
            "coding" : [{
              "code" : "initial-population"
            }]
          },
          "count" : 0
        },
        {
          "code" : {
            "coding" : [{
              "code" : "numerator"
            }]
          },
          "count" : 0
        },
        {
          "code" : {
            "coding" : [{
              "code" : "denominator"
            }]
          },
          "count" : 0
        },
        {
          "code" : {
            "coding" : [{
              "code" : "denominator-exclusion"
            }]
          },
          "count" : 0
        }]
      }]
    }]
  }],
  "evaluatedResource" : [{
    "reference" : "Condition/example"
  }]
}