{
  "resourceType" : "MolecularSequence",
  "id" : "example",
  "text" : {
    "status" : "generated",
    "div" : "<div xmlns=\"http://www.w3.org/1999/xhtml\"><p><b>Generated Narrative: MolecularSequence</b><a name=\"example\"> </a></p><div style=\"display: inline-block; background-color: #d9e0e7; padding: 6px; margin: 4px; border: 1px solid #8da1b4; border-radius: 5px; line-height: 60%\"><p style=\"margin-bottom: 0px\">Resource MolecularSequence &quot;example&quot; </p></div><p><b>type</b>: dna</p><p><b>subject</b>: <a href=\"patient-example.html\">Patient/example</a> &quot;Peter CHALMERS&quot;</p><h3>Formatteds</h3><table class=\"grid\"><tr><td>-</td><td><b>ContentType</b></td><td><b>Url</b></td><td><b>Title</b></td></tr><tr><td>*</td><td>application/json</td><td><a href=\"http://grch37.rest.ensembl.org/ga4gh/variants/3:rs1333049?content-type=application/json\">http://grch37.rest.ensembl.org/ga4gh/variants/3:rs1333049?content-type=application/json</a></td><td>GA4GH API</td></tr></table></div>"
  },
  "type" : "dna",
  "subject" : {
    "reference" : "Patient/example"
  },
  "formatted" : [{
    "contentType" : "application/json",
    "url" : "http://grch37.rest.ensembl.org/ga4gh/variants/3:rs1333049?content-type=application/json",
    "title" : "GA4GH API"
  }]
}