{
  "resourceType" : "NutritionOrder",
  "id" : "renaldiet",
  "text" : {
    "status" : "generated",
    "div" : "<div xmlns=\"http://www.w3.org/1999/xhtml\"><p><b>Generated Narrative: NutritionOrder</b><a name=\"renaldiet\"> </a></p><div style=\"display: inline-block; background-color: #d9e0e7; padding: 6px; margin: 4px; border: 1px solid #8da1b4; border-radius: 5px; line-height: 60%\"><p style=\"margin-bottom: 0px\">Resource NutritionOrder &quot;renaldiet&quot; </p></div><p><b>identifier</b>: id:\u00a0123</p><p><b>status</b>: active</p><p><b>intent</b>: order</p><p><b>subject</b>: <a href=\"patient-example.html\">Patient/example: Peter Chalmers</a> &quot;Peter CHALMERS&quot;</p><p><b>encounter</b>: <a href=\"encounter-example.html\">Encounter/example: Inpatient</a></p><p><b>dateTime</b>: 2014-09-17</p><p><b>orderer</b>: <a href=\"practitioner-example.html\">Practitioner/example: Dr Adam Careful</a> &quot;Adam CAREFUL&quot;</p><p><b>allergyIntolerance</b>: <a href=\"allergyintolerance-example.html\">AllergyIntolerance/example: Cashew Nuts</a></p><p><b>foodPreferenceModifier</b>: Dairy Free <span style=\"background: LightGoldenRodYellow; margin: 4px; border: 1px solid khaki\"> (<a href=\"http://terminology.hl7.org/5.1.0/CodeSystem-diet.html\">Diet</a>#dairy-free)</span></p><p><b>excludeFoodModifier</b>: Cashew Nut <span style=\"background: LightGoldenRodYellow; margin: 4px; border: 1px solid khaki\"> (<a href=\"https://browser.ihtsdotools.org/\">SNOMED CT[20140730]</a>#227493005)</span></p><blockquote><p><b>oralDiet</b></p><p><b>type</b>: Renal Diet <span style=\"background: LightGoldenRodYellow; margin: 4px; border: 1px solid khaki\"> (<a href=\"https://browser.ihtsdotools.org/\">SNOMED CT</a>#33489005 &quot;Renal diet&quot;; diet-type-codes#1050 &quot;Renal&quot;)</span></p><h3>Schedules</h3><table class=\"grid\"><tr><td>-</td><td><b>Timing</b></td></tr><tr><td>*</td><td>Starting 2015-02-10, 3 per 1 days</td></tr></table><blockquote><p><b>nutrient</b></p><p><b>modifier</b>: <span title=\"  list nutrients and amounts here  \">Sodium <span style=\"background: LightGoldenRodYellow; margin: 4px; border: 1px solid khaki\"> (<a href=\"https://browser.ihtsdotools.org/\">SNOMED CT</a>#39972003)</span></span></p><p><b>amount</b>: 2 grams<span style=\"background: LightGoldenRodYellow\"> (Details: UCUM code g = 'g')</span></p></blockquote><blockquote><p><b>nutrient</b></p><p><b>modifier</b>: Phosphorus <span style=\"background: LightGoldenRodYellow; margin: 4px; border: 1px solid khaki\"> (<a href=\"https://browser.ihtsdotools.org/\">SNOMED CT</a>#30820000)</span></p><p><b>amount</b>: 1000 milligrams<span style=\"background: LightGoldenRodYellow\"> (Details: UCUM code mg = 'mg')</span></p></blockquote><blockquote><p><b>nutrient</b></p><p><b>modifier</b>: Potassium <span style=\"background: LightGoldenRodYellow; margin: 4px; border: 1px solid khaki\"> (<a href=\"https://browser.ihtsdotools.org/\">SNOMED CT</a>#88480006)</span></p><p><b>amount</b>: 2 grams<span style=\"background: LightGoldenRodYellow\"> (Details: UCUM code g = 'g')</span></p></blockquote></blockquote></div>"
  },
  "identifier" : [{
    "system" : "http://goodhealthhospital.org/nutrition-requests",
    "value" : "123"
  }],
  "status" : "active",
  "intent" : "order",
  "subject" : {
    "reference" : "Patient/example",
    "display" : "Peter Chalmers"
  },
  "encounter" : {
    "reference" : "Encounter/example",
    "display" : "Inpatient"
  },
  "dateTime" : "2014-09-17",
  "orderer" : {
    "reference" : "Practitioner/example",
    "display" : "Dr Adam Careful"
  },
  "allergyIntolerance" : [{
    "reference" : "AllergyIntolerance/example",
    "display" : "Cashew Nuts"
  }],
  "foodPreferenceModifier" : [{
    "coding" : [{
      "system" : "http://terminology.hl7.org/CodeSystem/diet",
      "code" : "dairy-free"
    }]
  }],
  "excludeFoodModifier" : [{
    "coding" : [{
      "system" : "http://snomed.info/sct",
      "version" : "20140730",
      "code" : "227493005",
      "display" : "Cashew Nut"
    }]
  }],
  "oralDiet" : {
    "type" : [{
      "coding" : [{
        "system" : "http://snomed.info/sct",
        "code" : "33489005",
        "display" : "Renal diet"
      },
      {
        "system" : "http://goodhealthhospital.org/diet-type-codes",
        "code" : "1050",
        "display" : "Renal"
      }],
      "text" : "Renal Diet"
    }],
    "schedule" : {
      "timing" : [{
        "repeat" : {
          "boundsPeriod" : {
            "start" : "2015-02-10"
          },
          "frequency" : 3,
          "period" : 1,
          "periodUnit" : "d"
        }
      }]
    },
    "nutrient" : [{
      "modifier" : {
        "coding" : [{
          "system" : "http://snomed.info/sct",
          "code" : "39972003",
          "display" : "Sodium"
        }]
      },
      "amount" : {
        "value" : 2,
        "unit" : "grams",
        "system" : "http://unitsofmeasure.org",
        "code" : "g"
      }
    },
    {
      "modifier" : {
        "coding" : [{
          "system" : "http://snomed.info/sct",
          "code" : "30820000",
          "display" : "Phosphorus"
        }]
      },
      "amount" : {
        "value" : 1000,
        "unit" : "milligrams",
        "system" : "http://unitsofmeasure.org",
        "code" : "mg"
      }
    },
    {
      "modifier" : {
        "coding" : [{
          "system" : "http://snomed.info/sct",
          "code" : "88480006",
          "display" : "Potassium"
        }]
      },
      "amount" : {
        "value" : 2,
        "unit" : "grams",
        "system" : "http://unitsofmeasure.org",
        "code" : "g"
      }
    }]
  }
}