{
  "resourceType" : "Person",
  "id" : "example",
  "text" : {
    "status" : "generated",
    "div" : "<div xmlns=\"http://www.w3.org/1999/xhtml\">\n      <table>\n        <tbody>\n          <tr>\n            <td>Name</td>\n            <td>Peter James <b>Chalmers</b> (&quot;Jim&quot;)</td>\n          </tr>\n          <tr>\n            <td>Address</td>\n            <td>534 Erewhon, Pleasantville, Vic, 3999</td>\n          </tr>\n          <tr>\n            <td>Contacts</td>\n            <td>Home: unknown. Work: (03) 5555 6473</td>\n          </tr>\n          <tr>\n            <td>Id</td>\n            <td>MRN: 12345 (Acme Healthcare)</td>\n          </tr>\n        </tbody>\n      </table>\n    </div>"
  },
  "identifier" : [{
    "use" : "usual",
    "type" : {
      "coding" : [{
        "system" : "http://terminology.hl7.org/CodeSystem/v2-0203",
        "code" : "MR"
      }]
    },
    "system" : "urn:oid:1.2.36.146.595.217.0.1",
    "value" : "12345",
    "period" : {
      "start" : "2001-05-06"
    },
    "assigner" : {
      "display" : "Acme Healthcare"
    }
  }],
  "active" : true,
  "name" : [{
    "use" : "official",
    "family" : "Chalmers",
    "given" : ["Peter",
    "James"]
  },
  {
    "use" : "usual",
    "given" : ["Jim"]
  }],
  "telecom" : [{
    "use" : "home"
  },
  {
    "system" : "phone",
    "value" : "(03) 5555 6473",
    "use" : "work"
  },
  {
    "system" : "email",
    "value" : "Jim@example.org",
    "use" : "home"
  }],
  "gender" : "male",
  "birthDate" : "1974-12-25",
  "address" : [{
    "use" : "home",
    "line" : ["534 Erewhon St"],
    "city" : "PleasantVille",
    "state" : "Vic",
    "postalCode" : "3999"
  }],
  "link" : [{
    "target" : {
      "reference" : "RelatedPerson/peter",
      "display" : "Peter Chalmers"
    }
  },
  {
    "target" : {
      "reference" : "Patient/example",
      "display" : "Peter Chalmers"
    }
  }]
}