{
  "resourceType" : "SupplyRequest",
  "id" : "simpleorder",
  "text" : {
    "status" : "generated",
    "div" : "<div xmlns=\"http://www.w3.org/1999/xhtml\"><p><b>Generated Narrative: SupplyRequest</b><a name=\"simpleorder\"> </a></p><div style=\"display: inline-block; background-color: #d9e0e7; padding: 6px; margin: 4px; border: 1px solid #8da1b4; border-radius: 5px; line-height: 60%\"><p style=\"margin-bottom: 0px\">Resource SupplyRequest &quot;simpleorder&quot; </p></div><p><b>identifier</b>: id:\u00a0Order10284</p><p><b>status</b>: active</p><p><b>category</b>: Central Stock Resupply <span style=\"background: LightGoldenRodYellow; margin: 4px; border: 1px solid khaki\"> ([not stated]#central)</span></p><p><b>priority</b>: asap</p><h3>Items</h3><table class=\"grid\"><tr><td>-</td><td><b>Concept</b></td></tr><tr><td>*</td><td>Blood collect tubes blue cap <span style=\"background: LightGoldenRodYellow; margin: 4px; border: 1px solid khaki\"> ([not stated]#BlueTubes)</span></td></tr></table><p><b>quantity</b>: 10</p><p><b>occurrence</b>: 2016-12-31</p><p><b>authoredOn</b>: 2016-12-31</p><p><b>requester</b>: <span>: Henry Seven</span></p><p><b>supplier</b>: <span>: Vendor1</span></p><h3>Reasons</h3><table class=\"grid\"><tr><td>-</td><td><b>Concept</b></td></tr><tr><td>*</td><td>Refill due to low stock <span style=\"background: LightGoldenRodYellow; margin: 4px; border: 1px solid khaki\"> ([not stated]#stock_low)</span></td></tr></table><p><b>deliverFrom</b>: <span>: Location 1</span></p><p><b>deliverTo</b>: <span>: GoodHealth Clinic Receiving</span></p></div>"
  },
  "identifier" : [{
    "value" : "Order10284"
  }],
  "status" : "active",
  "category" : {
    "coding" : [{
      "code" : "central",
      "display" : "Central Stock Resupply"
    }]
  },
  "priority" : "asap",
  "item" : {
    "concept" : {
      "coding" : [{
        "code" : "BlueTubes",
        "display" : "Blood collect tubes blue cap"
      }]
    }
  },
  "quantity" : {
    "value" : 10
  },
  "occurrenceDateTime" : "2016-12-31",
  "authoredOn" : "2016-12-31",
  "requester" : {
    "display" : "Henry Seven"
  },
  "supplier" : [{
    "display" : "Vendor1"
  }],
  "reason" : [{
    "concept" : {
      "coding" : [{
        "code" : "stock_low",
        "display" : "Refill due to low stock"
      }]
    }
  }],
  "deliverFrom" : {
    "display" : "Location 1"
  },
  "deliverTo" : {
    "display" : "GoodHealth Clinic Receiving"
  }
}