{
  "resourceType" : "SupplyDelivery",
  "id" : "simpledelivery",
  "text" : {
    "status" : "generated",
    "div" : "<div xmlns=\"http://www.w3.org/1999/xhtml\"><p><b>Generated Narrative: SupplyDelivery</b><a name=\"simpledelivery\"> </a></p><div style=\"display: inline-block; background-color: #d9e0e7; padding: 6px; margin: 4px; border: 1px solid #8da1b4; border-radius: 5px; line-height: 60%\"><p style=\"margin-bottom: 0px\">Resource SupplyDelivery &quot;simpledelivery&quot; </p></div><p><b>identifier</b>: <span title=\" \nbusiness identifier - in this case the same as the request id\n \">id:\u00a0Order10284</span></p><p><b>basedOn</b>: <a href=\"supplyrequest-example-simpleorder.html\">SupplyRequest/simpleorder</a></p><p><b>partOf</b>: <span>: Central Supply Restock</span></p><p><b>status</b>: completed</p><p><b>type</b>: Blood collect tubes blue cap <span style=\"background: LightGoldenRodYellow; margin: 4px; border: 1px solid khaki\"> (<a href=\"codesystem-supplydelivery-supplyitemtype.html\">Supply Delivery Supply Item Type</a>#device)</span></p><h3>SuppliedItems</h3><table class=\"grid\"><tr><td>-</td><td><b>Quantity</b></td><td><b>Item[x]</b></td></tr><tr><td>*</td><td>10</td><td>Blood collect tubes blue cap <span style=\"background: LightGoldenRodYellow; margin: 4px; border: 1px solid khaki\"> ([not stated]#BlueTubes)</span></td></tr></table><p><b>occurrence</b>: 2016-12-31</p><p><b>supplier</b>: <span>: Vendor1</span></p><p><b>destination</b>: <span>: Location 1</span></p></div>"
  },
  "identifier" : [{
    "value" : "Order10284"
  }],
  "basedOn" : [{
    "reference" : "SupplyRequest/simpleorder"
  }],
  "partOf" : [{
    "display" : "Central Supply Restock"
  }],
  "status" : "completed",
  "type" : {
    "coding" : [{
      "system" : "http://hl7.org/fhir/supplydelivery-supplyitemtype",
      "code" : "device"
    }],
    "text" : "Blood collect tubes blue cap"
  },
  "suppliedItem" : [{
    "quantity" : {
      "value" : 10
    },
    "itemCodeableConcept" : {
      "coding" : [{
        "code" : "BlueTubes",
        "display" : "Blood collect tubes blue cap"
      }]
    }
  }],
  "occurrenceDateTime" : "2016-12-31",
  "supplier" : {
    "display" : "Vendor1"
  },
  "destination" : {
    "display" : "Location 1"
  }
}