{
    "referralPrimaryCareMentalHealth": {
        "summary": "Activity definition to refer a patient to a mental health integrated care program", 
        "description": "Activity definition to refer a patient to a mental health integrated care program", 
        "value": {
            "resourceType": "ActivityDefinition", 
            "id": "referralPrimaryCareMentalHealth", 
            "text": {
                "status": "generated", 
                "div": "<div xmlns=\"http://www.w3.org/1999/xhtml\">\n         <table class=\"grid dict\">\n            <tr>\n               <td>\n                  <b>Id: </b>\n               </td>\n            </tr>\n            <tr>\n               <td style=\"padding-left: 25px; padding-right: 25px;\">ActivityDefinition/referralPrimaryCareMentalHealth</td>\n            </tr>\n         </table>\n         <p/>\n         <table class=\"grid dict\">\n            <tr>\n               <td>\n                  <b>Status: </b>\n               </td>\n            </tr>\n            <tr>\n               <td style=\"padding-left: 25px; padding-right: 25px;\">draft</td>\n            </tr>\n         </table>\n         <p/>\n         <table class=\"grid dict\">\n            <tr>\n               <td>\n                  <b>Description: </b>\n               </td>\n            </tr>\n            <tr>\n               <td style=\"padding-left: 25px; padding-right: 25px;\">refer to primary care mental-health integrated care program for evaluation and treatment of mental health conditions now</td>\n            </tr>\n         </table>\n         <p/>\n         <table class=\"grid dict\">\n            <tr>\n               <td>\n                  <b>Category: </b>\n               </td>\n            </tr>\n            <tr>\n               <td style=\"padding-left: 25px; padding-right: 25px;\">referral</td>\n            </tr>\n         </table>\n         <p/>\n         <table class=\"grid dict\">\n            <tr>\n               <td>\n                  <b>Code: </b>\n               </td>\n            </tr>\n            <tr>\n               <td style=\"padding-right: 25px;\">\n                  <span style=\"padding-left: 25px;\">\n                     <b>text: </b>\n                     <span>Referral to service (procedure)</span>\n                     <br/>\n                  </span>\n                  <span>\n                     <span>\n                        <span style=\"padding-left: 25px;\">\n                           <b>system: </b>\n                           <span>http://snomed.info/sct</span>\n                           <br/>\n                        </span>\n                        <span style=\"padding-left: 25px;\">\n                           <b>code: </b>\n                           <span>306206005</span>\n                           <br/>\n                        </span>\n                     </span>\n                  </span>\n               </td>\n            </tr>\n         </table>\n         <p/>\n         <table class=\"grid dict\">\n            <tr>\n               <td>\n                  <b>Participant: </b>\n               </td>\n            </tr>\n            <tr style=\"vertical-align: top;\">\n               <td style=\"padding-left: 25px; padding-right: 25px;\">practitioner</td>\n            </tr>\n         </table>\n      </div>"
            }, 
            "url": "http://motivemi.com/artifacts/ActivityDefinition/referralPrimaryCareMentalHealth", 
            "identifier": [
                {
                    "use": "official", 
                    "system": "http://motivemi.com/artifacts", 
                    "value": "referralPrimaryCareMentalHealth"
                }
            ], 
            "version": "1.1.0", 
            "name": "ReferralPrimaryCareMentalHealth", 
            "title": "Referral to Primary Care Mental Health", 
            "status": "active", 
            "experimental": true, 
            "date": "2017-03-03T14:06:00Z", 
            "publisher": "Motive Medical Intelligence", 
            "description": "refer to primary care mental-health integrated care program for evaluation and treatment of mental health conditions now", 
            "purpose": "Defines a referral to a mental-health integrated care program for use in suicide risk order sets. The definition is independent of the order set in which it appears to allow reuse of the general definition of the referrral.", 
            "usage": "This activity definition is used as the definition of a referral request within various suicide risk order sets. Elements that apply universally are defined here, while elements that apply to the specific setting of a referral within a particular order set are defined in the order set.", 
            "approvalDate": "2017-03-01", 
            "lastReviewDate": "2017-03-01", 
            "effectivePeriod": {
                "start": "2017-03-01", 
                "end": "2017-12-31"
            }, 
            "useContext": [
                {
                    "code": {
                        "system": "http://hl7.org/fhir/usage-context-type", 
                        "code": "age"
                    }, 
                    "valueCodeableConcept": {
                        "coding": [
                            {
                                "system": "https://meshb.nlm.nih.gov", 
                                "code": "D000328", 
                                "display": "Adult"
                            }
                        ]
                    }
                }, 
                {
                    "code": {
                        "system": "http://hl7.org/fhir/usage-context-type", 
                        "code": "focus"
                    }, 
                    "valueCodeableConcept": {
                        "coding": [
                            {
                                "system": "http://snomed.info/sct", 
                                "code": "87512008", 
                                "display": "Mild major depression"
                            }
                        ]
                    }
                }, 
                {
                    "code": {
                        "system": "http://hl7.org/fhir/usage-context-type", 
                        "code": "focus"
                    }, 
                    "valueCodeableConcept": {
                        "coding": [
                            {
                                "system": "http://snomed.info/sct", 
                                "code": "40379007", 
                                "display": "Major depression, recurrent, mild"
                            }
                        ]
                    }
                }, 
                {
                    "code": {
                        "system": "http://hl7.org/fhir/usage-context-type", 
                        "code": "focus"
                    }, 
                    "valueCodeableConcept": {
                        "coding": [
                            {
                                "system": "http://snomed.info/sct", 
                                "code": "225444004", 
                                "display": "At risk for suicide (finding)"
                            }
                        ]
                    }
                }, 
                {
                    "code": {
                        "system": "http://hl7.org/fhir/usage-context-type", 
                        "code": "focus"
                    }, 
                    "valueCodeableConcept": {
                        "coding": [
                            {
                                "system": "http://snomed.info/sct", 
                                "code": "306206005", 
                                "display": "Referral to service (procedure)"
                            }
                        ]
                    }
                }, 
                {
                    "code": {
                        "system": "http://hl7.org/fhir/usage-context-type", 
                        "code": "user"
                    }, 
                    "valueCodeableConcept": {
                        "coding": [
                            {
                                "system": "http://snomed.info/sct", 
                                "code": "309343006", 
                                "display": "Physician"
                            }
                        ]
                    }
                }, 
                {
                    "code": {
                        "system": "http://hl7.org/fhir/usage-context-type", 
                        "code": "venue"
                    }, 
                    "valueCodeableConcept": {
                        "coding": [
                            {
                                "system": "http://snomed.info/sct", 
                                "code": "440655000", 
                                "display": "Outpatient environment"
                            }
                        ]
                    }
                }
            ], 
            "jurisdiction": [
                {
                    "coding": [
                        {
                            "system": "urn:iso:std:iso:3166", 
                            "code": "US"
                        }
                    ]
                }
            ], 
            "topic": [
                {
                    "text": "Mental Health Referral"
                }
            ], 
            "contributor": [
                {
                    "type": "author", 
                    "name": "Motive Medical Intelligence", 
                    "contact": [
                        {
                            "telecom": [
                                {
                                    "system": "phone", 
                                    "value": "415-362-4007", 
                                    "use": "work"
                                }, 
                                {
                                    "system": "email", 
                                    "value": "info@motivemi.com", 
                                    "use": "work"
                                }
                            ]
                        }
                    ]
                }
            ], 
            "contact": [
                {
                    "telecom": [
                        {
                            "system": "phone", 
                            "value": "415-362-4007", 
                            "use": "work"
                        }, 
                        {
                            "system": "email", 
                            "value": "info@motivemi.com", 
                            "use": "work"
                        }
                    ]
                }
            ], 
            "copyright": "\u00a9 Copyright 2016 Motive Medical Intelligence. All rights reserved.", 
            "relatedArtifact": [
                {
                    "type": "citation", 
                    "display": "Practice Guideline for the Treatment of Patients with Major Depressive Disorder", 
                    "url": "http://psychiatryonline.org/pb/assets/raw/sitewide/practice_guidelines/guidelines/mdd.pdf"
                }, 
                {
                    "type": "predecessor", 
                    "resource": {
                        "reference": "ActivityDefinition/referralPrimaryCareMentalHealth-initial"
                    }
                }
            ], 
            "kind": "ReferralRequest", 
            "code": {
                "coding": [
                    {
                        "system": "http://snomed.info/sct", 
                        "code": "306206005"
                    }
                ], 
                "text": "Referral to service (procedure)"
            }, 
            "timingTiming": {
                "_event": [
                    {
                        "extension": [
                            {
                                "url": "http://hl7.org/fhir/StructureDefinition/cqif-cqlExpression", 
                                "valueString": "Now()"
                            }
                        ]
                    }
                ]
            }, 
            "participant": [
                {
                    "type": "practitioner"
                }
            ]
        }
    }, 
    "citalopramPrescription": {
        "summary": "Activity definition to prescribe citalopram to a patient", 
        "description": "Activity definition to prescribe citalopram to a patient", 
        "externalValue": "https://hl7.org/fhir/STU3/activitydefinition-medicationorder-example.json"
    }, 
    "administer-zika-virus-exposure-assessment": {
        "summary": "Definition for administering a Zika Virus Exposure assessment", 
        "description": "Definition for administering a Zika Virus Exposure assessment", 
        "externalValue": "https://hl7.org/fhir/STU3/activitydefinition-administer-zika-virus-exposure-assessment.json"
    }, 
    "serum-zika-dengue-virus-igm": {
        "summary": "Definition for ordering a Serum Zika and Dengue Virus IgM Antibody Diagnostic", 
        "description": "Definition for ordering a Serum Zika and Dengue Virus IgM Antibody Diagnostic", 
        "externalValue": "https://hl7.org/fhir/STU3/activitydefinition-order-serum-zika-dengue-virus-igm.json"
    }, 
    "provide-mosquito-prevention-advice": {
        "summary": "Definition for providing mosquito prevention advice", 
        "description": "Definition for providing mosquito prevention advice", 
        "externalValue": "https://hl7.org/fhir/STU3/activitydefinition-provide-mosquito-prevention-advice.json"
    }, 
    "heart-valve-replacement": {
        "summary": "Definition for heart valve replacement procedure request", 
        "description": "Definition for heart valve replacement procedure request", 
        "externalValue": "https://hl7.org/fhir/STU3/activitydefinition-procedurerequest-example.json"
    }, 
    "blood-tubes-supply": {
        "summary": "Definition for blood collection tubes supply", 
        "description": "Definition for blood collection tubes supply", 
        "externalValue": "https://hl7.org/fhir/STU3/activitydefinition-supplyrequest-example.json"
    }, 
    "referralPrimaryCareMentalHealth-initial": {
        "summary": "Example of a predecessor/successor relationship", 
        "description": "Example of a predecessor/successor relationship", 
        "externalValue": "https://hl7.org/fhir/STU3/activitydefinition-predecessor-example.json"
    }, 
    "serum-dengue-virus-igm": {
        "summary": "Definition for ordering a Serum Dengue Virus IgM Antibody Diagnostic", 
        "description": "Definition for ordering a Serum Dengue Virus IgM Antibody Diagnostic", 
        "externalValue": "https://hl7.org/fhir/STU3/activitydefinition-order-serum-dengue-virus-igm.json"
    }
}