{
    "fetus": {
        "summary": "This example demonstrates using the bodysite resource to identify a fetus within systems that choose not to treat a fetus as a Patient", 
        "description": "This example demonstrates using the bodysite resource to identify a fetus within systems that choose not to treat a fetus as a Patient", 
        "externalValue": "https://hl7.org/fhir/STU3/bodysite-example-fetus.json"
    }, 
    "tumor": {
        "summary": "This example demonstrates using the bodysite resource to identify a specific tumor or lesion that will have multiple observations and/or procedures performed on it over time", 
        "description": "This example demonstrates using the bodysite resource to identify a specific tumor or lesion that will have multiple observations and/or procedures performed on it over time", 
        "externalValue": "https://hl7.org/fhir/STU3/bodysite-example-tumor.json"
    }, 
    "example": {
        "summary": "This example demonstrates using the bodysite resource to identify skin patches or other portions of a person or animal that are a focus of a clinical trial and that are subject to repeated observations and/or procedures over time", 
        "description": "This example demonstrates using the bodysite resource to identify skin patches or other portions of a person or animal that are a focus of a clinical trial and that are subject to repeated observations and/or procedures over time", 
        "value": {
            "resourceType": "BodySite", 
            "id": "skin-patch", 
            "text": {
                "status": "generated", 
                "div": "<div xmlns=\"http://www.w3.org/1999/xhtml\"><p><b>Generated Narrative with Details</b></p><p><b>id</b>: skin-patch</p><p><b>identifier</b>: 12345</p><p><b>active</b>: false</p><p><b>code</b>: Skin patch <span>(Details : {SNOMED CT code '39937001' = 'Skin', given as 'Skin structure (body structure)'})</span></p><p><b>description</b>: inner surface (volar) of the left forearm</p><p><b>patient</b>: <a>Patient/example</a></p></div>"
            }, 
            "identifier": [
                {
                    "system": "http://goodhealth.org/bodysite/identifiers", 
                    "value": "12345"
                }
            ], 
            "active": false, 
            "code": {
                "coding": [
                    {
                        "system": "http://snomed.info/sct", 
                        "code": "39937001", 
                        "display": "Skin structure (body structure)"
                    }
                ], 
                "text": "Skin patch"
            }, 
            "description": "inner surface (volar) of the left forearm", 
            "patient": {
                "reference": "Patient/example"
            }
        }
    }
}