{
    "bundle-example": {
        "summary": "An example of a search response", 
        "description": "An example of a search response", 
        "value": {
            "resourceType": "Bundle", 
            "id": "bundle-example", 
            "meta": {
                "lastUpdated": "2014-08-18T01:43:30Z"
            }, 
            "type": "searchset", 
            "total": 3, 
            "link": [
                {
                    "relation": "self", 
                    "url": "https://example.com/base/MedicationRequest?patient=347&_include=MedicationRequest.medication"
                }, 
                {
                    "relation": "next", 
                    "url": "https://example.com/base/MedicationRequest?patient=347&searchId=ff15fd40-ff71-4b48-b366-09c706bed9d0&page=2"
                }
            ], 
            "entry": [
                {
                    "fullUrl": "https://example.com/base/MedicationRequest/3123", 
                    "resource": {
                        "resourceType": "MedicationRequest", 
                        "id": "3123", 
                        "text": {
                            "status": "generated", 
                            "div": "<div xmlns=\"http://www.w3.org/1999/xhtml\"><p><b>Generated Narrative with Details</b></p><p><b>id</b>: 3123</p><p><b>intent</b>: order</p><p><b>medication</b>: <a>Medication/example</a></p><p><b>subject</b>: <a>Patient/347</a></p></div>"
                        }, 
                        "intent": "order", 
                        "medicationReference": {
                            "reference": "Medication/example"
                        }, 
                        "subject": {
                            "reference": "Patient/347"
                        }
                    }, 
                    "search": {
                        "mode": "match", 
                        "score": 1
                    }
                }, 
                {
                    "fullUrl": "https://example.com/base/Medication/example", 
                    "resource": {
                        "resourceType": "Medication", 
                        "id": "example", 
                        "text": {
                            "status": "generated", 
                            "div": "<div xmlns=\"http://www.w3.org/1999/xhtml\"><p><b>Generated Narrative with Details</b></p><p><b>id</b>: example</p></div>"
                        }
                    }, 
                    "search": {
                        "mode": "include"
                    }
                }
            ]
        }
    }, 
    "bundle-transaction": {
        "summary": "An example transaction", 
        "description": "An example transaction", 
        "externalValue": "https://hl7.org/fhir/STU3/bundle-transaction.json"
    }, 
    "bundle-response": {
        "summary": "Response for the example transaction", 
        "description": "Response for the example transaction", 
        "externalValue": "https://hl7.org/fhir/STU3/bundle-response.json"
    }, 
    "bundle-request-medsallergies": {
        "summary": "Retrieve a patients medications, allergies, problems and immunizations", 
        "description": "Retrieve a patients medications, allergies, problems and immunizations", 
        "externalValue": "https://hl7.org/fhir/STU3/bundle-request-medsallergies.json"
    }, 
    "bundle-response-medsallergies": {
        "summary": "Response for Retrieve a patients medications, allergies, problems and immunizations", 
        "description": "Response for Retrieve a patients medications, allergies, problems and immunizations", 
        "externalValue": "https://hl7.org/fhir/STU3/bundle-response-medsallergies.json"
    }, 
    "bundle-request-simplesummary": {
        "summary": "Retrieve a\u00a0patient\u2019s\u00a0conditions, medication statements and blood pressure readings since a given date", 
        "description": "Retrieve a\u00a0patient\u2019s\u00a0conditions, medication statements and blood pressure readings since a given date", 
        "externalValue": "https://hl7.org/fhir/STU3/bundle-request-simplesummary.json"
    }, 
    "bundle-response-simplesummary": {
        "summary": "Response for Retrieve a patient\u2019s conditions, medication statements and blood pressure readings since a given date", 
        "description": "Response for Retrieve a patient\u2019s conditions, medication statements and blood pressure readings since a given date", 
        "externalValue": "https://hl7.org/fhir/STU3/bundle-response-simplesummary.json"
    }
}