{
    "example": {
        "summary": "General Person Example", 
        "description": "General Person Example", 
        "value": {
            "resourceType": "CarePlan", 
            "id": "example", 
            "text": {
                "status": "additional", 
                "div": "<div xmlns=\"http://www.w3.org/1999/xhtml\">\n      <p> A simple care plan to indicate a patient taking their weight once a day because of obesity.</p>\n    </div>"
            }, 
            "contained": [
                {
                    "resourceType": "Condition", 
                    "id": "p1", 
                    "clinicalStatus": "active", 
                    "verificationStatus": "confirmed", 
                    "code": {
                        "text": "Obesity"
                    }, 
                    "subject": {
                        "reference": "Patient/example", 
                        "display": "Peter James Chalmers"
                    }
                }
            ], 
            "identifier": [
                {
                    "value": "12345"
                }
            ], 
            "definition": [
                {
                    "display": "A PlanDefinition protocol for obesity"
                }
            ], 
            "basedOn": [
                {
                    "display": "Management of Type 2 Diabetes"
                }
            ], 
            "replaces": [
                {
                    "display": "Plan from urgent care clinic"
                }
            ], 
            "partOf": [
                {
                    "display": "Overall wellness plan"
                }
            ], 
            "status": "active", 
            "intent": "plan", 
            "category": [
                {
                    "text": "Weight management plan"
                }
            ], 
            "description": "Manage obesity and weight loss", 
            "subject": {
                "reference": "Patient/example", 
                "display": "Peter James Chalmers"
            }, 
            "context": {
                "reference": "Encounter/home"
            }, 
            "period": {
                "end": "2017-06-01"
            }, 
            "author": [
                {
                    "reference": "Practitioner/example", 
                    "display": "Dr Adam Careful"
                }
            ], 
            "careTeam": [
                {
                    "reference": "CareTeam/example"
                }
            ], 
            "addresses": [
                {
                    "reference": "#p1", 
                    "display": "obesity"
                }
            ], 
            "goal": [
                {
                    "reference": "Goal/example"
                }
            ], 
            "activity": [
                {
                    "outcomeCodeableConcept": [
                        {
                            "coding": [
                                {
                                    "system": "http://snomed.info/sct", 
                                    "code": "161832001", 
                                    "display": "Progressive weight loss"
                                }
                            ]
                        }
                    ], 
                    "outcomeReference": [
                        {
                            "reference": "Observation/example", 
                            "display": "Weight Measured"
                        }
                    ], 
                    "detail": {
                        "category": {
                            "coding": [
                                {
                                    "system": "http://hl7.org/fhir/care-plan-activity-category", 
                                    "code": "observation"
                                }
                            ]
                        }, 
                        "code": {
                            "coding": [
                                {
                                    "system": "http://loinc.org", 
                                    "code": "3141-9", 
                                    "display": "Weight Measured"
                                }, 
                                {
                                    "system": "http://snomed.info/sct", 
                                    "code": "27113001", 
                                    "display": "Body weight"
                                }
                            ]
                        }, 
                        "status": "completed", 
                        "statusReason": "Achieved weight loss to mitigate diabetes risk.", 
                        "prohibited": false, 
                        "scheduledTiming": {
                            "repeat": {
                                "frequency": 1, 
                                "period": 1, 
                                "periodUnit": "d"
                            }
                        }, 
                        "location": {
                            "display": "Patient's home"
                        }, 
                        "performer": [
                            {
                                "reference": "Patient/example", 
                                "display": "Peter James Chalmers"
                            }
                        ]
                    }
                }
            ]
        }
    }, 
    "preg": {
        "summary": "Patient 1 for linking", 
        "description": "Patient 1 for linking", 
        "externalValue": "https://hl7.org/fhir/STU3/careplan-example-pregnancy.json"
    }, 
    "integrate": {
        "summary": "Simple integrated care plan with multiple goals & conditions (from Mayo)", 
        "description": "Simple integrated care plan with multiple goals & conditions (from Mayo)", 
        "externalValue": "https://hl7.org/fhir/STU3/careplan-example-integrated.json"
    }, 
    "gpvisit": {
        "summary": "Encounter to GP (Primary care Practitioner)", 
        "description": "Encounter to GP (Primary care Practitioner)", 
        "externalValue": "https://hl7.org/fhir/STU3/careplan-example-GPVisit.json"
    }, 
    "f001": {
        "summary": "Real-world patient example", 
        "description": "Real-world patient example", 
        "externalValue": "https://hl7.org/fhir/STU3/careplan-example-f001-heart.json"
    }, 
    "f002": {
        "summary": "Real-world patient example", 
        "description": "Real-world patient example", 
        "externalValue": "https://hl7.org/fhir/STU3/careplan-example-f002-lung.json"
    }, 
    "f003": {
        "summary": "Real-world patient example", 
        "description": "Real-world patient example", 
        "externalValue": "https://hl7.org/fhir/STU3/careplan-example-f003-pharynx.json"
    }, 
    "f201": {
        "summary": "Real-world patient example", 
        "description": "Real-world patient example", 
        "externalValue": "https://hl7.org/fhir/STU3/careplan-example-f201-renal.json"
    }, 
    "f202": {
        "summary": "Real-world patient example", 
        "description": "Real-world patient example", 
        "externalValue": "https://hl7.org/fhir/STU3/careplan-example-f202-malignancy.json"
    }, 
    "f203": {
        "summary": "Real-world patient example", 
        "description": "Real-world patient example", 
        "externalValue": "https://hl7.org/fhir/STU3/careplan-example-f203-sepsis.json"
    }, 
    "obesity-narrative": {
        "summary": "Care plan to address obesity that is primarily narrative", 
        "description": "Care plan to address obesity that is primarily narrative", 
        "externalValue": "https://hl7.org/fhir/STU3/careplan-example-obesity-narrative.json"
    }
}