{
    "103": {
        "summary": "SNOMED CT / ICD-10 mapping example", 
        "description": "SNOMED CT / ICD-10 mapping example", 
        "externalValue": "https://hl7.org/fhir/STU3/conceptmap-103.json"
    }, 
    "102": {
        "summary": "Specimen Type v2 -> SNOMED CT Mapping", 
        "description": "Specimen Type v2 -> SNOMED CT Mapping", 
        "externalValue": "https://hl7.org/fhir/STU3/conceptmap-example-specimen-type.json"
    }, 
    "example2": {
        "summary": "Additional ConceptMap Example", 
        "description": "Additional ConceptMap Example", 
        "externalValue": "https://hl7.org/fhir/STU3/conceptmap-example-2.json"
    }, 
    "example": {
        "summary": "General ConceptMap Example", 
        "description": "General ConceptMap Example", 
        "value": {
            "resourceType": "ConceptMap", 
            "id": "101", 
            "text": {
                "status": "generated", 
                "div": "<div xmlns=\"http://www.w3.org/1999/xhtml\">\n      <h2>FHIR-v3-Address-Use (http://hl7.org/fhir/ConceptMap/101)</h2>\n      <p>Mapping from \n        <a href=\"valueset-address-use.html\">http://hl7.org/fhir/ValueSet/address-use</a> to \n        <a href=\"v3/AddressUse/vs.html\">http://hl7.org/fhir/ValueSet/v3-AddressUse</a>\n      </p>\n      <p>DRAFT (not intended for production usage). Published on 13/06/2012 by HL7, Inc (FHIR project team (example): \n        <a href=\"http://hl7.org/fhir\">http://hl7.org/fhir</a>). Creative Commons 0\n      </p>\n      <div>\n        <p>A mapping between the FHIR and HL7 v3 AddressUse Code systems</p>\n\n      </div>\n      <br/>\n      <table class=\"grid\">\n        <tr>\n          <td>\n            <b>Source Code</b>\n          </td>\n          <td>\n            <b>Equivalence</b>\n          </td>\n          <td>\n            <b>Destination Code</b>\n          </td>\n          <td>\n            <b>Comment</b>\n          </td>\n        </tr>\n        <tr>\n          <td>home (Home)</td>\n          <td/>\n          <td>H (home address)</td>\n          <td/>\n        </tr>\n        <tr>\n          <td>work (Work)</td>\n          <td/>\n          <td>WP (work place)</td>\n          <td/>\n        </tr>\n        <tr>\n          <td>temp (Temporary)</td>\n          <td/>\n          <td>TMP (temporary address)</td>\n          <td/>\n        </tr>\n        <tr>\n          <td>old (Old / Incorrect)</td>\n          <td>disjoint</td>\n          <td>BAD (bad address)</td>\n          <td>In the HL7 v3 AD, old is handled by the usablePeriod element, but you have to provide a time, there's no simple equivalent of flagging an address as old</td>\n        </tr>\n      </table>\n    </div>"
            }, 
            "url": "http://hl7.org/fhir/ConceptMap/101", 
            "identifier": {
                "system": "urn:ietf:rfc:3986", 
                "value": "urn:uuid:53cd62ee-033e-414c-9f58-3ca97b5ffc3b"
            }, 
            "version": "20120613", 
            "name": "FHIR-v3-Address-Use", 
            "title": "FHIR/v3 Address Use Mapping", 
            "status": "draft", 
            "experimental": true, 
            "date": "2012-06-13", 
            "publisher": "HL7, Inc", 
            "contact": [
                {
                    "name": "FHIR project team (example)", 
                    "telecom": [
                        {
                            "system": "url", 
                            "value": "http://hl7.org/fhir"
                        }
                    ]
                }
            ], 
            "description": "A mapping between the FHIR and HL7 v3 AddressUse Code systems", 
            "useContext": [
                {
                    "code": {
                        "system": "http://hl7.org/fhir/usage-context-type", 
                        "code": "venue"
                    }, 
                    "valueCodeableConcept": {
                        "text": "for CDA Usage"
                    }
                }
            ], 
            "purpose": "To help implementers map from HL7 v3/CDA to FHIR", 
            "copyright": "Creative Commons 0", 
            "sourceUri": "http://hl7.org/fhir/ValueSet/address-use", 
            "targetUri": "http://hl7.org/fhir/ValueSet/v3-AddressUse", 
            "group": [
                {
                    "source": "http://hl7.org/fhir/address-use", 
                    "target": "http://hl7.org/fhir/v3/AddressUse", 
                    "element": [
                        {
                            "code": "home", 
                            "display": "home", 
                            "target": [
                                {
                                    "code": "H", 
                                    "display": "home"
                                }
                            ]
                        }, 
                        {
                            "code": "work", 
                            "display": "work", 
                            "target": [
                                {
                                    "code": "WP", 
                                    "display": "work place"
                                }
                            ]
                        }, 
                        {
                            "code": "temp", 
                            "display": "temp", 
                            "target": [
                                {
                                    "code": "TMP", 
                                    "display": "temporary address"
                                }
                            ]
                        }, 
                        {
                            "code": "old", 
                            "display": "old", 
                            "target": [
                                {
                                    "code": "BAD", 
                                    "display": "bad address", 
                                    "equivalence": "disjoint", 
                                    "comment": "In the HL7 v3 AD, old is handled by the usablePeriod element, but you have to provide a time, there's no simple equivalent of flagging an address as old"
                                }
                            ]
                        }
                    ], 
                    "unmapped": {
                        "mode": "fixed", 
                        "code": "temp", 
                        "display": "temp"
                    }
                }
            ]
        }
    }
}