{
    "example": {
        "summary": "General Condition Example", 
        "description": "General Condition Example", 
        "value": {
            "resourceType": "Condition", 
            "id": "example", 
            "text": {
                "status": "generated", 
                "div": "<div xmlns=\"http://www.w3.org/1999/xhtml\">Severe burn of left ear (Date: 24-May 2012)</div>"
            }, 
            "clinicalStatus": "active", 
            "verificationStatus": "confirmed", 
            "category": [
                {
                    "coding": [
                        {
                            "system": "http://hl7.org/fhir/condition-category", 
                            "code": "encounter-diagnosis", 
                            "display": "Encounter Diagnosis"
                        }, 
                        {
                            "system": "http://snomed.info/sct", 
                            "code": "439401001", 
                            "display": "Diagnosis"
                        }
                    ]
                }
            ], 
            "severity": {
                "coding": [
                    {
                        "system": "http://snomed.info/sct", 
                        "code": "24484000", 
                        "display": "Severe"
                    }
                ]
            }, 
            "code": {
                "coding": [
                    {
                        "system": "http://snomed.info/sct", 
                        "code": "39065001", 
                        "display": "Burn of ear"
                    }
                ], 
                "text": "Burnt Ear"
            }, 
            "bodySite": [
                {
                    "coding": [
                        {
                            "system": "http://snomed.info/sct", 
                            "code": "49521004", 
                            "display": "Left external ear structure"
                        }
                    ], 
                    "text": "Left Ear"
                }
            ], 
            "subject": {
                "reference": "Patient/example"
            }, 
            "onsetDateTime": "2012-05-24"
        }
    }, 
    "example2": {
        "summary": "2nd Example", 
        "description": "2nd Example", 
        "externalValue": "https://hl7.org/fhir/STU3/condition-example2.json"
    }, 
    "f201": {
        "summary": "Real-word condition example (fever)", 
        "description": "Real-word condition example (fever)", 
        "externalValue": "https://hl7.org/fhir/STU3/condition-example-f201-fever.json"
    }, 
    "f202": {
        "summary": "Real-word condition example (malignancy)", 
        "description": "Real-word condition example (malignancy)", 
        "externalValue": "https://hl7.org/fhir/STU3/condition-example-f202-malignancy.json"
    }, 
    "f203": {
        "summary": "Real-word condition example (sepsis)", 
        "description": "Real-word condition example (sepsis)", 
        "externalValue": "https://hl7.org/fhir/STU3/condition-example-f203-sepsis.json"
    }, 
    "f204": {
        "summary": "Real-word condition example (renal insufficiency)", 
        "description": "Real-word condition example (renal insufficiency)", 
        "externalValue": "https://hl7.org/fhir/STU3/condition-example-f204-renal.json"
    }, 
    "f205": {
        "summary": "Real-word condition example (Bacterial Infection)", 
        "description": "Real-word condition example (Bacterial Infection)", 
        "externalValue": "https://hl7.org/fhir/STU3/condition-example-f205-infection.json"
    }, 
    "f001": {
        "summary": "Real-word condition example (heart)", 
        "description": "Real-word condition example (heart)", 
        "externalValue": "https://hl7.org/fhir/STU3/condition-example-f001-heart.json"
    }, 
    "f002": {
        "summary": "Real-word condition example (lung)", 
        "description": "Real-word condition example (lung)", 
        "externalValue": "https://hl7.org/fhir/STU3/condition-example-f002-lung.json"
    }, 
    "f003": {
        "summary": "Real-word condition example (abscess)", 
        "description": "Real-word condition example (abscess)", 
        "externalValue": "https://hl7.org/fhir/STU3/condition-example-f003-abscess.json"
    }, 
    "stroke": {
        "summary": "Stroke example (for prognosis)", 
        "description": "Stroke example (for prognosis)", 
        "externalValue": "https://hl7.org/fhir/STU3/condition-example-stroke.json"
    }, 
    "family-history": {
        "summary": "Family history concern", 
        "description": "Family history concern", 
        "externalValue": "https://hl7.org/fhir/STU3/condition-example-family-history.json"
    }
}