{
  "resourceType": "Consent",
  "id": "consent-example-basic",
  "text": {
    "status": "generated",
    "div": "<div xmlns=\"http://www.w3.org/1999/xhtml\">\n    <p>\n\tAuthorize Normal access for Treatment\n\t</p><p>\n    Patient &quot;P. van de Heuvel&quot; wishes to have all of the PHI collected at the Good Health Psychiatric Hospital \n   available for normal treatment use.\n   </p>\n   </div>"
  },
  "status": "active",
  "patient": {
    "reference": "Patient/f001",
    "display": "P. van de Heuvel"
  },
  "period": {
    "start": "1964-01-01",
    "end": "2016-01-01"
  },
  "dateTime": "2016-05-11",
  "organization": [
    {
      "reference": "Organization/Infoway",
      "display": "Canada Infoway"
    }
  ],
  "sourceAttachment": {
    "title": "The terms of the consent in lawyer speak."
  },
  "policyRule": "http://goodhealth.org/consent/policy/opt-in"
}