{
    "C-123": {
        "summary": "General Contract Example", 
        "description": "General Contract Example", 
        "value": {
            "resourceType": "Contract", 
            "id": "C-123", 
            "text": {
                "status": "generated", 
                "div": "<div xmlns=\"http://www.w3.org/1999/xhtml\">A human-readable rendering of the contract</div>"
            }, 
            "identifier": {
                "system": "http://happyvalley.com/contract", 
                "value": "12347"
            }
        }
    }, 
    "pcd-example-notOrg": {
        "summary": "ConsentDirective Example", 
        "description": "ConsentDirective Example", 
        "externalValue": "https://hl7.org/fhir/STU3/pcd-example-notOrg.json"
    }, 
    "pcd-example-notThem": {
        "summary": "ConsentDirective Example", 
        "description": "ConsentDirective Example", 
        "externalValue": "https://hl7.org/fhir/STU3/pcd-example-notThem.json"
    }, 
    "pcd-example-notThis": {
        "summary": "ConsentDirective Example", 
        "description": "ConsentDirective Example", 
        "externalValue": "https://hl7.org/fhir/STU3/pcd-example-notThis.json"
    }, 
    "pcd-example-notAuthor": {
        "summary": "ConsentDirective Example", 
        "description": "ConsentDirective Example", 
        "externalValue": "https://hl7.org/fhir/STU3/pcd-example-notAuthor.json"
    }, 
    "pcd-example-notLabs": {
        "summary": "ConsentDirective Example", 
        "description": "ConsentDirective Example", 
        "externalValue": "https://hl7.org/fhir/STU3/pcd-example-notLabs.json"
    }, 
    "C-2121": {
        "summary": "42 CFR Part 2 Consent Directive", 
        "description": "42 CFR Part 2 Consent Directive", 
        "externalValue": "https://hl7.org/fhir/STU3/contract-example-42cfr-part2.json"
    }
}