{
    "example": {
        "summary": "Wheelchair assignment", 
        "description": "Wheelchair assignment", 
        "value": {
            "resourceType": "DeviceRequest", 
            "id": "example", 
            "text": {
                "status": "generated", 
                "div": "<div xmlns=\"http://www.w3.org/1999/xhtml\"><p><b>Generated Narrative with Details</b></p><p><b>id</b>: example</p><p><b>status</b>: completed</p><p><b>intent</b>: original-order <span>(Details : {[not stated] code 'original-order' = 'original-order)</span></p><p><b>code</b>: <a>Device/example</a></p><p><b>subject</b>: <a>Patient/example</a></p></div>"
            }, 
            "status": "completed", 
            "intent": {
                "coding": [
                    {
                        "code": "original-order"
                    }
                ]
            }, 
            "codeReference": {
                "reference": "Device/example"
            }, 
            "subject": {
                "reference": "Patient/example"
            }
        }
    }, 
    "insulinpump": {
        "summary": "Insulin Pump request", 
        "description": "Insulin Pump request", 
        "externalValue": "https://hl7.org/fhir/STU3/devicerequest-example-insulinpump.json"
    }
}