{
  "resourceType": "Device",
  "id": "example",
  "text": {
    "status": "generated",
    "div": "<div xmlns=\"http://www.w3.org/1999/xhtml\"><p><b>Generated Narrative with Details</b></p><p><b>id</b>: example</p><p><b>identifier</b>: 345675, Serial Number = AMID-342135-8464</p><p><b>status</b>: active</p><p><b>type</b>: ECG <span>(Details : {SNOMED CT code '86184003' = 'Electrocardiographic monitor and recorder', given as 'Electrocardiographic monitor and recorder'})</span></p><p><b>lotNumber</b>: 43453424</p><p><b>manufacturer</b>: Acme Devices, Inc</p><p><b>model</b>: AB 45-J</p><p><b>contact</b>: ph: ext 4352</p><p><b>note</b>: QA Checked</p></div>"
  },
  "identifier": [
    {
      "system": "http://goodcare.org/devices/id",
      "value": "345675"
    },
    {
      "type": {
        "coding": [
          {
            "system": "http://hl7.org/fhir/identifier-type",
            "code": "SNO"
          }
        ],
        "text": "Serial Number"
      },
      "value": "AMID-342135-8464"
    }
  ],
  "status": "active",
  "type": {
    "coding": [
      {
        "system": "http://snomed.info/sct",
        "code": "86184003",
        "display": "Electrocardiographic monitor and recorder"
      }
    ],
    "text": "ECG"
  },
  "lotNumber": "43453424",
  "manufacturer": "Acme Devices, Inc",
  "model": "AB 45-J",
  "contact": [
    {
      "system": "phone",
      "value": "ext 4352"
    }
  ],
  "note": [
    {
      "authorReference": {
        "reference": "Practitioner/xcda-author"
      },
      "time": "2015-06-28T14:03:32+10:00",
      "text": "QA Checked"
    }
  ]
}