{
    "E2501": {
        "summary": "General Person Primary Coverage  with Benefit Details", 
        "description": "General Person Primary Coverage  with Benefit Details", 
        "externalValue": "https://hl7.org/fhir/STU3/eligibilityresponse-example-benefits.json"
    }, 
    "E2502": {
        "summary": "General Person Primary Coverage  with Benefit Details  and new insurance", 
        "description": "General Person Primary Coverage  with Benefit Details  and new insurance", 
        "externalValue": "https://hl7.org/fhir/STU3/eligibilityresponse-example-benefits-2.json"
    }, 
    "E2503": {
        "summary": "General Person Primary Coverage  with error", 
        "description": "General Person Primary Coverage  with error", 
        "externalValue": "https://hl7.org/fhir/STU3/eligibilityresponse-example-error.json"
    }, 
    "example": {
        "summary": "General Person Primary Coverage Example", 
        "description": "General Person Primary Coverage Example", 
        "value": {
            "resourceType": "EligibilityResponse", 
            "id": "E2500", 
            "text": {
                "status": "generated", 
                "div": "<div xmlns=\"http://www.w3.org/1999/xhtml\">A human-readable rendering of the EligibilityResponse.</div>"
            }, 
            "identifier": [
                {
                    "system": "http://www.BenefitsInc.com/fhir/eligibilityresponse", 
                    "value": "881234"
                }
            ], 
            "status": "active", 
            "created": "2014-08-16", 
            "request": {
                "reference": "http://www.BenefitsInc.com/fhir/eligibility/225476332402"
            }, 
            "outcome": {
                "coding": [
                    {
                        "system": "http://hl7.org/fhir/remittance-outcome", 
                        "code": "complete"
                    }
                ]
            }, 
            "disposition": "Policy is currently in-force.", 
            "insurer": {
                "reference": "Organization/2"
            }, 
            "inforce": true
        }
    }
}