{
    "example": {
        "summary": "Example of guidanceresponse", 
        "description": "Example of guidanceresponse", 
        "value": {
            "resourceType": "GuidanceResponse", 
            "id": "example", 
            "text": {
                "status": "generated", 
                "div": "<div xmlns=\"http://www.w3.org/1999/xhtml\"><p><b>Generated Narrative with Details</b></p><p><b>id</b>: example</p><p><b>contained</b>: </p><p><b>requestId</b>: guidanceRequest1</p><p><b>identifier</b>: guidanceResponse1</p><p><b>module</b>: <a>ServiceDefinition/example</a></p><p><b>status</b>: success</p><p><b>subject</b>: <a>Patient/example</a></p><p><b>context</b>: <a>Encounter/example</a></p><p><b>occurrenceDateTime</b>: 10/03/2017 4:02:00 PM</p><p><b>performer</b>: <a>Device/software</a></p><p><b>reason</b>: Guideline Appropriate Ordering Assessment <span>(Details )</span></p><p><b>outputParameters</b>: id: outputParameters1</p></div>"
            }, 
            "contained": [
                {
                    "resourceType": "Parameters", 
                    "id": "outputParameters1", 
                    "parameter": [
                        {
                            "name": "score", 
                            "valueDecimal": 7
                        }, 
                        {
                            "name": "item-assessed", 
                            "valueCodeableConcept": {
                                "coding": [
                                    {
                                        "system": "http://www.ama-assn.org/go/cpt", 
                                        "code": "70450", 
                                        "display": "CT, head, wo iv contrast"
                                    }
                                ]
                            }
                        }, 
                        {
                            "name": "device", 
                            "valueReference": {
                                "reference": "Device/software"
                            }
                        }, 
                        {
                            "name": "guideline-followed", 
                            "valueUri": "http://someguidelineprovider.org/radiology-appropriateness-guidelines.html"
                        }
                    ]
                }
            ], 
            "requestId": "guidanceRequest1", 
            "identifier": {
                "system": "http://example.org", 
                "value": "guidanceResponse1"
            }, 
            "module": {
                "reference": "ServiceDefinition/example"
            }, 
            "status": "success", 
            "subject": {
                "reference": "Patient/example"
            }, 
            "context": {
                "reference": "Encounter/example"
            }, 
            "occurrenceDateTime": "2017-03-10T16:02:00Z", 
            "performer": {
                "reference": "Device/software"
            }, 
            "reasonCodeableConcept": {
                "text": "Guideline Appropriate Ordering Assessment"
            }, 
            "outputParameters": {
                "reference": "#outputParameters1"
            }
        }
    }
}