{
    "example": {
        "summary": "Example of imagingmanifest", 
        "description": "Example of imagingmanifest", 
        "value": {
            "resourceType": "ImagingManifest", 
            "id": "example", 
            "text": {
                "status": "generated", 
                "div": "<div xmlns=\"http://www.w3.org/1999/xhtml\">A set of images to share accompanying an report document, including one SC image and two CT image</div>"
            }, 
            "identifier": {
                "value": "urn:oid:2.16.124.113543.6003.189642796.63084.16748.2599092901"
            }, 
            "patient": {
                "reference": "Patient/dicom"
            }, 
            "authoringTime": "2014-11-20T11:01:20-08:00", 
            "author": {
                "reference": "Practitioner/example"
            }, 
            "description": "1 SC image (screen snapshot) and 2 CT images to share a chest CT exam", 
            "study": [
                {
                    "uid": "urn:oid:2.16.124.113543.6003.189642796.63084.16749.2599092904", 
                    "imagingStudy": {
                        "reference": "ImagingStudy/example"
                    }, 
                    "endpoint": [
                        {
                            "reference": "Endpoint/example-iid"
                        }, 
                        {
                            "reference": "Endpoint/example-wadors"
                        }
                    ], 
                    "series": [
                        {
                            "uid": "urn:oid:2.16.124.113543.6003.189642796.63084.16750.2599092901", 
                            "endpoint": [
                                {
                                    "reference": "Endpoint/example-wadors"
                                }
                            ], 
                            "instance": [
                                {
                                    "sopClass": "urn:oid:1.2.840.10008.5.1.4.1.1.7", 
                                    "uid": "urn:oid:2.16.124.113543.6003.189642796.63084.16748.2599092902"
                                }
                            ]
                        }, 
                        {
                            "uid": "urn:oid:2.16.124.113543.6003.189642796.63084.16750.2599092902", 
                            "instance": [
                                {
                                    "sopClass": "urn:oid:1.2.840.10008.5.1.4.1.1.2", 
                                    "uid": "urn:oid:2.16.124.113543.6003.189642796.63084.16748.2599092903"
                                }, 
                                {
                                    "sopClass": "urn:oid:1.2.840.10008.5.1.4.1.1.2", 
                                    "uid": "urn:oid:2.16.124.113543.6003.189642796.63084.16748.2599092904"
                                }
                            ]
                        }
                    ]
                }
            ]
        }
    }
}