{
    "example": {
        "summary": "General List Example", 
        "description": "General List Example", 
        "value": {
            "resourceType": "List", 
            "id": "example", 
            "text": {
                "status": "generated", 
                "div": "<div xmlns=\"http://www.w3.org/1999/xhtml\">\n      <table>\n        <thead>\n          <tr>\n            <th>Condition</th>\n            <th>Severity</th>\n            <th>Date</th>\n            <th>Location</th>\n            <th>Status</th>\n          </tr>\n        </thead>\n        <tbody>\n          <tr>\n            <td>Burnt Ear</td>\n            <td>Severe</td>\n            <td>24-May 2012</td>\n            <td>Left Ear</td>\n            <td>deleted</td>\n          </tr>\n          <tr>\n            <td>Asthma</td>\n            <td>Mild</td>\n            <td>21-Nov 2012</td>\n            <td>--</td>\n            <td>added</td>\n          </tr>\n        </tbody>\n      </table>\n    </div>"
            }, 
            "identifier": [
                {
                    "system": "urn:uuid:a9fcea7c-fcdf-4d17-a5e0-f26dda030b59", 
                    "value": "23974652"
                }
            ], 
            "status": "current", 
            "mode": "changes", 
            "subject": {
                "reference": "Patient/example"
            }, 
            "encounter": {
                "reference": "Encounter/example"
            }, 
            "date": "2012-11-25T22:17:00+11:00", 
            "source": {
                "reference": "Patient/example"
            }, 
            "entry": [
                {
                    "flag": {
                        "text": "Deleted due to error"
                    }, 
                    "deleted": true, 
                    "item": {
                        "reference": "Condition/example"
                    }
                }, 
                {
                    "flag": {
                        "text": "Added"
                    }, 
                    "date": "2012-11-21", 
                    "item": {
                        "reference": "Condition/example2"
                    }
                }
            ]
        }
    }, 
    "example-empty": {
        "summary": "Empty List Example", 
        "description": "Empty List Example", 
        "externalValue": "https://hl7.org/fhir/STU3/list-example-empty.json"
    }, 
    "example-simple-empty": {
        "summary": "Empty List (no exception reason)", 
        "description": "Empty List (no exception reason)", 
        "externalValue": "https://hl7.org/fhir/STU3/list-example-simple-empty.json"
    }, 
    "med-list": {
        "summary": "Example Medication Change List", 
        "description": "Example Medication Change List", 
        "externalValue": "https://hl7.org/fhir/STU3/list-example-medlist.json"
    }, 
    "f201": {
        "summary": "Real-world patient example", 
        "description": "Real-world patient example", 
        "externalValue": "https://hl7.org/fhir/STU3/list-example-familyhistory-f201-roel.json"
    }, 
    "genetic": {
        "summary": "Simple genetic family member history", 
        "description": "Simple genetic family member history", 
        "externalValue": "https://hl7.org/fhir/STU3/list-example-familyhistory-genetics-profile.json"
    }, 
    "prognosis": {
        "summary": "Example for risk assessment", 
        "description": "Example for risk assessment", 
        "externalValue": "https://hl7.org/fhir/STU3/list-example-familyhistory-genetics-profile-annie.json"
    }, 
    "current-allergies": {
        "summary": "Example of current allergies list", 
        "description": "Example of current allergies list", 
        "externalValue": "https://hl7.org/fhir/STU3/list-example-allergies.json"
    }, 
    "example-double-cousin-relationship": {
        "summary": "Simple genetic pedigree tree example with double cousin replationship", 
        "description": "Simple genetic pedigree tree example with double cousin replationship", 
        "externalValue": "https://hl7.org/fhir/STU3/list-example-double-cousin-relationship-pedigree.json"
    }
}