{
    "medrx002": {
        "summary": "Order for a medication that includes the dosage of a prescription in text", 
        "description": "Order for a medication that includes the dosage of a prescription in text", 
        "value": {
            "resourceType": "MedicationRequest", 
            "id": "medrx002", 
            "text": {
                "status": "generated", 
                "div": "<div xmlns=\"http://www.w3.org/1999/xhtml\"><p><b>Generated Narrative with Details</b></p><p><b>id</b>: medrx002</p><p><b>identifier</b>: 12345 (OFFICIAL)</p><p><b>status</b>: active</p><p><b>intent</b>: order</p><p><b>medication</b>: <a>prescribed medication</a></p><p><b>subject</b>: <a>Donald Duck</a></p><p><b>context</b>: <a>encounter that leads to this prescription</a></p><p><b>authoredOn</b>: 01/03/2015</p><h3>Requesters</h3><table><tr><td>-</td><td><b>Agent</b></td><td><b>OnBehalfOf</b></td></tr><tr><td>*</td><td><a>Patrick Pump</a></td><td><a>Organization/f002</a></td></tr></table><p><b>reasonCode</b>: Essential hypertension (disorder) <span>(Details : {SNOMED CT code '59621000' = 'Essential hypertension', given as 'Essential hypertension (disorder)'})</span></p><p><b>dosageInstruction</b>: </p></div>"
            }, 
            "identifier": [
                {
                    "use": "official", 
                    "system": "http://www.bmc.nl/portal/prescriptions", 
                    "value": "12345"
                }
            ], 
            "status": "active", 
            "intent": "order", 
            "medicationReference": {
                "reference": "Medication/med0316", 
                "display": "prescribed medication"
            }, 
            "subject": {
                "reference": "Patient/pat1", 
                "display": "Donald Duck"
            }, 
            "context": {
                "reference": "Encounter/f001", 
                "display": "encounter that leads to this prescription"
            }, 
            "authoredOn": "2015-03-01", 
            "requester": {
                "agent": {
                    "reference": "Practitioner/f007", 
                    "display": "Patrick Pump"
                }, 
                "onBehalfOf": {
                    "reference": "Organization/f002"
                }
            }, 
            "reasonCode": [
                {
                    "coding": [
                        {
                            "system": "http://snomed.info/sct", 
                            "code": "59621000", 
                            "display": "Essential hypertension (disorder)"
                        }
                    ]
                }
            ], 
            "dosageInstruction": [
                {
                    "sequence": 1, 
                    "text": "Take one tablet daily as directed"
                }
            ]
        }
    }, 
    "medrx0302": {
        "summary": "Active Order with link to encounter, reasonCode, note multiple dosage lines, dispenseRequest and substitution - Azithromycin", 
        "description": "Active Order with link to encounter, reasonCode, note multiple dosage lines, dispenseRequest and substitution - Azithromycin", 
        "externalValue": "https://hl7.org/fhir/STU3/medicationrequest0302.json"
    }, 
    "medrx0301": {
        "summary": "Order with as needed (PRN) dosage with pre-condition - Oxycodone - active with reasonCode, note, dispenseRequest and substitution", 
        "description": "Order with as needed (PRN) dosage with pre-condition - Oxycodone - active with reasonCode, note, dispenseRequest and substitution", 
        "externalValue": "https://hl7.org/fhir/STU3/medicationrequest0301.json"
    }, 
    "medrx0303": {
        "summary": "Order for Tapering Dose - Prednisone - active with note and multiple DosageInstructions with boundsPeriod", 
        "description": "Order for Tapering Dose - Prednisone - active with note and multiple DosageInstructions with boundsPeriod", 
        "externalValue": "https://hl7.org/fhir/STU3/medicationrequest0303.json"
    }, 
    "medrx0304": {
        "summary": "Order for Oral Drops - Nystatin Suspension - completed - with Dispense Request", 
        "description": "Order for Oral Drops - Nystatin Suspension - completed - with Dispense Request", 
        "externalValue": "https://hl7.org/fhir/STU3/medicationrequest0304.json"
    }, 
    "medrx0305": {
        "summary": "Order with Dosage with a Pre-Condition - Alprazolam - dosageInstructions includes boundsPeriod with periodMax and asNeededCodeableConcept", 
        "description": "Order with Dosage with a Pre-Condition - Alprazolam - dosageInstructions includes boundsPeriod with periodMax and asNeededCodeableConcept", 
        "externalValue": "https://hl7.org/fhir/STU3/medicationrequest0305.json"
    }, 
    "medrx0306": {
        "summary": "Oral Chemotherapy Order - Myleran - completed - with reasonCode", 
        "description": "Oral Chemotherapy Order - Myleran - completed - with reasonCode", 
        "externalValue": "https://hl7.org/fhir/STU3/medicationrequest0306.json"
    }, 
    "medrx0307": {
        "summary": "Order with as needed (PRN) dosage - Percocet - completed with link to encounter, dispenseRequest and substitution", 
        "description": "Order with as needed (PRN) dosage - Percocet - completed with link to encounter, dispenseRequest and substitution", 
        "externalValue": "https://hl7.org/fhir/STU3/medicationrequest0307.json"
    }, 
    "medrx0308": {
        "summary": "Order for as needed (PRN) dosage - Vicodin - completed with dosageInstruction with additionalInstruction (coded) and as needed with reason, dispenseRequest and substitution", 
        "description": "Order for as needed (PRN) dosage - Vicodin - completed with dosageInstruction with additionalInstruction (coded) and as needed with reason, dispenseRequest and substitution", 
        "externalValue": "https://hl7.org/fhir/STU3/medicationrequest0308.json"
    }, 
    "medrx0309": {
        "summary": "Oral Chemotherapy Order - Capecitabine - active medication with dosing by Body Surface Area (BSA) (mg/m2)", 
        "description": "Oral Chemotherapy Order - Capecitabine - active medication with dosing by Body Surface Area (BSA) (mg/m2)", 
        "externalValue": "https://hl7.org/fhir/STU3/medicationrequest0309.json"
    }, 
    "medrx0310": {
        "summary": "Order for Over the Counter Medication - Tylenol PM - with dosage range as needed with pre-condition for use", 
        "description": "Order for Over the Counter Medication - Tylenol PM - with dosage range as needed with pre-condition for use", 
        "externalValue": "https://hl7.org/fhir/STU3/medicationrequest0310.json"
    }, 
    "medrx0311": {
        "summary": "Fully populated example of a MedicationRequest - Chlorthalidone - active - with link to encounter, reasonReference, note, dispenseRequest, substitution and eventHistory", 
        "description": "Fully populated example of a MedicationRequest - Chlorthalidone - active - with link to encounter, reasonReference, note, dispenseRequest, substitution and eventHistory", 
        "externalValue": "https://hl7.org/fhir/STU3/medicationrequestexample1.json"
    }, 
    "medrx0312": {
        "summary": "Liquid Medication - Phenytoin with link to prior prescription", 
        "description": "Liquid Medication - Phenytoin with link to prior prescription", 
        "externalValue": "https://hl7.org/fhir/STU3/medicationrequest0312.json"
    }, 
    "medrx0313": {
        "summary": "Order with a single dosage line - Azithromycin - completed - with link to prior prescription and reason code", 
        "description": "Order with a single dosage line - Azithromycin - completed - with link to prior prescription and reason code", 
        "externalValue": "https://hl7.org/fhir/STU3/medicationrequest0313.json"
    }, 
    "medrx0314": {
        "summary": "Order - Levothyroxine - completed with reasonCode, dosageInstructions and dispenseRequest", 
        "description": "Order - Levothyroxine - completed with reasonCode, dosageInstructions and dispenseRequest", 
        "externalValue": "https://hl7.org/fhir/STU3/medicationrequest0314.json"
    }, 
    "medrx0315": {
        "summary": "Order for an injectable medication - Lorazepam - active - with link to encounter, reasonCode and dosageInstruction", 
        "description": "Order for an injectable medication - Lorazepam - active - with link to encounter, reasonCode and dosageInstruction", 
        "externalValue": "https://hl7.org/fhir/STU3/medicationrequest0315.json"
    }, 
    "medrx0316": {
        "summary": "Order for Intravenous Chemotherapy (inpatient order) - Brentuximab Vedotin - completed", 
        "description": "Order for Intravenous Chemotherapy (inpatient order) - Brentuximab Vedotin - completed", 
        "externalValue": "https://hl7.org/fhir/STU3/medicationrequest0316.json"
    }, 
    "medrx0317": {
        "summary": "Order for Intravenous Chemotherapy (inpatient order) - Alemtuzumab - completed with multiple dosageInstruction lines", 
        "description": "Order for Intravenous Chemotherapy (inpatient order) - Alemtuzumab - completed with multiple dosageInstruction lines", 
        "externalValue": "https://hl7.org/fhir/STU3/medicationrequest0317.json"
    }, 
    "medrx0318": {
        "summary": "Order for Intravenous Antibiotic - Vancomycin - active - with link to encounter, reasonCode, and note", 
        "description": "Order for Intravenous Antibiotic - Vancomycin - active - with link to encounter, reasonCode, and note", 
        "externalValue": "https://hl7.org/fhir/STU3/medicationrequest0318.json"
    }, 
    "medrx0319": {
        "summary": "Order for Intravenous Antibiotic with a Dosage Rate - Piperacillin - completed with reason code", 
        "description": "Order for Intravenous Antibiotic with a Dosage Rate - Piperacillin - completed with reason code", 
        "externalValue": "https://hl7.org/fhir/STU3/medicationrequest0319.json"
    }, 
    "medrx0320": {
        "summary": "Order for Subcutaneous injection - Insulin - Lantus - completed, with reason code and dispense request", 
        "description": "Order for Subcutaneous injection - Insulin - Lantus - completed, with reason code and dispense request", 
        "externalValue": "https://hl7.org/fhir/STU3/medicationrequest0320.json"
    }, 
    "medrx0321": {
        "summary": "Order for Subcutaneous injection with multiple dosage lines - Insulin - Novolog - active - includes reasonCode and note.  Dosage includes additionalInstructions as text", 
        "description": "Order for Subcutaneous injection with multiple dosage lines - Insulin - Novolog - active - includes reasonCode and note.  Dosage includes additionalInstructions as text", 
        "externalValue": "https://hl7.org/fhir/STU3/medicationrequest0321.json"
    }, 
    "medrx0322": {
        "summary": "Order for Intravenous Admixture - Potassium Chloride in D5W - completed with reason code", 
        "description": "Order for Intravenous Admixture - Potassium Chloride in D5W - completed with reason code", 
        "externalValue": "https://hl7.org/fhir/STU3/medicationrequest0322.json"
    }, 
    "medrx0323": {
        "summary": "Order for TPN Solution - completed", 
        "description": "Order for TPN Solution - completed", 
        "externalValue": "https://hl7.org/fhir/STU3/medicationrequest0323.json"
    }, 
    "medrx0324": {
        "summary": "Order using Medication Code for Rectal Suppository - Acetaminophen - completed with reasonCode, dispenseRequest and substitution", 
        "description": "Order using Medication Code for Rectal Suppository - Acetaminophen - completed with reasonCode, dispenseRequest and substitution", 
        "externalValue": "https://hl7.org/fhir/STU3/medicationrequest0324.json"
    }, 
    "medrx0325": {
        "summary": "Order using Medication Code for Topical Ointment - Nystatin - on hold and with dispense request", 
        "description": "Order using Medication Code for Topical Ointment - Nystatin - on hold and with dispense request", 
        "externalValue": "https://hl7.org/fhir/STU3/medicationrequest0325.json"
    }, 
    "medrx0326": {
        "summary": "Order using Medication Code for Inhaler - Proventil - on hold with dispenseRequest and substitution", 
        "description": "Order using Medication Code for Inhaler - Proventil - on hold with dispenseRequest and substitution", 
        "externalValue": "https://hl7.org/fhir/STU3/medicationrequest0326.json"
    }, 
    "medrx0327": {
        "summary": "Order using Medication Code for Patch - Fentanyl - active, with dispense request", 
        "description": "Order using Medication Code for Patch - Fentanyl - active, with dispense request", 
        "externalValue": "https://hl7.org/fhir/STU3/medicationrequest0327.json"
    }, 
    "medrx0328": {
        "summary": "Order referencing Medication Resource for Nasal Spray - Nasonex", 
        "description": "Order referencing Medication Resource for Nasal Spray - Nasonex", 
        "externalValue": "https://hl7.org/fhir/STU3/medicationrequest0328.json"
    }, 
    "medrx0329": {
        "summary": "Order referencing Medication Resource for Compounded Product - HC 1%, Salicylic Acid 5% in Glaxal Base - on hold with dispenseRequest", 
        "description": "Order referencing Medication Resource for Compounded Product - HC 1%, Salicylic Acid 5% in Glaxal Base - on hold with dispenseRequest", 
        "externalValue": "https://hl7.org/fhir/STU3/medicationrequest0329.json"
    }, 
    "medrx0330": {
        "summary": "Order referencing Medication Resource for Eye Drops - Timoptic - active - with link to encounter, dispenseRequest and substitution flag", 
        "description": "Order referencing Medication Resource for Eye Drops - Timoptic - active - with link to encounter, dispenseRequest and substitution flag", 
        "externalValue": "https://hl7.org/fhir/STU3/medicationrequest0330.json"
    }, 
    "medrx0331": {
        "summary": "Order for a Dosage that needs to be dispensed as different strength tablets - Warfarin - active", 
        "description": "Order for a Dosage that needs to be dispensed as different strength tablets - Warfarin - active", 
        "externalValue": "https://hl7.org/fhir/STU3/medicationrequest0331.json"
    }, 
    "medrx0332": {
        "summary": "Order for a medication that is intended to be given as a single, once only dose", 
        "description": "Order for a medication that is intended to be given as a single, once only dose", 
        "externalValue": "https://hl7.org/fhir/STU3/medicationrequest0332.json"
    }, 
    "medrx0333": {
        "summary": "Order for a medication that is intended to be given in the morning", 
        "description": "Order for a medication that is intended to be given in the morning", 
        "externalValue": "https://hl7.org/fhir/STU3/medicationrequest0333.json"
    }, 
    "medrx0334": {
        "summary": "Order for a medication that is intended to be given on a specific day", 
        "description": "Order for a medication that is intended to be given on a specific day", 
        "externalValue": "https://hl7.org/fhir/STU3/medicationrequest0334.json"
    }, 
    "medrx0335": {
        "summary": "Order for a medication that is intended to be given at a specific time", 
        "description": "Order for a medication that is intended to be given at a specific time", 
        "externalValue": "https://hl7.org/fhir/STU3/medicationrequest0335.json"
    }
}