{
  "resourceType": "MedicationDispense",
  "id": "meddisp0302",
  "text": {
    "status": "generated",
    "div": "<div xmlns=\"http://www.w3.org/1999/xhtml\"><p><b>Generated Narrative with Details</b></p><p><b>id</b>: meddisp0302</p><p><b>contained</b>: </p><p><b>status</b>: in-progress</p><p><b>medication</b>: Novolog 100u/ml. Generated Summary: id: med0360; Novolog 100u/ml <span>(Details : {http://hl7.org/fhir/sid/ndc code '0169-7501-11' = '0169-7501-11', given as 'Novolog 100u/ml'})</span>; isBrand; Injection solution (qualifier value) <span>(Details : {SNOMED CT code '385219001' = 'Injection solution', given as 'Injection solution (qualifier value)'})</span></p><p><b>subject</b>: <a>Donald Duck</a></p><h3>Performers</h3><table><tr><td>-</td><td><b>Actor</b></td><td><b>OnBehalfOf</b></td></tr><tr><td>*</td><td><a>Practitioner/f006</a></td><td><a>Organization/2.16.840.1.113883.19.5</a></td></tr></table><p><b>authorizingPrescription</b>: <a>MedicationRequest/medrx0321</a></p><p><b>type</b>: Refill - Part Fill <span>(Details : {http://hl7.org/fhir/v3/ActCode code 'RFP' = 'Refill - Part Fill', given as 'Refill - Part Fill'})</span></p><p><b>quantity</b>: 10 ml<span> (Details: UCUM code ml = 'ml')</span></p><p><b>daysSupply</b>: 30 Day<span> (Details: UCUM code d = 'd')</span></p><p><b>whenPrepared</b>: 15/01/2015 10:20:00 AM</p><p><b>whenHandedOver</b>: 15/01/2015 4:20:00 PM</p><p><b>dosageInstruction</b>: , , </p></div>"
  },
  "contained": [
    {
      "resourceType": "Medication",
      "id": "med0360",
      "code": {
        "coding": [
          {
            "system": "http://hl7.org/fhir/sid/ndc",
            "code": "0169-7501-11",
            "display": "Novolog 100u/ml"
          }
        ]
      },
      "isBrand": true,
      "form": {
        "coding": [
          {
            "system": "http://snomed.info/sct",
            "code": "385219001",
            "display": "Injection solution (qualifier value)"
          }
        ]
      },
      "ingredient": [
        {
          "itemCodeableConcept": {
            "coding": [
              {
                "system": "http://snomed.info/sct",
                "code": "325072002",
                "display": "Insulin Aspart (substance)"
              }
            ]
          },
          "amount": {
            "numerator": {
              "value": 100,
              "system": "http://unitsofmeasure.org",
              "code": "U"
            },
            "denominator": {
              "value": 1,
              "system": "http://unitsofmeasure.org",
              "code": "mL"
            }
          }
        }
      ],
      "package": {
        "container": {
          "coding": [
            {
              "system": "http://snomed.info/sct",
              "code": "415818006",
              "display": "Vial"
            }
          ]
        },
        "content": [
          {
            "itemCodeableConcept": {
              "coding": [
                {
                  "system": "http://snomed.info/sct",
                  "code": "325072002",
                  "display": "Insulin Aspart (substance)"
                }
              ]
            },
            "amount": {
              "value": 10,
              "system": "http://unitsofmeasure.org",
              "code": "mL"
            }
          }
        ],
        "batch": [
          {
            "lotNumber": "12345",
            "expirationDate": "2019-10-31"
          }
        ]
      }
    }
  ],
  "status": "in-progress",
  "medicationReference": {
    "reference": "#med0360",
    "display": "Novolog 100u/ml"
  },
  "subject": {
    "reference": "Patient/pat1",
    "display": "Donald Duck"
  },
  "performer": [
    {
      "actor": {
        "reference": "Practitioner/f006"
      },
      "onBehalfOf": {
        "reference": "Organization/2.16.840.1.113883.19.5"
      }
    }
  ],
  "authorizingPrescription": [
    {
      "reference": "MedicationRequest/medrx0321"
    }
  ],
  "type": {
    "coding": [
      {
        "system": "http://hl7.org/fhir/v3/ActCode",
        "code": "RFP",
        "display": "Refill - Part Fill"
      }
    ]
  },
  "quantity": {
    "value": 10,
    "system": "http://unitsofmeasure.org",
    "code": "ml"
  },
  "daysSupply": {
    "value": 30,
    "unit": "Day",
    "system": "http://unitsofmeasure.org",
    "code": "d"
  },
  "whenPrepared": "2015-01-15T10:20:00Z",
  "whenHandedOver": "2015-01-15T16:20:00Z",
  "dosageInstruction": [
    {
      "sequence": 1,
      "text": "Before Breakfast",
      "additionalInstruction": [
        {
          "text": "Check sugar level before taking Novolog"
        }
      ],
      "timing": {
        "repeat": {
          "frequency": 1,
          "period": 1,
          "periodUnit": "d"
        }
      },
      "doseQuantity": {
        "value": 10,
        "unit": "U",
        "system": "http://unitsofmeasure.org",
        "code": "U"
      }
    },
    {
      "sequence": 1,
      "text": "15 units before lunch",
      "additionalInstruction": [
        {
          "text": "Check sugar level before taking Novolog"
        }
      ],
      "timing": {
        "repeat": {
          "frequency": 1,
          "period": 1,
          "periodUnit": "d"
        }
      },
      "doseQuantity": {
        "value": 15,
        "unit": "U",
        "system": "http://unitsofmeasure.org",
        "code": "U"
      }
    },
    {
      "sequence": 1,
      "text": "20 units before dinner",
      "additionalInstruction": [
        {
          "text": "Check sugar level before taking Novolog"
        }
      ],
      "timing": {
        "repeat": {
          "frequency": 1,
          "period": 1,
          "periodUnit": "d"
        }
      },
      "doseQuantity": {
        "value": 20,
        "unit": "U",
        "system": "http://unitsofmeasure.org",
        "code": "U"
      }
    }
  ]
}