{
    "1cbdfb97-5859-48a4-8301-d54eab818d68": {
        "summary": "A typical message header", 
        "description": "A typical message header", 
        "value": {
            "resourceType": "MessageHeader", 
            "id": "1cbdfb97-5859-48a4-8301-d54eab818d68", 
            "text": {
                "status": "generated", 
                "div": "<div xmlns=\"http://www.w3.org/1999/xhtml\">\n      <p>Update Person resource for Peter James CHALMERS (Jim), MRN: 12345 (Acme Healthcare)</p>\n    </div>"
            }, 
            "event": {
                "system": "http://hl7.org/fhir/message-events", 
                "code": "admin-notify"
            }, 
            "destination": [
                {
                    "name": "Acme Message Gateway", 
                    "target": {
                        "reference": "Device/example"
                    }, 
                    "endpoint": "llp:10.11.12.14:5432"
                }
            ], 
            "sender": {
                "reference": "Organization/1"
            }, 
            "timestamp": "2012-01-04T09:10:14Z", 
            "enterer": {
                "reference": "Practitioner/example"
            }, 
            "author": {
                "reference": "Practitioner/example"
            }, 
            "source": {
                "name": "Acme Central Patient Registry", 
                "software": "FooBar Patient Manager", 
                "version": "3.1.45.AABB", 
                "contact": {
                    "system": "phone", 
                    "value": "+1 (555) 123 4567"
                }, 
                "endpoint": "llp:10.11.12.13:5432"
            }, 
            "reason": {
                "coding": [
                    {
                        "system": "http://hl7.org/fhir/message-reasons-encounter", 
                        "code": "admit"
                    }
                ]
            }, 
            "response": {
                "identifier": "5015fe84-8e76-4526-89d8-44b322e8d4fb", 
                "code": "ok"
            }, 
            "focus": [
                {
                    "reference": "Patient/example"
                }
            ]
        }
    }, 
    "10bb101f-a121-4264-a920-67be9cb82c74": {
        "summary": "A request to link two patients", 
        "description": "A request to link two patients", 
        "externalValue": "https://hl7.org/fhir/STU3/message-request-link.json"
    }, 
    "3a0707d3-549e-4467-b8b8-5a2ab3800efe": {
        "summary": "A response to a request to link two patients", 
        "description": "A response to a request to link two patients", 
        "externalValue": "https://hl7.org/fhir/STU3/message-response-link.json"
    }
}