{
    "example": {
        "summary": "A typical message definition", 
        "description": "A typical message definition", 
        "value": {
            "resourceType": "MessageDefinition", 
            "id": "example", 
            "text": {
                "status": "generated", 
                "div": "<div xmlns=\"http://www.w3.org/1999/xhtml\">Message definition base example</div>"
            }, 
            "url": "http://hl7.org/fhir/MessageDefinition/example", 
            "name": "EXAMPLE", 
            "title": "Message definition base example", 
            "status": "draft", 
            "experimental": true, 
            "date": "2016-11-09", 
            "publisher": "Health Level Seven, Int'l", 
            "contact": [
                {
                    "telecom": [
                        {
                            "system": "url", 
                            "value": "http://hl7.org"
                        }
                    ]
                }
            ], 
            "purpose": "Defines a base example for other MessageDefintion instances.", 
            "event": {
                "system": "http://hl7.org/fhir/message-events", 
                "code": "communication-request"
            }, 
            "category": "Notification", 
            "responseRequired": false
        }
    }, 
    "patient-link-notification": {
        "summary": "An example of a patient link notification", 
        "description": "An example of a patient link notification", 
        "externalValue": "https://hl7.org/fhir/STU3/messagedefinition-patient-link-notification.json"
    }, 
    "patient-link-response": {
        "summary": "An example of a patient link response", 
        "description": "An example of a patient link response", 
        "externalValue": "https://hl7.org/fhir/STU3/messagedefinition-patient-link-response.json"
    }
}