{
    "1111": {
        "summary": "Check for responses for a specific Request", 
        "description": "Check for responses for a specific Request", 
        "externalValue": "https://hl7.org/fhir/STU3/processrequest-example-poll-specific.json"
    }, 
    "1112": {
        "summary": "Check for responses for types of resources", 
        "description": "Check for responses for types of resources", 
        "externalValue": "https://hl7.org/fhir/STU3/processrequest-example-poll-inclusive.json"
    }, 
    "1113": {
        "summary": "Check for responses for excluding types of resources", 
        "description": "Check for responses for excluding types of resources", 
        "externalValue": "https://hl7.org/fhir/STU3/processrequest-example-poll-exclusive.json"
    }, 
    "1114": {
        "summary": "Check for Payment Reconciliation", 
        "description": "Check for Payment Reconciliation", 
        "externalValue": "https://hl7.org/fhir/STU3/processrequest-example-poll-payrec.json"
    }, 
    "1115": {
        "summary": "Check for Explanation of Benefit", 
        "description": "Check for Explanation of Benefit", 
        "externalValue": "https://hl7.org/fhir/STU3/processrequest-example-poll-eob.json"
    }, 
    "44654": {
        "summary": "Claim Readjudicate Example", 
        "description": "Claim Readjudicate Example", 
        "externalValue": "https://hl7.org/fhir/STU3/processrequest-example-reprocess.json"
    }, 
    "87654": {
        "summary": "Claim Reversal Example", 
        "description": "Claim Reversal Example", 
        "externalValue": "https://hl7.org/fhir/STU3/processrequest-example-reverse.json"
    }, 
    "87655": {
        "summary": "Claim Status Checking Example", 
        "description": "Claim Status Checking Example", 
        "externalValue": "https://hl7.org/fhir/STU3/processrequest-example-status.json"
    }, 
    "example": {
        "summary": "All Pended Checking Example", 
        "description": "All Pended Checking Example", 
        "value": {
            "resourceType": "ProcessRequest", 
            "id": "1110", 
            "text": {
                "status": "generated", 
                "div": "<div xmlns=\"http://www.w3.org/1999/xhtml\">A human-readable rendering of the Poll ProcessRequest</div>"
            }, 
            "identifier": [
                {
                    "system": "http://happyvalley.com/processrequest", 
                    "value": "110"
                }
            ], 
            "status": "active", 
            "action": "poll", 
            "created": "2014-08-16", 
            "organization": {
                "reference": "Organization/1"
            }
        }
    }
}