{
    "peter": {
        "summary": "RelatedPerson Peter Chalmers", 
        "description": "RelatedPerson Peter Chalmers", 
        "externalValue": "https://hl7.org/fhir/STU3/relatedperson-example-peter.json"
    }, 
    "f001": {
        "summary": "Sarah Abels", 
        "description": "Sarah Abels", 
        "externalValue": "https://hl7.org/fhir/STU3/relatedperson-example-f001-sarah.json"
    }, 
    "f002": {
        "summary": "Ariadne Bor-Jansma", 
        "description": "Ariadne Bor-Jansma", 
        "externalValue": "https://hl7.org/fhir/STU3/relatedperson-example-f002-ariadne.json"
    }, 
    "example": {
        "summary": "RelatedPerson Benedicte du Marche", 
        "description": "RelatedPerson Benedicte du Marche", 
        "value": {
            "resourceType": "RelatedPerson", 
            "id": "benedicte", 
            "text": {
                "status": "generated", 
                "div": "<div xmlns=\"http://www.w3.org/1999/xhtml\">\n      <table>\n        <tbody>\n          <tr>\n            <td>Name</td>\n            <td>B\u00e9n\u00e9dicte du March\u00e9</td>\n          </tr>\n          <tr>\n            <td>Address</td>\n            <td>43, Place du March\u00e9 Sainte Catherine, 75004 Paris, France</td>\n          </tr>\n          <tr>\n            <td>Contacts</td>\n            <td>Phone: +33 (237) 998327</td>\n          </tr>\n        </tbody>\n      </table>\n    </div>"
            }, 
            "identifier": [
                {
                    "use": "usual", 
                    "type": {
                        "text": "INSEE"
                    }, 
                    "system": "urn:oid:1.2.250.1.61", 
                    "value": "272117510400399"
                }
            ], 
            "active": true, 
            "patient": {
                "reference": "Patient/example"
            }, 
            "relationship": {
                "coding": [
                    {
                        "system": "http://hl7.org/fhir/v2/0131", 
                        "code": "N"
                    }, 
                    {
                        "system": "http://hl7.org/fhir/v3/RoleCode", 
                        "code": "WIFE"
                    }
                ]
            }, 
            "name": [
                {
                    "family": "du March\u00e9", 
                    "_family": {
                        "extension": [
                            {
                                "url": "http://hl7.org/fhir/StructureDefinition/humanname-own-prefix", 
                                "valueString": "VV"
                            }
                        ]
                    }, 
                    "given": [
                        "B\u00e9n\u00e9dicte"
                    ]
                }
            ], 
            "telecom": [
                {
                    "system": "phone", 
                    "value": "+33 (237) 998327"
                }
            ], 
            "gender": "female", 
            "address": [
                {
                    "line": [
                        "43, Place du March\u00e9 Sainte Catherine"
                    ], 
                    "city": "Paris", 
                    "postalCode": "75004", 
                    "country": "FRA"
                }
            ], 
            "photo": [
                {
                    "contentType": "image/jpeg", 
                    "url": "Binary/f016"
                }
            ]
        }
    }
}