{
    "prognosis": {
        "summary": "Patient prognosis", 
        "description": "Patient prognosis", 
        "externalValue": "https://hl7.org/fhir/STU3/riskassessment-example-prognosis.json"
    }, 
    "cardiac": {
        "summary": "Cardiac risk assessment", 
        "description": "Cardiac risk assessment", 
        "externalValue": "https://hl7.org/fhir/STU3/riskassessment-example-cardiac.json"
    }, 
    "population": {
        "summary": "Public health population risk assessment", 
        "description": "Public health population risk assessment", 
        "externalValue": "https://hl7.org/fhir/STU3/riskassessment-example-population.json"
    }, 
    "example": {
        "summary": "Genetic risk assessment", 
        "description": "Genetic risk assessment", 
        "value": {
            "resourceType": "RiskAssessment", 
            "id": "genetic", 
            "text": {
                "status": "generated", 
                "div": "<div xmlns=\"http://www.w3.org/1999/xhtml\">\n      <p>Probability of developing breast cancer before the age indicated:</p>\n      <table>\n        <thead>\n          <tr>\n            <th>Age</th>\n            <th>Probability (%)</th>\n          </tr>\n        </thead>\n        <tbody>\n          <tr>\n            <td>current-53</td>\n            <td>0.0168</td>\n          </tr>\n          <tr>\n            <td>54-57</td>\n            <td>0.0368</td>\n          </tr>\n          <tr>\n            <td>58-62</td>\n            <td>0.0594</td>\n          </tr>\n          <tr>\n            <td>63-67</td>\n            <td>0.0838</td>\n          </tr>\n          <tr>\n            <td>68-72</td>\n            <td>0.1089</td>\n          </tr>\n          <tr>\n            <td>73-77</td>\n            <td>0.1327</td>\n          </tr>\n          <tr>\n            <td>78-82</td>\n            <td>0.1530</td>\n          </tr>\n          <tr>\n            <td>83-87</td>\n            <td>0.1663</td>\n          </tr>\n        </tbody>\n      </table>\n    </div>"
            }, 
            "status": "final", 
            "method": {
                "coding": [
                    {
                        "code": "BRCAPRO"
                    }
                ]
            }, 
            "occurrenceDateTime": "2006-01-13T23:01:00Z", 
            "basis": [
                {
                    "reference": "List/prognosis"
                }
            ], 
            "prediction": [
                {
                    "outcome": {
                        "text": "Breast Cancer"
                    }, 
                    "probabilityDecimal": 0.000168, 
                    "whenRange": {
                        "high": {
                            "value": 53, 
                            "unit": "years", 
                            "system": "http://unitsofmeasure.org", 
                            "code": "a"
                        }
                    }
                }, 
                {
                    "outcome": {
                        "text": "Breast Cancer"
                    }, 
                    "probabilityDecimal": 0.000368, 
                    "whenRange": {
                        "low": {
                            "value": 54, 
                            "unit": "years", 
                            "system": "http://unitsofmeasure.org", 
                            "code": "a"
                        }, 
                        "high": {
                            "value": 57, 
                            "unit": "years", 
                            "system": "http://unitsofmeasure.org", 
                            "code": "a"
                        }
                    }
                }, 
                {
                    "outcome": {
                        "text": "Breast Cancer"
                    }, 
                    "probabilityDecimal": 0.000594, 
                    "whenRange": {
                        "low": {
                            "value": 58, 
                            "unit": "years", 
                            "system": "http://unitsofmeasure.org", 
                            "code": "a"
                        }, 
                        "high": {
                            "value": 62, 
                            "unit": "years", 
                            "system": "http://unitsofmeasure.org", 
                            "code": "a"
                        }
                    }
                }, 
                {
                    "outcome": {
                        "text": "Breast Cancer"
                    }, 
                    "probabilityDecimal": 0.000838, 
                    "whenRange": {
                        "low": {
                            "value": 63, 
                            "unit": "years", 
                            "system": "http://unitsofmeasure.org", 
                            "code": "a"
                        }, 
                        "high": {
                            "value": 67, 
                            "unit": "years", 
                            "system": "http://unitsofmeasure.org", 
                            "code": "a"
                        }
                    }
                }, 
                {
                    "outcome": {
                        "text": "Breast Cancer"
                    }, 
                    "probabilityDecimal": 0.001089, 
                    "whenRange": {
                        "low": {
                            "value": 68, 
                            "unit": "years", 
                            "system": "http://unitsofmeasure.org", 
                            "code": "a"
                        }, 
                        "high": {
                            "value": 72, 
                            "unit": "years", 
                            "system": "http://unitsofmeasure.org", 
                            "code": "a"
                        }
                    }
                }, 
                {
                    "outcome": {
                        "text": "Breast Cancer"
                    }, 
                    "probabilityDecimal": 0.001327, 
                    "whenRange": {
                        "low": {
                            "value": 73, 
                            "unit": "years", 
                            "system": "http://unitsofmeasure.org", 
                            "code": "a"
                        }, 
                        "high": {
                            "value": 77, 
                            "unit": "years", 
                            "system": "http://unitsofmeasure.org", 
                            "code": "a"
                        }
                    }
                }, 
                {
                    "outcome": {
                        "text": "Breast Cancer"
                    }, 
                    "probabilityDecimal": 0.00153, 
                    "whenRange": {
                        "low": {
                            "value": 78, 
                            "unit": "years", 
                            "system": "http://unitsofmeasure.org", 
                            "code": "a"
                        }, 
                        "high": {
                            "value": 82, 
                            "unit": "years", 
                            "system": "http://unitsofmeasure.org", 
                            "code": "a"
                        }
                    }
                }, 
                {
                    "outcome": {
                        "text": "Breast Cancer"
                    }, 
                    "probabilityDecimal": 0.001663, 
                    "whenRange": {
                        "low": {
                            "value": 83, 
                            "unit": "years", 
                            "system": "http://unitsofmeasure.org", 
                            "code": "a"
                        }, 
                        "high": {
                            "value": 88, 
                            "unit": "years", 
                            "system": "http://unitsofmeasure.org", 
                            "code": "a"
                        }
                    }
                }
            ], 
            "comment": "High degree of certainty"
        }
    }
}