{
    "example": {
        "summary": "Assessment Example", 
        "description": "Assessment Example", 
        "value": {
            "resourceType": "ServiceDefinition", 
            "id": "example", 
            "text": {
                "status": "generated", 
                "div": "<div xmlns=\"http://www.w3.org/1999/xhtml\">\n         <table class=\"grid dict\">\n            <tr>\n               <td>\n                  <b>Id: </b>\n               </td>\n            </tr>\n            <tr>\n               <td style=\"padding-left: 25px; padding-right: 25px;\">ServiceDefinition/example</td>\n            </tr>\n         </table>\n         <p/>\n         <table class=\"grid dict\">\n            <tr>\n               <td>\n                  <b>Identifier: </b>\n               </td>\n            </tr>\n            <tr>\n               <td style=\"padding-left: 25px; padding-right: 25px;\">\n                  <b>value: </b>\n                  <span>guildeline-appropriate-ordering</span>\n               </td>\n            </tr>\n         </table>\n         <p/>\n         <table class=\"grid dict\">\n            <tr>\n               <td>\n                  <b>Title: </b>\n               </td>\n            </tr>\n            <tr>\n               <td style=\"padding-left: 25px; padding-right: 25px;\">Guideline Appropriate Ordering Module</td>\n            </tr>\n         </table>\n         <p/>\n         <table class=\"grid dict\">\n            <tr>\n               <td>\n                  <b>Status: </b>\n               </td>\n            </tr>\n            <tr>\n               <td style=\"padding-left: 25px; padding-right: 25px;\">draft</td>\n            </tr>\n         </table>\n         <p/>\n         <table class=\"grid dict\">\n            <tr>\n               <td>\n                  <b>Description: </b>\n               </td>\n            </tr>\n            <tr>\n               <td style=\"padding-left: 25px; padding-right: 25px;\">Guideline appropriate ordering is used to assess appropriateness of an order given a patient, a proposed order, and a set of clinical indications.</td>\n            </tr>\n         </table>\n         <p/>\n         <table class=\"grid dict\">\n            <tr>\n               <td>\n                  <b>Topic: </b>\n               </td>\n            </tr>\n            <tr>\n               <td style=\"padding-right: 25px;\">\n                  <span style=\"padding-left: 25px;\">\n                     <b>text: </b>\n                     <span>Guideline Appropriate Ordering</span>\n                     <br/>\n                  </span>\n               </td>\n            </tr>\n         </table>\n         <table class=\"grid dict\">\n            <tr>\n               <td>\n                  <b>Topic: </b>\n               </td>\n            </tr>\n            <tr>\n               <td style=\"padding-right: 25px;\">\n                  <span style=\"padding-left: 25px;\">\n                     <b>text: </b>\n                     <span>Appropriate Use Criteria</span>\n                     <br/>\n                  </span>\n               </td>\n            </tr>\n         </table>\n      </div>"
            }, 
            "identifier": [
                {
                    "use": "official", 
                    "value": "guildeline-appropriate-ordering"
                }
            ], 
            "version": "1.0.0", 
            "title": "Guideline Appropriate Ordering Module", 
            "status": "draft", 
            "date": "2015-07-22", 
            "description": "Guideline appropriate ordering is used to assess appropriateness of an order given a patient, a proposed order, and a set of clinical indications.", 
            "topic": [
                {
                    "text": "Guideline Appropriate Ordering"
                }, 
                {
                    "text": "Appropriate Use Criteria"
                }
            ]
        }
    }, 
    "infobutton": {
        "summary": "InfoButton Module Example", 
        "description": "InfoButton Module Example", 
        "externalValue": "https://hl7.org/fhir/STU3/servicedefinition-infobutton.json"
    }
}