{
    "33124": {
        "summary": "General Contacts Example", 
        "description": "General Contacts Example", 
        "externalValue": "https://hl7.org/fhir/STU3/visionprescription-example-1.json"
    }, 
    "example": {
        "summary": "General Glasses Example", 
        "description": "General Glasses Example", 
        "value": {
            "resourceType": "VisionPrescription", 
            "id": "33123", 
            "text": {
                "status": "generated", 
                "div": "<div xmlns=\"http://www.w3.org/1999/xhtml\">\n\t  <p>OD -2.00 SPH         +2.00 add    0.5 p.d. BD</p>\n      <p>OS -1.00 -0.50 x 180 +2.00 add    0.5 p.d. BU</p>\n    </div>"
            }, 
            "identifier": [
                {
                    "system": "http://www.happysight.com/prescription", 
                    "value": "15013"
                }
            ], 
            "status": "active", 
            "patient": {
                "reference": "Patient/example"
            }, 
            "dateWritten": "2014-06-15", 
            "prescriber": {
                "reference": "Practitioner/example"
            }, 
            "dispense": [
                {
                    "product": {
                        "coding": [
                            {
                                "system": "http://hl7.org/fhir/ex-visionprescriptionproduct", 
                                "code": "lens"
                            }
                        ]
                    }, 
                    "eye": "right", 
                    "sphere": -2.0, 
                    "prism": 0.5, 
                    "base": "down", 
                    "add": 2.0
                }, 
                {
                    "product": {
                        "coding": [
                            {
                                "system": "http://hl7.org/fhir/ex-visionprescriptionproduct", 
                                "code": "lens"
                            }
                        ]
                    }, 
                    "eye": "left", 
                    "sphere": -1.0, 
                    "cylinder": -0.5, 
                    "axis": 180, 
                    "prism": 0.5, 
                    "base": "up", 
                    "add": 2.0
                }
            ]
        }
    }
}